Step,Node,Series,ElapsedTime,EpochTime,CPUFrequency,CPUTime,CPUUtilization,RSS,VMSize,Pages,ReadMB,WriteMB
-4,r8937440-n43543,0,0,1623532271,1048,0,0,2204,168348,0,0,0
-4,r8937440-n43543,0,10,1623532281,1048,0,0,780,7776,0,0.001858,0.002243
-4,r8937440-n43543,0,20,1623532291,1048,0,0,780,7776,0,0,0
-4,r8937440-n43543,0,30,1623532301,1048,0,0,780,7776,0,0,0
-4,r8937440-n43543,0,40,1623532311,1048,0,0,780,7776,0,0,0
-4,r8937440-n43543,0,50,1623532321,1048,0,0,780,7776,0,0,0
-4,r8937440-n43543,0,60,1623532331,1048,0,0,780,7776,0,0,0
-4,r8937440-n43543,0,70,1623532341,1048,0,0,780,7776,0,0,0
-4,r8937440-n43543,0,80,1623532351,1048,0,0,780,7776,0,0,0
-4,r8937440-n43543,0,90,1623532361,1048,0,0,780,7776,0,0,0
-4,r8937440-n43543,0,100,1623532371,1048,0,0,780,7776,0,0,0
-4,r8937440-n43543,0,110,1623532381,1048,0,0,780,7776,0,0,0
-4,r8937440-n43543,0,120,1623532391,1048,0,0,780,7776,0,0,0
-4,r8937440-n43543,0,130,1623532401,1048,0,0,780,7776,0,0,0
-4,r8937440-n43543,0,140,1623532411,1048,0,0,780,7776,0,0,0
-4,r8937440-n43543,0,150,1623532421,1048,0,0,780,7776,0,0,0
-4,r8937440-n43543,0,160,1623532431,1048,0,0,780,7776,0,0,0
-4,r8937440-n43543,0,170,1623532441,1048,0,0,780,7776,0,0,0
-4,r8937440-n43543,0,180,1623532451,1048,0,0,780,7776,0,0,0
-4,r8937440-n43543,0,190,1623532461,1048,0,0,780,7776,0,0,0
-4,r8937440-n43543,0,200,1623532471,1048,0,0,780,7776,0,0,0
-4,r8937440-n43543,0,210,1623532481,1048,0,0,780,7776,0,0,0
-4,r8937440-n43543,0,220,1623532491,1048,0,0,780,7776,0,0,0
-4,r8937440-n43543,0,230,1623532501,1048,0,0,780,7776,0,0,0
-4,r8937440-n43543,0,240,1623532511,1048,0,0,780,7776,0,0,0
-4,r8937440-n43543,0,250,1623532521,1048,0,0,780,7776,0,0,0
-4,r8937440-n43543,0,260,1623532531,1048,0,0,780,7776,0,0,0
-4,r8937440-n43543,0,270,1623532541,1048,0,0,780,7776,0,0,0
-4,r8937440-n43543,0,280,1623532551,1048,0,0,780,7776,0,0,0
-4,r8937440-n43543,0,290,1623532561,1048,0,0,780,7776,0,0,0
-4,r8937440-n43543,0,300,1623532571,1048,0,0,780,7776,0,0,0
-4,r8937440-n43543,0,310,1623532581,1048,0,0,780,7776,0,0,0
-4,r8937440-n43543,0,320,1623532591,1048,0,0,780,7776,0,0,0
-4,r8937440-n43543,0,330,1623532601,1048,0,0,780,7776,0,0,0
-4,r8937440-n43543,0,340,1623532611,1048,0,0,780,7776,0,0,0
-4,r8937440-n43543,0,350,1623532621,1048,0,0,780,7776,0,0,0
-4,r8937440-n43543,0,360,1623532631,1048,0,0,780,7776,0,0,0
-4,r8937440-n43543,0,370,1623532641,1048,0,0,780,7776,0,0,0
-4,r8937440-n43543,0,380,1623532651,1048,0,0,780,7776,0,0,0
-4,r8937440-n43543,0,390,1623532661,1048,0,0,780,7776,0,0,0
-4,r8937440-n43543,0,400,1623532671,1048,0,0,780,7776,0,0,0
-4,r8937440-n43543,0,410,1623532681,1048,0,0,780,7776,0,0,0
-4,r8937440-n43543,0,420,1623532691,1048,0,0,780,7776,0,0,0
-4,r8937440-n43543,0,430,1623532701,1048,0,0,780,7776,0,0,0
-4,r8937440-n43543,0,440,1623532711,1048,0,0,780,7776,0,0,0
-4,r8937440-n43543,0,450,1623532721,1048,0,0,780,7776,0,0,0
-4,r8937440-n43543,0,460,1623532731,1048,0,0,780,7776,0,0,0
-4,r8937440-n43543,0,470,1623532741,1048,0,0,780,7776,0,0,0
-4,r8937440-n43543,0,480,1623532751,1048,0,0,780,7776,0,0,0
-4,r8937440-n43543,0,490,1623532761,1048,0,0,780,7776,0,0,0
-4,r8937440-n43543,0,500,1623532771,1048,0,0,780,7776,0,0,0
-4,r8937440-n43543,0,510,1623532781,1048,0,0,780,7776,0,0,0
-4,r8937440-n43543,0,520,1623532791,1048,0,0,780,7776,0,0,0
-4,r8937440-n43543,0,530,1623532801,1048,0,0,780,7776,0,0,0
-4,r8937440-n43543,0,540,1623532811,1048,0,0,780,7776,0,0,0
-4,r8937440-n43543,0,550,1623532821,1048,0,0,780,7776,0,0,0
-4,r8937440-n43543,0,560,1623532831,1048,0,0,780,7776,0,0,0
-4,r8937440-n43543,0,570,1623532841,1048,0,0,780,7776,0,0,0
-4,r8937440-n43543,0,580,1623532851,1048,0,0,780,7776,0,0,0
-4,r8937440-n43543,0,590,1623532861,1048,0,0,780,7776,0,0,0
-4,r8937440-n43543,0,600,1623532871,1048,0,0,780,7776,0,0,0
-4,r8937440-n43543,0,610,1623532881,1048,0,0,780,7776,0,0,0
-4,r8937440-n43543,0,620,1623532891,1048,0,0,780,7776,0,0,0
-4,r8937440-n43543,0,630,1623532901,1048,0,0,780,7776,0,0,0
-4,r8937440-n43543,0,640,1623532911,1048,0,0,780,7776,0,0,0
-4,r8937440-n43543,0,650,1623532921,1048,0,0,780,7776,0,0,0
-4,r8937440-n43543,0,660,1623532931,1048,0,0,780,7776,0,0,0
-4,r8937440-n43543,0,670,1623532941,1048,0,0,780,7776,0,0,0
-4,r8937440-n43543,0,680,1623532951,1048,0,0,780,7776,0,0,0
-4,r8937440-n43543,0,690,1623532961,1048,0,0,780,7776,0,0,0
-4,r8937440-n43543,0,700,1623532971,1048,0,0,780,7776,0,0,0
-4,r8937440-n43543,0,710,1623532981,1048,0,0,780,7776,0,0,0
-4,r8937440-n43543,0,720,1623532991,1048,0,0,780,7776,0,0,0
-4,r8937440-n43543,0,730,1623533001,1048,0,0,780,7776,0,0,0
-4,r8937440-n43543,0,740,1623533011,1048,0,0,780,7776,0,0,0
-4,r8937440-n43543,0,750,1623533021,1048,0,0,780,7776,0,0,0
-4,r8937440-n43543,0,760,1623533031,1048,0,0,780,7776,0,0,0
-4,r8937440-n43543,0,770,1623533041,1048,0,0,780,7776,0,0,0
-4,r8937440-n43543,0,780,1623533051,1048,0,0,780,7776,0,0,0
-4,r8937440-n43543,0,790,1623533061,1048,0,0,780,7776,0,0,0
-4,r8937440-n43543,0,800,1623533071,1048,0,0,780,7776,0,0,0
-4,r8937440-n43543,0,810,1623533081,1048,0,0,780,7776,0,0,0
-4,r8937440-n43543,0,820,1623533091,1048,0,0,780,7776,0,0,0
-4,r8937440-n43543,0,830,1623533101,1048,0,0,780,7776,0,0,0
-4,r8937440-n43543,0,840,1623533111,1048,0,0,780,7776,0,0,0
-4,r8937440-n43543,0,850,1623533121,1048,0,0,780,7776,0,0,0
-4,r8937440-n43543,0,860,1623533131,1048,0,0,780,7776,0,0,0
-4,r8937440-n43543,0,870,1623533141,1048,0,0,780,7776,0,0,0
-4,r8937440-n43543,0,880,1623533151,1048,0,0,780,7776,0,0,0
-4,r8937440-n43543,0,890,1623533161,1048,0,0,780,7776,0,0,0
-4,r8937440-n43543,0,900,1623533171,1048,0,0,780,7776,0,0,0
-4,r8937440-n43543,0,910,1623533181,1048,0,0,780,7776,0,0,0
-4,r8937440-n43543,0,920,1623533191,1048,0,0,780,7776,0,0,0
-4,r8937440-n43543,0,930,1623533201,1048,0,0,780,7776,0,0,0
-4,r8937440-n43543,0,940,1623533211,1048,0,0,780,7776,0,0,0
-4,r8937440-n43543,0,950,1623533221,1048,0,0,780,7776,0,0,0
-4,r8937440-n43543,0,960,1623533231,1048,0,0,780,7776,0,0,0
-4,r8937440-n43543,0,970,1623533241,1048,0,0,780,7776,0,0,0
-4,r8937440-n43543,0,980,1623533251,1048,0,0,780,7776,0,0,0
-4,r8937440-n43543,0,990,1623533261,1048,0,0,780,7776,0,0,0
-4,r8937440-n43543,0,1000,1623533271,1048,0,0,780,7776,0,0,0
-4,r8937440-n43543,0,1010,1623533281,1048,0,0,780,7776,0,0,0
-4,r8937440-n43543,0,1020,1623533291,1048,0,0,780,7776,0,0,0
-4,r8937440-n43543,0,1030,1623533301,1048,0,0,780,7776,0,0,0
-4,r8937440-n43543,0,1040,1623533311,1048,0,0,780,7776,0,0,0
-4,r8937440-n43543,0,1050,1623533321,1048,0,0,780,7776,0,0,0
-4,r8937440-n43543,0,1060,1623533331,1048,0,0,780,7776,0,0,0
-4,r8937440-n43543,0,1070,1623533341,1048,0,0,780,7776,0,0,0
-4,r8937440-n43543,0,1080,1623533351,1048,0,0,780,7776,0,0,0
-4,r8937440-n43543,0,1090,1623533361,1048,0,0,780,7776,0,0,0
-4,r8937440-n43543,0,1100,1623533371,1048,0,0,780,7776,0,0,0
-4,r8937440-n43543,0,1110,1623533381,1048,0,0,780,7776,0,0,0
-4,r8937440-n43543,0,1120,1623533391,1048,0,0,780,7776,0,0,0
-4,r8937440-n43543,0,1130,1623533401,1048,0,0,780,7776,0,0,0
-4,r8937440-n43543,0,1140,1623533411,1048,0,0,780,7776,0,0,0
-4,r8937440-n43543,0,1150,1623533421,1048,0,0,780,7776,0,0,0
-4,r8937440-n43543,0,1160,1623533431,1048,0,0,780,7776,0,0,0
-4,r8937440-n43543,0,1170,1623533441,1048,0,0,780,7776,0,0,0
-4,r8937440-n43543,0,1180,1623533451,1048,0,0,780,7776,0,0,0
-4,r8937440-n43543,0,1190,1623533461,1048,0,0,780,7776,0,0,0
-4,r8937440-n43543,0,1200,1623533471,1048,0,0,780,7776,0,0,0
-4,r8937440-n43543,0,1210,1623533481,1048,0,0,780,7776,0,0,0
-4,r8937440-n43543,0,1220,1623533491,1048,0,0,780,7776,0,0,0
-4,r8937440-n43543,0,1230,1623533501,1048,0,0,780,7776,0,0,0
-4,r8937440-n43543,0,1240,1623533511,1048,0,0,780,7776,0,0,0
-4,r8937440-n43543,0,1250,1623533521,1048,0,0,780,7776,0,0,0
-4,r8937440-n43543,0,1260,1623533531,1048,0,0,780,7776,0,0,0
-4,r8937440-n43543,0,1270,1623533541,1048,0,0,780,7776,0,0,0
-4,r8937440-n43543,0,1280,1623533551,1048,0,0,780,7776,0,0,0
-4,r8937440-n43543,0,1290,1623533561,1048,0,0,780,7776,0,0,0
-4,r8937440-n43543,0,1300,1623533571,1048,0,0,780,7776,0,0,0
-4,r8937440-n43543,0,1310,1623533581,1048,0,0,780,7776,0,0,0
-4,r8937440-n43543,0,1320,1623533591,1048,0,0,780,7776,0,0,0
-4,r8937440-n43543,0,1330,1623533601,1048,0,0,780,7776,0,0,0
-4,r8937440-n43543,0,1340,1623533611,1048,0,0,780,7776,0,0,0
-4,r8937440-n43543,0,1350,1623533621,1048,0,0,780,7776,0,0,0
-4,r8937440-n43543,0,1360,1623533631,1048,0,0,780,7776,0,0,0
-4,r8937440-n43543,0,1370,1623533641,1048,0,0,780,7776,0,0,0
-4,r8937440-n43543,0,1380,1623533651,1048,0,0,780,7776,0,0,0
-4,r8937440-n43543,0,1390,1623533661,1048,0,0,780,7776,0,0,0
-4,r8937440-n43543,0,1400,1623533671,1048,0,0,780,7776,0,0,0
-4,r8937440-n43543,0,1410,1623533681,1048,0,0,780,7776,0,0,0
-4,r8937440-n43543,0,1420,1623533691,1048,0,0,780,7776,0,0,0
-4,r8937440-n43543,0,1430,1623533701,1048,0,0,780,7776,0,0,0
-4,r8937440-n43543,0,1440,1623533711,1048,0,0,780,7776,0,0,0
-4,r8937440-n43543,0,1450,1623533721,1048,0,0,780,7776,0,0,0
-4,r8937440-n43543,0,1460,1623533731,1048,0,0,780,7776,0,0,0
-4,r8937440-n43543,0,1470,1623533741,1048,0,0,780,7776,0,0,0
-4,r8937440-n43543,0,1480,1623533751,1048,0,0,780,7776,0,0,0
-4,r8937440-n43543,0,1490,1623533761,1048,0,0,780,7776,0,0,0
-4,r8937440-n43543,0,1500,1623533771,1048,0,0,780,7776,0,0,0
-4,r8937440-n43543,0,1510,1623533781,1048,0,0,780,7776,0,0,0
-4,r8937440-n43543,0,1520,1623533791,1048,0,0,780,7776,0,0,0
-4,r8937440-n43543,0,1530,1623533801,1048,0,0,780,7776,0,0,0
-4,r8937440-n43543,0,1540,1623533811,1048,0,0,780,7776,0,0,0
-4,r8937440-n43543,0,1550,1623533821,1048,0,0,780,7776,0,0,0
-4,r8937440-n43543,0,1560,1623533831,1048,0,0,780,7776,0,0,0
-4,r8937440-n43543,0,1570,1623533841,1048,0,0,780,7776,0,0,0
-4,r8937440-n43543,0,1580,1623533851,1048,0,0,780,7776,0,0,0
-4,r8937440-n43543,0,1590,1623533861,1048,0,0,780,7776,0,0,0
-4,r8937440-n43543,0,1600,1623533871,1048,0,0,780,7776,0,0,0
-4,r8937440-n43543,0,1610,1623533881,1048,0,0,780,7776,0,0,0
-4,r8937440-n43543,0,1620,1623533891,1048,0,0,780,7776,0,0,0
-4,r8937440-n43543,0,1630,1623533901,1048,0,0,780,7776,0,0,0
-4,r8937440-n43543,0,1640,1623533911,1048,0,0,780,7776,0,0,0
-4,r8937440-n43543,0,1650,1623533921,1048,0,0,780,7776,0,0,0
-4,r8937440-n43543,0,1660,1623533931,1048,0,0,780,7776,0,0,0
-4,r8937440-n43543,0,1670,1623533941,1048,0,0,780,7776,0,0,0
-4,r8937440-n43543,0,1680,1623533951,1048,0,0,780,7776,0,0,0
-4,r8937440-n43543,0,1690,1623533961,1048,0,0,780,7776,0,0,0
-4,r8937440-n43543,0,1700,1623533971,1048,0,0,780,7776,0,0,0
-4,r8937440-n43543,0,1710,1623533981,1048,0,0,780,7776,0,0,0
-4,r8937440-n43543,0,1720,1623533991,1048,0,0,780,7776,0,0,0
-4,r8937440-n43543,0,1730,1623534001,1048,0,0,780,7776,0,0,0
-4,r8937440-n43543,0,1740,1623534011,1048,0,0,780,7776,0,0,0
-4,r8937440-n43543,0,1750,1623534021,1048,0,0,780,7776,0,0,0
-4,r8937440-n43543,0,1760,1623534031,1048,0,0,780,7776,0,0,0
-4,r8937440-n43543,0,1770,1623534041,1048,0,0,780,7776,0,0,0
-4,r8937440-n43543,0,1780,1623534051,1048,0,0,780,7776,0,0,0
-4,r8937440-n43543,0,1790,1623534061,1048,0,0,780,7776,0,0,0
-4,r8937440-n43543,0,1800,1623534071,1048,0,0,780,7776,0,0,0
-4,r8937440-n43543,0,1810,1623534081,1048,0,0,780,7776,0,0,0
-4,r8937440-n43543,0,1820,1623534091,1048,0,0,780,7776,0,0,0
-4,r8937440-n43543,0,1830,1623534101,1048,0,0,780,7776,0,0,0
-4,r8937440-n43543,0,1840,1623534111,1048,0,0,780,7776,0,0,0
-4,r8937440-n43543,0,1850,1623534121,1048,0,0,780,7776,0,0,0
-4,r8937440-n43543,0,1860,1623534131,1048,0,0,780,7776,0,0,0
-4,r8937440-n43543,0,1870,1623534141,1048,0,0,780,7776,0,0,0
-4,r8937440-n43543,0,1880,1623534151,1048,0,0,780,7776,0,0,0
-4,r8937440-n43543,0,1890,1623534161,1048,0,0,780,7776,0,0,0
-4,r8937440-n43543,0,1900,1623534171,1048,0,0,780,7776,0,0,0
-4,r8937440-n43543,0,1910,1623534181,1048,0,0,780,7776,0,0,0
-4,r8937440-n43543,0,1920,1623534191,1048,0,0,780,7776,0,0,0
-4,r8937440-n43543,0,1930,1623534201,1048,0,0,780,7776,0,0,0
-4,r8937440-n43543,0,1940,1623534211,1048,0,0,780,7776,0,0,0
-4,r8937440-n43543,0,1950,1623534221,1048,0,0,780,7776,0,0,0
-4,r8937440-n43543,0,1960,1623534231,1048,0,0,780,7776,0,0,0
-4,r8937440-n43543,0,1970,1623534241,1048,0,0,780,7776,0,0,0
-4,r8937440-n43543,0,1980,1623534251,1048,0,0,780,7776,0,0,0
-4,r8937440-n43543,0,1990,1623534261,1048,0,0,780,7776,0,0,0
-4,r8937440-n43543,0,2000,1623534271,1048,0,0,780,7776,0,0,0
-4,r8937440-n43543,0,2010,1623534281,1048,0,0,780,7776,0,0,0
-4,r8937440-n43543,0,2020,1623534291,1048,0,0,780,7776,0,0,0
-4,r8937440-n43543,0,2030,1623534301,1048,0,0,780,7776,0,0,0
-4,r8937440-n43543,0,2040,1623534311,1048,0,0,780,7776,0,0,0
-4,r8937440-n43543,0,2050,1623534321,1048,0,0,780,7776,0,0,0
-4,r8937440-n43543,0,2060,1623534331,1048,0,0,780,7776,0,0,0
-4,r8937440-n43543,0,2070,1623534341,1048,0,0,780,7776,0,0,0
-4,r8937440-n43543,0,2080,1623534351,1048,0,0,780,7776,0,0,0
-4,r8937440-n43543,0,2090,1623534361,1048,0,0,780,7776,0,0,0
-4,r8937440-n43543,0,2100,1623534371,1048,0,0,780,7776,0,0,0
-4,r8937440-n43543,0,2110,1623534381,1048,0,0,780,7776,0,0,0
-4,r8937440-n43543,0,2120,1623534391,1048,0,0,780,7776,0,0,0
-4,r8937440-n43543,0,2130,1623534401,1048,0,0,780,7776,0,0,0
-4,r8937440-n43543,0,2140,1623534411,1048,0,0,780,7776,0,0,0
-4,r8937440-n43543,0,2150,1623534421,1048,0,0,780,7776,0,0,0
-4,r8937440-n43543,0,2160,1623534431,1048,0,0,780,7776,0,0,0
-4,r8937440-n43543,0,2170,1623534441,1048,0,0,780,7776,0,0,0
-4,r8937440-n43543,0,2180,1623534451,1048,0,0,780,7776,0,0,0
-4,r8937440-n43543,0,2190,1623534461,1048,0,0,780,7776,0,0,0
-4,r8937440-n43543,0,2200,1623534471,1048,0,0,780,7776,0,0,0
-4,r8937440-n43543,0,2210,1623534481,1048,0,0,780,7776,0,0,0
-4,r8937440-n43543,0,2220,1623534491,1048,0,0,780,7776,0,0,0
-4,r8937440-n43543,0,2230,1623534501,1048,0,0,780,7776,0,0,0
-4,r8937440-n43543,0,2240,1623534511,1048,0,0,780,7776,0,0,0
-4,r8937440-n43543,0,2250,1623534521,1048,0,0,780,7776,0,0,0
-4,r8937440-n43543,0,2260,1623534531,1048,0,0,780,7776,0,0,0
-4,r8937440-n43543,0,2270,1623534541,1048,0,0,780,7776,0,0,0
-4,r8937440-n43543,0,2280,1623534551,1048,0,0,780,7776,0,0,0
-4,r8937440-n43543,0,2290,1623534561,1048,0,0,780,7776,0,0,0
-4,r8937440-n43543,0,2300,1623534571,1048,0,0,780,7776,0,0,0
-4,r8937440-n43543,0,2310,1623534581,1048,0,0,780,7776,0,0,0
-4,r8937440-n43543,0,2320,1623534591,1048,0,0,780,7776,0,0,0
-4,r8937440-n43543,0,2330,1623534601,1048,0,0,780,7776,0,0,0
-4,r8937440-n43543,0,2340,1623534611,1048,0,0,780,7776,0,0,0
-4,r8937440-n43543,0,2350,1623534621,1048,0,0,780,7776,0,0,0
-4,r8937440-n43543,0,2360,1623534631,1048,0,0,780,7776,0,0,0
-4,r8937440-n43543,0,2370,1623534641,1048,0,0,780,7776,0,0,0
-4,r8937440-n43543,0,2380,1623534651,1048,0,0,780,7776,0,0,0
-4,r8937440-n43543,0,2390,1623534661,1048,0,0,780,7776,0,0,0
-4,r8937440-n43543,0,2400,1623534671,1048,0,0,780,7776,0,0,0
-4,r8937440-n43543,0,2410,1623534681,1048,0,0,780,7776,0,0,0
-4,r8937440-n43543,0,2420,1623534691,1048,0,0,780,7776,0,0,0
-4,r8937440-n43543,0,2430,1623534701,1048,0,0,780,7776,0,0,0
-4,r8937440-n43543,0,2440,1623534711,1048,0,0,780,7776,0,0,0
-4,r8937440-n43543,0,2450,1623534721,1048,0,0,780,7776,0,0,0
-4,r8937440-n43543,0,2460,1623534731,1048,0,0,780,7776,0,0,0
-4,r8937440-n43543,0,2470,1623534741,1048,0,0,780,7776,0,0,0
-4,r8937440-n43543,0,2480,1623534751,1048,0,0,780,7776,0,0,0
-4,r8937440-n43543,0,2490,1623534761,1048,0,0,780,7776,0,0,0
-4,r8937440-n43543,0,2500,1623534771,1048,0,0,780,7776,0,0,0
-4,r8937440-n43543,0,2510,1623534781,1048,0,0,780,7776,0,0,0
-4,r8937440-n43543,0,2520,1623534791,1048,0,0,780,7776,0,0,0
-4,r8937440-n43543,0,2530,1623534801,1048,0,0,780,7776,0,0,0
-4,r8937440-n43543,0,2540,1623534811,1048,0,0,780,7776,0,0,0
-4,r8937440-n43543,0,2550,1623534821,1048,0,0,780,7776,0,0,0
-4,r8937440-n43543,0,2560,1623534831,1048,0,0,780,7776,0,0,0
-4,r8937440-n43543,0,2570,1623534841,1048,0,0,780,7776,0,0,0
-4,r8937440-n43543,0,2580,1623534851,1048,0,0,780,7776,0,0,0
-4,r8937440-n43543,0,2590,1623534861,1048,0,0,780,7776,0,0,0
-4,r8937440-n43543,0,2600,1623534871,1048,0,0,780,7776,0,0,0
-4,r8937440-n43543,0,2610,1623534881,1048,0,0,780,7776,0,0,0
-4,r8937440-n43543,0,2620,1623534891,1048,0,0,780,7776,0,0,0
-4,r8937440-n43543,0,2630,1623534901,1048,0,0,780,7776,0,0,0
-4,r8937440-n43543,0,2640,1623534911,1048,0,0,780,7776,0,0,0
-4,r8937440-n43543,0,2650,1623534921,1048,0,0,780,7776,0,0,0
-4,r8937440-n43543,0,2660,1623534931,1048,0,0,780,7776,0,0,0
-4,r8937440-n43543,0,2670,1623534941,1048,0,0,780,7776,0,0,0
-4,r8937440-n43543,0,2680,1623534951,1048,0,0,780,7776,0,0,0
-4,r8937440-n43543,0,2690,1623534961,1048,0,0,780,7776,0,0,0
-4,r8937440-n43543,0,2700,1623534971,1048,0,0,780,7776,0,0,0
-4,r8937440-n43543,0,2710,1623534981,1048,0,0,780,7776,0,0,0
-4,r8937440-n43543,0,2720,1623534991,1048,0,0,780,7776,0,0,0
-4,r8937440-n43543,0,2730,1623535001,1048,0,0,780,7776,0,0,0
-4,r8937440-n43543,0,2740,1623535011,1048,0,0,780,7776,0,0,0
-4,r8937440-n43543,0,2750,1623535021,1048,0,0,780,7776,0,0,0
-4,r8937440-n43543,0,2760,1623535031,1048,0,0,780,7776,0,0,0
-4,r8937440-n43543,0,2770,1623535041,1048,0,0,780,7776,0,0,0
-4,r8937440-n43543,0,2780,1623535051,1048,0,0,780,7776,0,0,0
-4,r8937440-n43543,0,2790,1623535061,1048,0,0,780,7776,0,0,0
-4,r8937440-n43543,0,2800,1623535071,1048,0,0,780,7776,0,0,0
-4,r8937440-n43543,0,2810,1623535081,1048,0,0,780,7776,0,0,0
-4,r8937440-n43543,0,2820,1623535091,1048,0,0,780,7776,0,0,0
-4,r8937440-n43543,0,2830,1623535101,1048,0,0,780,7776,0,0,0
-4,r8937440-n43543,0,2840,1623535111,1048,0,0,780,7776,0,0,0
-4,r8937440-n43543,0,2850,1623535121,1048,0,0,780,7776,0,0,0
-4,r8937440-n43543,0,2860,1623535131,1048,0,0,780,7776,0,0,0
-4,r8937440-n43543,0,2870,1623535141,1048,0,0,780,7776,0,0,0
-4,r8937440-n43543,0,2880,1623535151,1048,0,0,780,7776,0,0,0
-4,r8937440-n43543,0,2890,1623535161,1048,0,0,780,7776,0,0,0
-4,r8937440-n43543,0,2900,1623535171,1048,0,0,780,7776,0,0,0
-4,r8937440-n43543,0,2910,1623535181,1048,0,0,780,7776,0,0,0
-4,r8937440-n43543,0,2920,1623535191,1048,0,0,780,7776,0,0,0
-4,r8937440-n43543,0,2930,1623535201,1048,0,0,780,7776,0,0,0
-4,r8937440-n43543,0,2940,1623535211,1048,0,0,780,7776,0,0,0
-4,r8937440-n43543,0,2950,1623535221,1048,0,0,780,7776,0,0,0
-4,r8937440-n43543,0,2960,1623535231,1048,0,0,780,7776,0,0,0
-4,r8937440-n43543,0,2970,1623535241,1048,0,0,780,7776,0,0,0
-4,r8937440-n43543,0,2980,1623535251,1048,0,0,780,7776,0,0,0
-4,r8937440-n43543,0,2990,1623535261,1048,0,0,780,7776,0,0,0
-4,r8937440-n43543,0,3000,1623535271,1048,0,0,780,7776,0,0,0
-4,r8937440-n43543,0,3010,1623535281,1048,0,0,780,7776,0,0,0
-4,r8937440-n43543,0,3020,1623535291,1048,0,0,780,7776,0,0,0
-4,r8937440-n43543,0,3030,1623535301,1048,0,0,780,7776,0,0,0
-4,r8937440-n43543,0,3040,1623535311,1048,0,0,780,7776,0,0,0
-4,r8937440-n43543,0,3050,1623535321,1048,0,0,780,7776,0,0,0
-4,r8937440-n43543,0,3060,1623535331,1048,0,0,780,7776,0,0,0
-4,r8937440-n43543,0,3070,1623535341,1048,0,0,780,7776,0,0,0
-4,r8937440-n43543,0,3080,1623535351,1048,0,0,780,7776,0,0,0
-4,r8937440-n43543,0,3090,1623535361,1048,0,0,780,7776,0,0,0
-4,r8937440-n43543,0,3100,1623535371,1048,0,0,780,7776,0,0,0
-4,r8937440-n43543,0,3110,1623535381,1048,0,0,780,7776,0,0,0
-4,r8937440-n43543,0,3120,1623535391,1048,0,0,780,7776,0,0,0
-4,r8937440-n43543,0,3130,1623535401,1048,0,0,780,7776,0,0,0
-4,r8937440-n43543,0,3140,1623535411,1048,0,0,780,7776,0,0,0
-4,r8937440-n43543,0,3150,1623535421,1048,0,0,780,7776,0,0,0
-4,r8937440-n43543,0,3160,1623535431,1048,0,0,780,7776,0,0,0
-4,r8937440-n43543,0,3170,1623535441,1048,0,0,780,7776,0,0,0
-4,r8937440-n43543,0,3180,1623535451,1048,0,0,780,7776,0,0,0
-4,r8937440-n43543,0,3190,1623535461,1048,0,0,780,7776,0,0,0
-4,r8937440-n43543,0,3200,1623535471,1048,0,0,780,7776,0,0,0
-4,r8937440-n43543,0,3210,1623535481,1048,0,0,780,7776,0,0,0
-4,r8937440-n43543,0,3220,1623535491,1048,0,0,780,7776,0,0,0
-4,r8937440-n43543,0,3230,1623535501,1048,0,0,780,7776,0,0,0
-4,r8937440-n43543,0,3240,1623535511,1048,0,0,780,7776,0,0,0
-4,r8937440-n43543,0,3250,1623535521,1048,0,0,780,7776,0,0,0
-4,r8937440-n43543,0,3260,1623535531,1048,0,0,780,7776,0,0,0
-4,r8937440-n43543,0,3270,1623535541,1048,0,0,780,7776,0,0,0
-4,r8937440-n43543,0,3280,1623535551,1048,0,0,780,7776,0,0,0
-4,r8937440-n43543,0,3290,1623535561,1048,0,0,780,7776,0,0,0
-4,r8937440-n43543,0,3300,1623535571,1048,0,0,780,7776,0,0,0
-4,r8937440-n43543,0,3310,1623535581,1048,0,0,780,7776,0,0,0
-4,r8937440-n43543,0,3320,1623535591,1048,0,0,780,7776,0,0,0
-4,r8937440-n43543,0,3330,1623535601,1048,0,0,780,7776,0,0,0
-4,r8937440-n43543,0,3340,1623535611,1048,0,0,780,7776,0,0,0
-4,r8937440-n43543,0,3350,1623535621,1048,0,0,780,7776,0,0,0
-4,r8937440-n43543,0,3360,1623535631,1048,0,0,780,7776,0,0,0
-4,r8937440-n43543,0,3370,1623535641,1048,0,0,780,7776,0,0,0
-4,r8937440-n43543,0,3380,1623535651,1048,0,0,780,7776,0,0,0
-4,r8937440-n43543,0,3390,1623535661,1048,0,0,780,7776,0,0,0
-4,r8937440-n43543,0,3400,1623535671,1048,0,0,780,7776,0,0,0
-4,r8937440-n43543,0,3410,1623535681,1048,0,0,780,7776,0,0,0
-4,r8937440-n43543,0,3420,1623535691,1048,0,0,780,7776,0,0,0
-4,r8937440-n43543,0,3430,1623535701,1048,0,0,780,7776,0,0,0
-4,r8937440-n43543,0,3440,1623535711,1048,0,0,780,7776,0,0,0
-4,r8937440-n43543,0,3450,1623535721,1048,0,0,780,7776,0,0,0
-4,r8937440-n43543,0,3460,1623535731,1048,0,0,780,7776,0,0,0
-4,r8937440-n43543,0,3470,1623535741,1048,0,0,780,7776,0,0,0
-4,r8937440-n43543,0,3480,1623535751,1048,0,0,780,7776,0,0,0
-4,r8937440-n43543,0,3490,1623535761,1048,0,0,780,7776,0,0,0
-4,r8937440-n43543,0,3500,1623535771,1048,0,0,780,7776,0,0,0
-4,r8937440-n43543,0,3510,1623535781,1048,0,0,780,7776,0,0,0
-4,r8937440-n43543,0,3520,1623535791,1048,0,0,780,7776,0,0,0
-4,r8937440-n43543,0,3530,1623535801,1048,0,0,780,7776,0,0,0
-4,r8937440-n43543,0,3540,1623535811,1048,0,0,780,7776,0,0,0
-4,r8937440-n43543,0,3550,1623535821,1048,0,0,780,7776,0,0,0
-4,r8937440-n43543,0,3560,1623535831,1048,0,0,780,7776,0,0,0
-4,r8937440-n43543,0,3570,1623535841,1048,0,0,780,7776,0,0,0
-4,r8937440-n43543,0,3580,1623535851,1048,0,0,780,7776,0,0,0
-4,r8937440-n43543,0,3590,1623535861,1048,0,0,780,7776,0,0,0
-4,r8937440-n43543,0,3600,1623535871,1048,0,0,780,7776,0,0,0
-4,r8937440-n43543,0,3610,1623535881,1048,0,0,780,7776,0,0,0
-4,r8937440-n43543,0,3620,1623535891,1048,0,0,780,7776,0,0,0
-4,r8937440-n43543,0,3630,1623535901,1048,0,0,780,7776,0,0,0
-4,r8937440-n43543,0,3640,1623535911,1048,0,0,780,7776,0,0,0
-4,r8937440-n43543,0,3650,1623535921,1048,0,0,780,7776,0,0,0
-4,r8937440-n43543,0,3660,1623535931,1048,0,0,780,7776,0,0,0
-4,r8937440-n43543,0,3670,1623535941,1048,0,0,780,7776,0,0,0
-4,r8937440-n43543,0,3680,1623535951,1048,0,0,780,7776,0,0,0
-4,r8937440-n43543,0,3690,1623535961,1048,0,0,780,7776,0,0,0
-4,r8937440-n43543,0,3700,1623535971,1048,0,0,780,7776,0,0,0
-4,r8937440-n43543,0,3710,1623535981,1048,0,0,780,7776,0,0,0
-4,r8937440-n43543,0,3720,1623535991,1048,0,0,780,7776,0,0,0
-4,r8937440-n43543,0,3730,1623536001,1048,0,0,780,7776,0,0,0
-4,r8937440-n43543,0,3740,1623536011,1048,0,0,780,7776,0,0,0
-4,r8937440-n43543,0,3750,1623536021,1048,0,0,780,7776,0,0,0
-4,r8937440-n43543,0,3760,1623536031,1048,0,0,780,7776,0,0,0
-4,r8937440-n43543,0,3770,1623536041,1048,0,0,780,7776,0,0,0
-4,r8937440-n43543,0,3780,1623536051,1048,0,0,780,7776,0,0,0
-4,r8937440-n43543,0,3790,1623536061,1048,0,0,780,7776,0,0,0
-4,r8937440-n43543,0,3800,1623536071,1048,0,0,780,7776,0,0,0
-4,r8937440-n43543,0,3810,1623536081,1048,0,0,780,7776,0,0,0
-4,r8937440-n43543,0,3820,1623536091,1048,0,0,780,7776,0,0,0
-4,r8937440-n43543,0,3830,1623536101,1048,0,0,780,7776,0,0,0
-4,r8937440-n43543,0,3840,1623536111,1048,0,0,780,7776,0,0,0
-4,r8937440-n43543,0,3850,1623536121,1048,0,0,780,7776,0,0,0
-4,r8937440-n43543,0,3860,1623536131,1048,0,0,780,7776,0,0,0
-4,r8937440-n43543,0,3870,1623536141,1048,0,0,780,7776,0,0,0
-4,r8937440-n43543,0,3880,1623536151,1048,0,0,780,7776,0,0,0
-4,r8937440-n43543,0,3890,1623536161,1048,0,0,780,7776,0,0,0
-4,r8937440-n43543,0,3900,1623536171,1048,0,0,780,7776,0,0,0
-4,r8937440-n43543,0,3910,1623536181,1048,0,0,780,7776,0,0,0
-4,r8937440-n43543,0,3920,1623536191,1048,0,0,780,7776,0,0,0
-4,r8937440-n43543,0,3930,1623536201,1048,0,0,780,7776,0,0,0
-4,r8937440-n43543,0,3940,1623536211,1048,0,0,780,7776,0,0,0
-4,r8937440-n43543,0,3950,1623536221,1048,0,0,780,7776,0,0,0
-4,r8937440-n43543,0,3960,1623536231,1048,0,0,780,7776,0,0,0
-4,r8937440-n43543,0,3970,1623536241,1048,0,0,780,7776,0,0,0
-4,r8937440-n43543,0,3980,1623536251,1048,0,0,780,7776,0,0,0
-4,r8937440-n43543,0,3990,1623536261,1048,0,0,780,7776,0,0,0
-4,r8937440-n43543,0,4000,1623536271,1048,0,0,780,7776,0,0,0
-4,r8937440-n43543,0,4010,1623536281,1048,0,0,780,7776,0,0,0
-4,r8937440-n43543,0,4020,1623536291,1048,0,0,780,7776,0,0,0
-4,r8937440-n43543,0,4030,1623536301,1048,0,0,780,7776,0,0,0
-4,r8937440-n43543,0,4040,1623536311,1048,0,0,780,7776,0,0,0
-4,r8937440-n43543,0,4050,1623536321,1048,0,0,780,7776,0,0,0
-4,r8937440-n43543,0,4060,1623536331,1048,0,0,780,7776,0,0,0
-4,r8937440-n43543,0,4070,1623536341,1048,0,0,780,7776,0,0,0
-4,r8937440-n43543,0,4080,1623536351,1048,0,0,780,7776,0,0,0
-4,r8937440-n43543,0,4090,1623536361,1048,0,0,780,7776,0,0,0
-4,r8937440-n43543,0,4100,1623536371,1048,0,0,780,7776,0,0,0
-4,r8937440-n43543,0,4110,1623536381,1048,0,0,780,7776,0,0,0
-4,r8937440-n43543,0,4120,1623536391,1048,0,0,780,7776,0,0,0
-4,r8937440-n43543,0,4130,1623536401,1048,0,0,780,7776,0,0,0
-4,r8937440-n43543,0,4140,1623536411,1048,0,0,780,7776,0,0,0
-4,r8937440-n43543,0,4150,1623536421,1048,0,0,780,7776,0,0,0
-4,r8937440-n43543,0,4160,1623536431,1048,0,0,780,7776,0,0,0
-4,r8937440-n43543,0,4170,1623536441,1048,0,0,780,7776,0,0,0
-4,r8937440-n43543,0,4180,1623536451,1048,0,0,780,7776,0,0,0
-4,r8937440-n43543,0,4190,1623536461,1048,0,0,780,7776,0,0,0
-4,r8937440-n43543,0,4200,1623536471,1048,0,0,780,7776,0,0,0
-4,r8937440-n43543,0,4210,1623536481,1048,0,0,780,7776,0,0,0
-4,r8937440-n43543,0,4220,1623536491,1048,0,0,780,7776,0,0,0
-4,r8937440-n43543,0,4230,1623536501,1048,0,0,780,7776,0,0,0
-4,r8937440-n43543,0,4240,1623536511,1048,0,0,780,7776,0,0,0
-4,r8937440-n43543,0,4250,1623536521,1048,0,0,780,7776,0,0,0
-4,r8937440-n43543,0,4260,1623536531,1048,0,0,780,7776,0,0,0
-4,r8937440-n43543,0,4270,1623536541,1048,0,0,780,7776,0,0,0
-4,r8937440-n43543,0,4280,1623536551,1048,0,0,780,7776,0,0,0
-4,r8937440-n43543,0,4290,1623536561,1048,0,0,780,7776,0,0,0
-4,r8937440-n43543,0,4300,1623536571,1048,0,0,780,7776,0,0,0
-4,r8937440-n43543,0,4310,1623536581,1048,0,0,780,7776,0,0,0
-4,r8937440-n43543,0,4320,1623536591,1048,0,0,780,7776,0,0,0
-4,r8937440-n43543,0,4330,1623536601,1048,0,0,780,7776,0,0,0
-4,r8937440-n43543,0,4340,1623536611,1048,0,0,780,7776,0,0,0
-4,r8937440-n43543,0,4350,1623536621,1048,0,0,780,7776,0,0,0
-4,r8937440-n43543,0,4360,1623536631,1048,0,0,780,7776,0,0,0
-4,r8937440-n43543,0,4370,1623536641,1048,0,0,780,7776,0,0,0
-4,r8937440-n43543,0,4380,1623536651,1048,0,0,780,7776,0,0,0
-4,r8937440-n43543,0,4390,1623536661,1048,0,0,780,7776,0,0,0
-4,r8937440-n43543,0,4400,1623536671,1048,0,0,780,7776,0,0,0
-4,r8937440-n43543,0,4410,1623536681,1048,0,0,780,7776,0,0,0
-4,r8937440-n43543,0,4420,1623536691,1048,0,0,780,7776,0,0,0
-4,r8937440-n43543,0,4430,1623536701,1048,0,0,780,7776,0,0,0
-4,r8937440-n43543,0,4440,1623536711,1048,0,0,780,7776,0,0,0
-4,r8937440-n43543,0,4450,1623536721,1048,0,0,780,7776,0,0,0
-4,r8937440-n43543,0,4460,1623536731,1048,0,0,780,7776,0,0,0
-4,r8937440-n43543,0,4470,1623536741,1048,0,0,780,7776,0,0,0
-4,r8937440-n43543,0,4480,1623536751,1048,0,0,780,7776,0,0,0
-4,r8937440-n43543,0,4490,1623536761,1048,0,0,780,7776,0,0,0
-4,r8937440-n43543,0,4500,1623536771,1048,0,0,780,7776,0,0,0
-4,r8937440-n43543,0,4510,1623536781,1048,0,0,780,7776,0,0,0
-4,r8937440-n43543,0,4520,1623536791,1048,0,0,780,7776,0,0,0
-4,r8937440-n43543,0,4530,1623536801,1048,0,0,780,7776,0,0,0
-4,r8937440-n43543,0,4540,1623536811,1048,0,0,780,7776,0,0,0
-4,r8937440-n43543,0,4550,1623536821,1048,0,0,780,7776,0,0,0
-4,r8937440-n43543,0,4560,1623536831,1048,0,0,780,7776,0,0,0
-4,r8937440-n43543,0,4570,1623536841,1048,0,0,780,7776,0,0,0
-4,r8937440-n43543,0,4580,1623536851,1048,0,0,780,7776,0,0,0
-4,r8937440-n43543,0,4590,1623536861,1048,0,0,780,7776,0,0,0
-4,r8937440-n43543,0,4600,1623536871,1048,0,0,780,7776,0,0,0
-4,r8937440-n43543,0,4610,1623536881,1048,0,0,780,7776,0,0,0
-4,r8937440-n43543,0,4620,1623536891,1048,0,0,780,7776,0,0,0
-4,r8937440-n43543,0,4630,1623536901,1048,0,0,780,7776,0,0,0
-4,r8937440-n43543,0,4640,1623536911,1048,0,0,780,7776,0,0,0
-4,r8937440-n43543,0,4650,1623536921,1048,0,0,780,7776,0,0,0
-4,r8937440-n43543,0,4660,1623536931,1048,0,0,780,7776,0,0,0
-4,r8937440-n43543,0,4670,1623536941,1048,0,0,780,7776,0,0,0
-4,r8937440-n43543,0,4680,1623536951,1048,0,0,780,7776,0,0,0
-4,r8937440-n43543,0,4690,1623536961,1048,0,0,780,7776,0,0,0
-4,r8937440-n43543,0,4700,1623536971,1048,0,0,780,7776,0,0,0
-4,r8937440-n43543,0,4710,1623536981,1048,0,0,780,7776,0,0,0
-4,r8937440-n43543,0,4720,1623536991,1048,0,0,780,7776,0,0,0
-4,r8937440-n43543,0,4730,1623537001,1048,0,0,780,7776,0,0,0
-4,r8937440-n43543,0,4740,1623537011,1048,0,0,780,7776,0,0,0
-4,r8937440-n43543,0,4750,1623537021,1048,0,0,780,7776,0,0,0
-4,r8937440-n43543,0,4760,1623537031,1048,0,0,780,7776,0,0,0
-4,r8937440-n43543,0,4770,1623537041,1048,0,0,780,7776,0,0,0
-4,r8937440-n43543,0,4780,1623537051,1048,0,0,780,7776,0,0,0
-4,r8937440-n43543,0,4790,1623537061,1048,0,0,780,7776,0,0,0
-4,r8937440-n43543,0,4800,1623537071,1048,0,0,780,7776,0,0,0
-4,r8937440-n43543,0,4810,1623537081,1048,0,0,780,7776,0,0,0
-4,r8937440-n43543,0,4820,1623537091,1048,0,0,780,7776,0,0,0
-4,r8937440-n43543,0,4830,1623537101,1048,0,0,780,7776,0,0,0
-4,r8937440-n43543,0,4840,1623537111,1048,0,0,780,7776,0,0,0
-4,r8937440-n43543,0,4850,1623537121,1048,0,0,780,7776,0,0,0
-4,r8937440-n43543,0,4860,1623537131,1048,0,0,780,7776,0,0,0
-4,r8937440-n43543,0,4870,1623537141,1048,0,0,780,7776,0,0,0
-4,r8937440-n43543,0,4880,1623537151,1048,0,0,780,7776,0,0,0
-4,r8937440-n43543,0,4890,1623537161,1048,0,0,780,7776,0,0,0
-4,r8937440-n43543,0,4900,1623537171,1048,0,0,780,7776,0,0,0
-4,r8937440-n43543,0,4910,1623537181,1048,0,0,780,7776,0,0,0
-4,r8937440-n43543,0,4920,1623537191,1048,0,0,780,7776,0,0,0
-4,r8937440-n43543,0,4930,1623537201,1048,0,0,780,7776,0,0,0
-4,r8937440-n43543,0,4940,1623537211,1048,0,0,780,7776,0,0,0
-4,r8937440-n43543,0,4950,1623537221,1048,0,0,780,7776,0,0,0
-4,r8937440-n43543,0,4960,1623537231,1048,0,0,780,7776,0,0,0
-4,r8937440-n43543,0,4970,1623537241,1048,0,0,780,7776,0,0,0
-4,r8937440-n43543,0,4980,1623537251,1048,0,0,780,7776,0,0,0
-4,r8937440-n43543,0,4990,1623537261,1048,0,0,780,7776,0,0,0
-4,r8937440-n43543,0,5000,1623537271,1048,0,0,780,7776,0,0,0
-4,r8937440-n43543,0,5010,1623537281,1048,0,0,780,7776,0,0,0
-4,r8937440-n43543,0,5020,1623537291,1048,0,0,780,7776,0,0,0
-4,r8937440-n43543,0,5030,1623537301,1048,0,0,780,7776,0,0,0
-4,r8937440-n43543,0,5040,1623537311,1048,0,0,780,7776,0,0,0
-4,r8937440-n43543,0,5050,1623537321,1048,0,0,780,7776,0,0,0
-4,r8937440-n43543,0,5060,1623537331,1048,0,0,780,7776,0,0,0
-4,r8937440-n43543,0,5070,1623537341,1048,0,0,780,7776,0,0,0
-4,r8937440-n43543,0,5080,1623537351,1048,0,0,780,7776,0,0,0
-4,r8937440-n43543,0,5090,1623537361,1048,0,0,780,7776,0,0,0
-4,r8937440-n43543,0,5100,1623537371,1048,0,0,780,7776,0,0,0
-4,r8937440-n43543,0,5110,1623537381,1048,0,0,780,7776,0,0,0
-4,r8937440-n43543,0,5120,1623537391,1048,0,0,780,7776,0,0,0
-4,r8937440-n43543,0,5130,1623537401,1048,0,0,780,7776,0,0,0
-4,r8937440-n43543,0,5140,1623537411,1048,0,0,780,7776,0,0,0
-4,r8937440-n43543,0,5150,1623537421,1048,0,0,780,7776,0,0,0
-4,r8937440-n43543,0,5160,1623537431,1048,0,0,780,7776,0,0,0
-4,r8937440-n43543,0,5170,1623537441,1048,0,0,780,7776,0,0,0
-4,r8937440-n43543,0,5180,1623537451,1048,0,0,780,7776,0,0,0
-4,r8937440-n43543,0,5190,1623537461,1048,0,0,780,7776,0,0,0
-4,r8937440-n43543,0,5200,1623537471,1048,0,0,780,7776,0,0,0
-4,r8937440-n43543,0,5210,1623537481,1048,0,0,780,7776,0,0,0
-4,r8937440-n43543,0,5220,1623537491,1048,0,0,780,7776,0,0,0
-4,r8937440-n43543,0,5230,1623537501,1048,0,0,780,7776,0,0,0
-4,r8937440-n43543,0,5240,1623537511,1048,0,0,780,7776,0,0,0
-4,r8937440-n43543,0,5250,1623537521,1048,0,0,780,7776,0,0,0
-4,r8937440-n43543,0,5260,1623537531,1048,0,0,780,7776,0,0,0
-4,r8937440-n43543,0,5270,1623537541,1048,0,0,780,7776,0,0,0
-4,r8937440-n43543,0,5280,1623537551,1048,0,0,780,7776,0,0,0
-4,r8937440-n43543,0,5290,1623537561,1048,0,0,780,7776,0,0,0
-4,r8937440-n43543,0,5300,1623537571,1048,0,0,780,7776,0,0,0
-4,r8937440-n43543,0,5310,1623537581,1048,0,0,780,7776,0,0,0
-4,r8937440-n43543,0,5320,1623537591,1048,0,0,780,7776,0,0,0
-4,r8937440-n43543,0,5330,1623537601,1048,0,0,780,7776,0,0,0
-4,r8937440-n43543,0,5340,1623537611,1048,0,0,780,7776,0,0,0
-4,r8937440-n43543,0,5350,1623537621,1048,0,0,780,7776,0,0,0
-4,r8937440-n43543,0,5360,1623537631,1048,0,0,780,7776,0,0,0
-4,r8937440-n43543,0,5370,1623537641,1048,0,0,780,7776,0,0,0
-4,r8937440-n43543,0,5380,1623537651,1048,0,0,780,7776,0,0,0
-4,r8937440-n43543,0,5390,1623537661,1048,0,0,780,7776,0,0,0
-4,r8937440-n43543,0,5400,1623537671,1048,0,0,780,7776,0,0,0
-4,r8937440-n43543,0,5410,1623537681,1048,0,0,780,7776,0,0,0
-4,r8937440-n43543,0,5420,1623537691,1048,0,0,780,7776,0,0,0
-4,r8937440-n43543,0,5430,1623537701,1048,0,0,780,7776,0,0,0
-4,r8937440-n43543,0,5440,1623537711,1048,0,0,780,7776,0,0,0
-4,r8937440-n43543,0,5450,1623537721,1048,0,0,780,7776,0,0,0
-4,r8937440-n43543,0,5460,1623537731,1048,0,0,780,7776,0,0,0
-4,r8937440-n43543,0,5470,1623537741,1048,0,0,780,7776,0,0,0
-4,r8937440-n43543,0,5480,1623537751,1048,0,0,780,7776,0,0,0
-4,r8937440-n43543,0,5490,1623537761,1048,0,0,780,7776,0,0,0
-4,r8937440-n43543,0,5500,1623537771,1048,0,0,780,7776,0,0,0
-4,r8937440-n43543,0,5510,1623537781,1048,0,0,780,7776,0,0,0
-4,r8937440-n43543,0,5520,1623537791,1048,0,0,780,7776,0,0,0
-4,r8937440-n43543,0,5530,1623537801,1048,0,0,780,7776,0,0,0
-4,r8937440-n43543,0,5540,1623537811,1048,0,0,780,7776,0,0,0
-4,r8937440-n43543,0,5550,1623537821,1048,0,0,780,7776,0,0,0
-4,r8937440-n43543,0,5560,1623537831,1048,0,0,780,7776,0,0,0
-4,r8937440-n43543,0,5570,1623537841,1048,0,0,780,7776,0,0,0
-4,r8937440-n43543,0,5580,1623537851,1048,0,0,780,7776,0,0,0
-4,r8937440-n43543,0,5590,1623537861,1048,0,0,780,7776,0,0,0
-4,r8937440-n43543,0,5600,1623537871,1048,0,0,780,7776,0,0,0
-4,r8937440-n43543,0,5610,1623537881,1048,0,0,780,7776,0,0,0
-4,r8937440-n43543,0,5620,1623537891,1048,0,0,780,7776,0,0,0
-4,r8937440-n43543,0,5630,1623537901,1048,0,0,780,7776,0,0,0
-4,r8937440-n43543,0,5640,1623537911,1048,0,0,780,7776,0,0,0
-4,r8937440-n43543,0,5650,1623537921,1048,0,0,780,7776,0,0,0
-4,r8937440-n43543,0,5660,1623537931,1048,0,0,780,7776,0,0,0
-4,r8937440-n43543,0,5670,1623537941,1048,0,0,780,7776,0,0,0
-4,r8937440-n43543,0,5680,1623537951,1048,0,0,780,7776,0,0,0
-4,r8937440-n43543,0,5690,1623537961,1048,0,0,780,7776,0,0,0
-4,r8937440-n43543,0,5700,1623537971,1048,0,0,780,7776,0,0,0
-4,r8937440-n43543,0,5710,1623537981,1048,0,0,780,7776,0,0,0
-4,r8937440-n43543,0,5720,1623537991,1048,0,0,780,7776,0,0,0
-4,r8937440-n43543,0,5730,1623538001,1048,0,0,780,7776,0,0,0
-4,r8937440-n43543,0,5740,1623538011,1048,0,0,780,7776,0,0,0
-4,r8937440-n43543,0,5750,1623538021,1048,0,0,780,7776,0,0,0
-4,r8937440-n43543,0,5760,1623538031,1048,0,0,780,7776,0,0,0
-4,r8937440-n43543,0,5770,1623538041,1048,0,0,780,7776,0,0,0
-4,r8937440-n43543,0,5780,1623538051,1048,0,0,780,7776,0,0,0
-4,r8937440-n43543,0,5790,1623538061,1048,0,0,780,7776,0,0,0
-4,r8937440-n43543,0,5800,1623538071,1048,0,0,780,7776,0,0,0
-4,r8937440-n43543,0,5810,1623538081,1048,0,0,780,7776,0,0,0
-4,r8937440-n43543,0,5820,1623538091,1048,0,0,780,7776,0,0,0
-4,r8937440-n43543,0,5830,1623538101,1048,0,0,780,7776,0,0,0
-4,r8937440-n43543,0,5840,1623538111,1048,0,0,780,7776,0,0,0
-4,r8937440-n43543,0,5850,1623538121,1048,0,0,780,7776,0,0,0
-4,r8937440-n43543,0,5860,1623538131,1048,0,0,780,7776,0,0,0
-4,r8937440-n43543,0,5870,1623538141,1048,0,0,780,7776,0,0,0
-4,r8937440-n43543,0,5880,1623538151,1048,0,0,780,7776,0,0,0
-4,r8937440-n43543,0,5890,1623538161,1048,0,0,780,7776,0,0,0
-4,r8937440-n43543,0,5900,1623538171,1048,0,0,780,7776,0,0,0
-4,r8937440-n43543,0,5910,1623538181,1048,0,0,780,7776,0,0,0
-4,r8937440-n43543,0,5920,1623538191,1048,0,0,780,7776,0,0,0
-4,r8937440-n43543,0,5930,1623538201,1048,0,0,780,7776,0,0,0
-4,r8937440-n43543,0,5940,1623538211,1048,0,0,780,7776,0,0,0
-4,r8937440-n43543,0,5950,1623538221,1048,0,0,780,7776,0,0,0
-4,r8937440-n43543,0,5960,1623538231,1048,0,0,780,7776,0,0,0
-4,r8937440-n43543,0,5970,1623538241,1048,0,0,780,7776,0,0,0
-4,r8937440-n43543,0,5980,1623538251,1048,0,0,780,7776,0,0,0
-4,r8937440-n43543,0,5990,1623538261,1048,0,0,780,7776,0,0,0
-4,r8937440-n43543,0,6000,1623538271,1048,0,0,780,7776,0,0,0
-4,r8937440-n43543,0,6010,1623538281,1048,0,0,780,7776,0,0,0
-4,r8937440-n43543,0,6020,1623538291,1048,0,0,780,7776,0,0,0
-4,r8937440-n43543,0,6030,1623538301,1048,0,0,780,7776,0,0,0
-4,r8937440-n43543,0,6040,1623538311,1048,0,0,780,7776,0,0,0
-4,r8937440-n43543,0,6050,1623538321,1048,0,0,780,7776,0,0,0
-4,r8937440-n43543,0,6060,1623538331,1048,0,0,780,7776,0,0,0
-4,r8937440-n43543,0,6070,1623538341,1048,0,0,780,7776,0,0,0
-4,r8937440-n43543,0,6080,1623538351,1048,0,0,780,7776,0,0,0
-4,r8937440-n43543,0,6090,1623538361,1048,0,0,780,7776,0,0,0
-4,r8937440-n43543,0,6100,1623538371,1048,0,0,780,7776,0,0,0
-4,r8937440-n43543,0,6110,1623538381,1048,0,0,780,7776,0,0,0
-4,r8937440-n43543,0,6120,1623538391,1048,0,0,780,7776,0,0,0
-4,r8937440-n43543,0,6130,1623538401,1048,0,0,780,7776,0,0,0
-4,r8937440-n43543,0,6140,1623538411,1048,0,0,780,7776,0,0,0
-4,r8937440-n43543,0,6150,1623538421,1048,0,0,780,7776,0,0,0
-4,r8937440-n43543,0,6160,1623538431,1048,0,0,780,7776,0,0,0
-4,r8937440-n43543,0,6170,1623538441,1048,0,0,780,7776,0,0,0
-4,r8937440-n43543,0,6180,1623538451,1048,0,0,780,7776,0,0,0
-4,r8937440-n43543,0,6190,1623538461,1048,0,0,780,7776,0,0,0
-4,r8937440-n43543,0,6200,1623538471,1048,0,0,780,7776,0,0,0
-4,r8937440-n43543,0,6210,1623538481,1048,0,0,780,7776,0,0,0
-4,r8937440-n43543,0,6220,1623538491,1048,0,0,780,7776,0,0,0
-4,r8937440-n43543,0,6230,1623538501,1048,0,0,780,7776,0,0,0
-4,r8937440-n43543,0,6240,1623538511,1048,0,0,780,7776,0,0,0
-4,r8937440-n43543,0,6250,1623538521,1048,0,0,780,7776,0,0,0
-4,r8937440-n43543,0,6260,1623538531,1048,0,0,780,7776,0,0,0
-4,r8937440-n43543,0,6270,1623538541,1048,0,0,780,7776,0,0,0
-4,r8937440-n43543,0,6280,1623538551,1048,0,0,780,7776,0,0,0
-4,r8937440-n43543,0,6290,1623538561,1048,0,0,780,7776,0,0,0
-4,r8937440-n43543,0,6300,1623538571,1048,0,0,780,7776,0,0,0
-4,r8937440-n43543,0,6310,1623538581,1048,0,0,780,7776,0,0,0
-4,r8937440-n43543,0,6320,1623538591,1048,0,0,780,7776,0,0,0
-4,r8937440-n43543,0,6330,1623538601,1048,0,0,780,7776,0,0,0
-4,r8937440-n43543,0,6340,1623538611,1048,0,0,780,7776,0,0,0
-4,r8937440-n43543,0,6350,1623538621,1048,0,0,780,7776,0,0,0
-4,r8937440-n43543,0,6360,1623538631,1048,0,0,780,7776,0,0,0
-4,r8937440-n43543,0,6370,1623538641,1048,0,0,780,7776,0,0,0
-4,r8937440-n43543,0,6380,1623538651,1048,0,0,780,7776,0,0,0
-4,r8937440-n43543,0,6390,1623538661,1048,0,0,780,7776,0,0,0
-4,r8937440-n43543,0,6400,1623538671,1048,0,0,780,7776,0,0,0
-4,r8937440-n43543,0,6410,1623538681,1048,0,0,780,7776,0,0,0
-4,r8937440-n43543,0,6420,1623538691,1048,0,0,780,7776,0,0,0
-4,r8937440-n43543,0,6430,1623538701,1048,0,0,780,7776,0,0,0
-4,r8937440-n43543,0,6440,1623538711,1048,0,0,780,7776,0,0,0
-4,r8937440-n43543,0,6450,1623538721,1048,0,0,780,7776,0,0,0
-4,r8937440-n43543,0,6460,1623538731,1048,0,0,780,7776,0,0,0
-4,r8937440-n43543,0,6470,1623538741,1048,0,0,780,7776,0,0,0
-4,r8937440-n43543,0,6480,1623538751,1048,0,0,780,7776,0,0,0
-4,r8937440-n43543,0,6490,1623538761,1048,0,0,780,7776,0,0,0
-4,r8937440-n43543,0,6500,1623538771,1048,0,0,780,7776,0,0,0
-4,r8937440-n43543,0,6510,1623538781,1048,0,0,780,7776,0,0,0
-4,r8937440-n43543,0,6520,1623538791,1048,0,0,780,7776,0,0,0
-4,r8937440-n43543,0,6530,1623538801,1048,0,0,780,7776,0,0,0
-4,r8937440-n43543,0,6540,1623538811,1048,0,0,780,7776,0,0,0
-4,r8937440-n43543,0,6550,1623538821,1048,0,0,780,7776,0,0,0
-4,r8937440-n43543,0,6560,1623538831,1048,0,0,780,7776,0,0,0
-4,r8937440-n43543,0,6570,1623538841,1048,0,0,780,7776,0,0,0
-4,r8937440-n43543,0,6580,1623538851,1048,0,0,780,7776,0,0,0
-4,r8937440-n43543,0,6590,1623538861,1048,0,0,780,7776,0,0,0
-4,r8937440-n43543,0,6600,1623538871,1048,0,0,780,7776,0,0,0
-4,r8937440-n43543,0,6610,1623538881,1048,0,0,780,7776,0,0,0
-4,r8937440-n43543,0,6620,1623538891,1048,0,0,780,7776,0,0,0
-4,r8937440-n43543,0,6630,1623538901,1048,0,0,780,7776,0,0,0
-4,r8937440-n43543,0,6640,1623538911,1048,0,0,780,7776,0,0,0
-4,r8937440-n43543,0,6650,1623538921,1048,0,0,780,7776,0,0,0
-4,r8937440-n43543,0,6660,1623538931,1048,0,0,780,7776,0,0,0
-4,r8937440-n43543,0,6670,1623538941,1048,0,0,780,7776,0,0,0
-4,r8937440-n43543,0,6680,1623538951,1048,0,0,780,7776,0,0,0
-4,r8937440-n43543,0,6690,1623538961,1048,0,0,780,7776,0,0,0
-4,r8937440-n43543,0,6700,1623538971,1048,0,0,780,7776,0,0,0
-4,r8937440-n43543,0,6710,1623538981,1048,0,0,780,7776,0,0,0
-4,r8937440-n43543,0,6720,1623538991,1048,0,0,780,7776,0,0,0
-4,r8937440-n43543,0,6730,1623539001,1048,0,0,780,7776,0,0,0
-4,r8937440-n43543,0,6740,1623539011,1048,0,0,780,7776,0,0,0
-4,r8937440-n43543,0,6750,1623539021,1048,0,0,780,7776,0,0,0
-4,r8937440-n43543,0,6760,1623539031,1048,0,0,780,7776,0,0,0
-4,r8937440-n43543,0,6770,1623539041,1048,0,0,780,7776,0,0,0
-4,r8937440-n43543,0,6780,1623539051,1048,0,0,780,7776,0,0,0
-4,r8937440-n43543,0,6790,1623539061,1048,0,0,780,7776,0,0,0
-4,r8937440-n43543,0,6800,1623539071,1048,0,0,780,7776,0,0,0
-4,r8937440-n43543,0,6810,1623539081,1048,0,0,780,7776,0,0,0
-4,r8937440-n43543,0,6820,1623539091,1048,0,0,780,7776,0,0,0
-4,r8937440-n43543,0,6830,1623539101,1048,0,0,780,7776,0,0,0
-4,r8937440-n43543,0,6840,1623539111,1048,0,0,780,7776,0,0,0
-4,r8937440-n43543,0,6850,1623539121,1048,0,0,780,7776,0,0,0
-4,r8937440-n43543,0,6860,1623539131,1048,0,0,780,7776,0,0,0
-4,r8937440-n43543,0,6870,1623539141,1048,0,0,780,7776,0,0,0
-4,r8937440-n43543,0,6880,1623539151,1048,0,0,780,7776,0,0,0
-4,r8937440-n43543,0,6890,1623539161,1048,0,0,780,7776,0,0,0
-4,r8937440-n43543,0,6900,1623539171,1048,0,0,780,7776,0,0,0
-4,r8937440-n43543,0,6910,1623539181,1048,0,0,780,7776,0,0,0
-4,r8937440-n43543,0,6920,1623539191,1048,0,0,780,7776,0,0,0
-4,r8937440-n43543,0,6930,1623539201,1048,0,0,780,7776,0,0,0
-4,r8937440-n43543,0,6940,1623539211,1048,0,0,780,7776,0,0,0
-4,r8937440-n43543,0,6950,1623539221,1048,0,0,780,7776,0,0,0
-4,r8937440-n43543,0,6960,1623539231,1048,0,0,780,7776,0,0,0
-4,r8937440-n43543,0,6970,1623539241,1048,0,0,780,7776,0,0,0
-4,r8937440-n43543,0,6980,1623539251,1048,0,0,780,7776,0,0,0
-4,r8937440-n43543,0,6990,1623539261,1048,0,0,780,7776,0,0,0
-4,r8937440-n43543,0,7000,1623539271,1048,0,0,780,7776,0,0,0
-4,r8937440-n43543,0,7010,1623539281,1048,0,0,780,7776,0,0,0
-4,r8937440-n43543,0,7020,1623539291,1048,0,0,780,7776,0,0,0
-4,r8937440-n43543,0,7030,1623539301,1048,0,0,780,7776,0,0,0
-4,r8937440-n43543,0,7040,1623539311,1048,0,0,780,7776,0,0,0
-4,r8937440-n43543,0,7050,1623539321,1048,0,0,780,7776,0,0,0
-4,r8937440-n43543,0,7060,1623539331,1048,0,0,780,7776,0,0,0
-4,r8937440-n43543,0,7070,1623539341,1048,0,0,780,7776,0,0,0
-4,r8937440-n43543,0,7080,1623539351,1048,0,0,780,7776,0,0,0
-4,r8937440-n43543,0,7090,1623539361,1048,0,0,780,7776,0,0,0
-4,r8937440-n43543,0,7100,1623539371,1048,0,0,780,7776,0,0,0
-4,r8937440-n43543,0,7110,1623539381,1048,0,0,780,7776,0,0,0
-4,r8937440-n43543,0,7120,1623539391,1048,0,0,780,7776,0,0,0
-4,r8937440-n43543,0,7130,1623539401,1048,0,0,780,7776,0,0,0
-4,r8937440-n43543,0,7140,1623539411,1048,0,0,780,7776,0,0,0
-4,r8937440-n43543,0,7150,1623539421,1048,0,0,780,7776,0,0,0
-4,r8937440-n43543,0,7160,1623539431,1048,0,0,780,7776,0,0,0
-4,r8937440-n43543,0,7170,1623539441,1048,0,0,780,7776,0,0,0
-4,r8937440-n43543,0,7180,1623539451,1048,0,0,780,7776,0,0,0
-4,r8937440-n43543,0,7190,1623539461,1048,0,0,780,7776,0,0,0
-4,r8937440-n43543,0,7200,1623539471,1048,0,0,780,7776,0,0,0
-4,r8937440-n43543,0,7210,1623539481,1048,0,0,780,7776,0,0,0
-4,r8937440-n43543,0,7220,1623539491,1048,0,0,780,7776,0,0,0
-4,r8937440-n43543,0,7230,1623539501,1048,0,0,780,7776,0,0,0
-4,r8937440-n43543,0,7240,1623539511,1048,0,0,780,7776,0,0,0
-4,r8937440-n43543,0,7250,1623539521,1048,0,0,780,7776,0,0,0
-4,r8937440-n43543,0,7260,1623539531,1048,0,0,780,7776,0,0,0
-4,r8937440-n43543,0,7270,1623539541,1048,0,0,780,7776,0,0,0
-4,r8937440-n43543,0,7280,1623539551,1048,0,0,780,7776,0,0,0
-4,r8937440-n43543,0,7290,1623539561,1048,0,0,780,7776,0,0,0
-4,r8937440-n43543,0,7300,1623539571,1048,0,0,780,7776,0,0,0
-4,r8937440-n43543,0,7310,1623539581,1048,0,0,780,7776,0,0,0
-4,r8937440-n43543,0,7320,1623539591,1048,0,0,780,7776,0,0,0
-4,r8937440-n43543,0,7330,1623539601,1048,0,0,780,7776,0,0,0
-4,r8937440-n43543,0,7340,1623539611,1048,0,0,780,7776,0,0,0
-4,r8937440-n43543,0,7350,1623539621,1048,0,0,780,7776,0,0,0
-4,r8937440-n43543,0,7360,1623539631,1048,0,0,780,7776,0,0,0
-4,r8937440-n43543,0,7370,1623539641,1048,0,0,780,7776,0,0,0
-4,r8937440-n43543,0,7380,1623539651,1048,0,0,780,7776,0,0,0
-4,r8937440-n43543,0,7390,1623539661,1048,0,0,780,7776,0,0,0
-4,r8937440-n43543,0,7400,1623539671,1048,0,0,780,7776,0,0,0
-4,r8937440-n43543,0,7410,1623539681,1048,0,0,780,7776,0,0,0
-4,r8937440-n43543,0,7420,1623539691,1048,0,0,780,7776,0,0,0
-4,r8937440-n43543,0,7430,1623539701,1048,0,0,780,7776,0,0,0
-4,r8937440-n43543,0,7440,1623539711,1048,0,0,780,7776,0,0,0
-4,r8937440-n43543,0,7450,1623539721,1048,0,0,780,7776,0,0,0
-4,r8937440-n43543,0,7460,1623539731,1048,0,0,780,7776,0,0,0
-4,r8937440-n43543,0,7470,1623539741,1048,0,0,780,7776,0,0,0
-4,r8937440-n43543,0,7480,1623539751,1048,0,0,780,7776,0,0,0
-4,r8937440-n43543,0,7490,1623539761,1048,0,0,780,7776,0,0,0
-4,r8937440-n43543,0,7500,1623539771,1048,0,0,780,7776,0,0,0
-4,r8937440-n43543,0,7510,1623539781,1048,0,0,780,7776,0,0,0
-4,r8937440-n43543,0,7520,1623539791,1048,0,0,780,7776,0,0,0
-4,r8937440-n43543,0,7530,1623539801,1048,0,0,780,7776,0,0,0
-4,r8937440-n43543,0,7540,1623539811,1048,0,0,780,7776,0,0,0
-4,r8937440-n43543,0,7550,1623539821,1048,0,0,780,7776,0,0,0
-4,r8937440-n43543,0,7560,1623539831,1048,0,0,780,7776,0,0,0
-4,r8937440-n43543,0,7570,1623539841,1048,0,0,780,7776,0,0,0
-4,r8937440-n43543,0,7580,1623539851,1048,0,0,780,7776,0,0,0
-4,r8937440-n43543,0,7590,1623539861,1048,0,0,780,7776,0,0,0
-4,r8937440-n43543,0,7600,1623539871,1048,0,0,780,7776,0,0,0
-4,r8937440-n43543,0,7610,1623539881,1048,0,0,780,7776,0,0,0
-4,r8937440-n43543,0,7620,1623539891,1048,0,0,780,7776,0,0,0
-4,r8937440-n43543,0,7630,1623539901,1048,0,0,780,7776,0,0,0
-4,r8937440-n43543,0,7640,1623539911,1048,0,0,780,7776,0,0,0
-4,r8937440-n43543,0,7650,1623539921,1048,0,0,780,7776,0,0,0
-4,r8937440-n43543,0,7660,1623539931,1048,0,0,780,7776,0,0,0
-4,r8937440-n43543,0,7670,1623539941,1048,0,0,780,7776,0,0,0
-4,r8937440-n43543,0,7680,1623539951,1048,0,0,780,7776,0,0,0
-4,r8937440-n43543,0,7690,1623539961,1048,0,0,780,7776,0,0,0
-4,r8937440-n43543,0,7700,1623539971,1048,0,0,780,7776,0,0,0
-4,r8937440-n43543,0,7710,1623539981,1048,0,0,780,7776,0,0,0
-4,r8937440-n43543,0,7720,1623539991,1048,0,0,780,7776,0,0,0
-4,r8937440-n43543,0,7730,1623540001,1048,0,0,780,7776,0,0,0
-4,r8937440-n43543,0,7740,1623540011,1048,0,0,780,7776,0,0,0
-4,r8937440-n43543,0,7750,1623540021,1048,0,0,780,7776,0,0,0
-4,r8937440-n43543,0,7760,1623540031,1048,0,0,780,7776,0,0,0
-4,r8937440-n43543,0,7770,1623540041,1048,0,0,780,7776,0,0,0
-4,r8937440-n43543,0,7780,1623540051,1048,0,0,780,7776,0,0,0
-4,r8937440-n43543,0,7790,1623540061,1048,0,0,780,7776,0,0,0
-4,r8937440-n43543,0,7800,1623540071,1048,0,0,780,7776,0,0,0
-4,r8937440-n43543,0,7810,1623540081,1048,0,0,780,7776,0,0,0
-4,r8937440-n43543,0,7820,1623540091,1048,0,0,780,7776,0,0,0
-4,r8937440-n43543,0,7830,1623540101,1048,0,0,780,7776,0,0,0
-4,r8937440-n43543,0,7840,1623540111,1048,0,0,780,7776,0,0,0
-4,r8937440-n43543,0,7850,1623540121,1048,0,0,780,7776,0,0,0
-4,r8937440-n43543,0,7860,1623540131,1048,0,0,780,7776,0,0,0
-4,r8937440-n43543,0,7870,1623540141,1048,0,0,780,7776,0,0,0
-4,r8937440-n43543,0,7880,1623540151,1048,0,0,780,7776,0,0,0
-4,r8937440-n43543,0,7890,1623540161,1048,0,0,780,7776,0,0,0
-4,r8937440-n43543,0,7900,1623540171,1048,0,0,780,7776,0,0,0
-4,r8937440-n43543,0,7910,1623540181,1048,0,0,780,7776,0,0,0
-4,r8937440-n43543,0,7920,1623540191,1048,0,0,780,7776,0,0,0
-4,r8937440-n43543,0,7930,1623540201,1048,0,0,780,7776,0,0,0
-4,r8937440-n43543,0,7940,1623540211,1048,0,0,780,7776,0,0,0
-4,r8937440-n43543,0,7950,1623540221,1048,0,0,780,7776,0,0,0
-4,r8937440-n43543,0,7960,1623540231,1048,0,0,780,7776,0,0,0
-4,r8937440-n43543,0,7970,1623540241,1048,0,0,780,7776,0,0,0
-4,r8937440-n43543,0,7980,1623540251,1048,0,0,780,7776,0,0,0
-4,r8937440-n43543,0,7990,1623540261,1048,0,0,780,7776,0,0,0
-4,r8937440-n43543,0,8000,1623540271,1048,0,0,780,7776,0,0,0
-4,r8937440-n43543,0,8010,1623540281,1048,0,0,780,7776,0,0,0
-4,r8937440-n43543,0,8020,1623540291,1048,0,0,780,7776,0,0,0
-4,r8937440-n43543,0,8030,1623540301,1048,0,0,780,7776,0,0,0
-4,r8937440-n43543,0,8040,1623540311,1048,0,0,780,7776,0,0,0
-4,r8937440-n43543,0,8050,1623540321,1048,0,0,780,7776,0,0,0
-4,r8937440-n43543,0,8060,1623540331,1048,0,0,780,7776,0,0,0
-4,r8937440-n43543,0,8070,1623540341,1048,0,0,780,7776,0,0,0
-4,r8937440-n43543,0,8080,1623540351,1048,0,0,780,7776,0,0,0
-4,r8937440-n43543,0,8090,1623540361,1048,0,0,780,7776,0,0,0
-4,r8937440-n43543,0,8100,1623540371,1048,0,0,780,7776,0,0,0
-4,r8937440-n43543,0,8110,1623540381,1048,0,0,780,7776,0,0,0
-4,r8937440-n43543,0,8120,1623540391,1048,0,0,780,7776,0,0,0
-4,r8937440-n43543,0,8130,1623540401,1048,0,0,780,7776,0,0,0
-4,r8937440-n43543,0,8140,1623540411,1048,0,0,780,7776,0,0,0
-4,r8937440-n43543,0,8150,1623540421,1048,0,0,780,7776,0,0,0
-4,r8937440-n43543,0,8160,1623540431,1048,0,0,780,7776,0,0,0
-4,r8937440-n43543,0,8170,1623540441,1048,0,0,780,7776,0,0,0
-4,r8937440-n43543,0,8180,1623540451,1048,0,0,780,7776,0,0,0
-4,r8937440-n43543,0,8190,1623540461,1048,0,0,780,7776,0,0,0
-4,r8937440-n43543,0,8200,1623540471,1048,0,0,780,7776,0,0,0
-4,r8937440-n43543,0,8210,1623540481,1048,0,0,780,7776,0,0,0
-4,r8937440-n43543,0,8220,1623540491,1048,0,0,780,7776,0,0,0
-4,r8937440-n43543,0,8230,1623540501,1048,0,0,780,7776,0,0,0
-4,r8937440-n43543,0,8240,1623540511,1048,0,0,780,7776,0,0,0
-4,r8937440-n43543,0,8250,1623540521,1048,0,0,780,7776,0,0,0
-4,r8937440-n43543,0,8260,1623540531,1048,0,0,780,7776,0,0,0
-4,r8937440-n43543,0,8270,1623540541,1048,0,0,780,7776,0,0,0
-4,r8937440-n43543,0,8280,1623540551,1048,0,0,780,7776,0,0,0
-4,r8937440-n43543,0,8290,1623540561,1048,0,0,780,7776,0,0,0
-4,r8937440-n43543,0,8300,1623540571,1048,0,0,780,7776,0,0,0
-4,r8937440-n43543,0,8310,1623540581,1048,0,0,780,7776,0,0,0
-4,r8937440-n43543,0,8320,1623540591,1048,0,0,780,7776,0,0,0
-4,r8937440-n43543,0,8330,1623540601,1048,0,0,780,7776,0,0,0
-4,r8937440-n43543,0,8340,1623540611,1048,0,0,780,7776,0,0,0
-4,r8937440-n43543,0,8350,1623540621,1048,0,0,780,7776,0,0,0
-4,r8937440-n43543,0,8360,1623540631,1048,0,0,780,7776,0,0,0
-4,r8937440-n43543,0,8370,1623540641,1048,0,0,780,7776,0,0,0
-4,r8937440-n43543,0,8380,1623540651,1048,0,0,780,7776,0,0,0
-4,r8937440-n43543,0,8390,1623540661,1048,0,0,780,7776,0,0,0
-4,r8937440-n43543,0,8400,1623540671,1048,0,0,780,7776,0,0,0
-4,r8937440-n43543,0,8410,1623540681,1048,0,0,780,7776,0,0,0
-4,r8937440-n43543,0,8420,1623540691,1048,0,0,780,7776,0,0,0
-4,r8937440-n43543,0,8430,1623540701,1048,0,0,780,7776,0,0,0
-4,r8937440-n43543,0,8440,1623540711,1048,0,0,780,7776,0,0,0
-4,r8937440-n43543,0,8450,1623540721,1048,0,0,780,7776,0,0,0
-4,r8937440-n43543,0,8460,1623540731,1048,0,0,780,7776,0,0,0
-4,r8937440-n43543,0,8470,1623540741,1048,0,0,780,7776,0,0,0
-4,r8937440-n43543,0,8480,1623540751,1048,0,0,780,7776,0,0,0
-4,r8937440-n43543,0,8490,1623540761,1048,0,0,780,7776,0,0,0
-4,r8937440-n43543,0,8500,1623540771,1048,0,0,780,7776,0,0,0
-4,r8937440-n43543,0,8510,1623540781,1048,0,0,780,7776,0,0,0
-4,r8937440-n43543,0,8520,1623540791,1048,0,0,780,7776,0,0,0
-4,r8937440-n43543,0,8530,1623540801,1048,0,0,780,7776,0,0,0
-4,r8937440-n43543,0,8540,1623540811,1048,0,0,780,7776,0,0,0
-4,r8937440-n43543,0,8550,1623540821,1048,0,0,780,7776,0,0,0
-4,r8937440-n43543,0,8560,1623540831,1048,0,0,780,7776,0,0,0
-4,r8937440-n43543,0,8570,1623540841,1048,0,0,780,7776,0,0,0
-4,r8937440-n43543,0,8580,1623540851,1048,0,0,780,7776,0,0,0
-4,r8937440-n43543,0,8590,1623540861,1048,0,0,780,7776,0,0,0
-4,r8937440-n43543,0,8600,1623540871,1048,0,0,780,7776,0,0,0
-4,r8937440-n43543,0,8610,1623540881,1048,0,0,780,7776,0,0,0
-4,r8937440-n43543,0,8620,1623540891,1048,0,0,780,7776,0,0,0
-4,r8937440-n43543,0,8630,1623540901,1048,0,0,780,7776,0,0,0
-4,r8937440-n43543,0,8640,1623540911,1048,0,0,780,7776,0,0,0
-4,r8937440-n43543,0,8650,1623540921,1048,0,0,780,7776,0,0,0
-4,r8937440-n43543,0,8660,1623540931,1048,0,0,780,7776,0,0,0
-4,r8937440-n43543,0,8670,1623540941,1048,0,0,780,7776,0,0,0
-4,r8937440-n43543,0,8680,1623540951,1048,0,0,780,7776,0,0,0
-4,r8937440-n43543,0,8690,1623540961,1048,0,0,780,7776,0,0,0
-4,r8937440-n43543,0,8700,1623540971,1048,0,0,780,7776,0,0,0
-4,r8937440-n43543,0,8710,1623540981,1048,0,0,780,7776,0,0,0
-4,r8937440-n43543,0,8720,1623540991,1048,0,0,780,7776,0,0,0
-4,r8937440-n43543,0,8730,1623541001,1048,0,0,780,7776,0,0,0
-4,r8937440-n43543,0,8740,1623541011,1048,0,0,780,7776,0,0,0
-4,r8937440-n43543,0,8750,1623541021,1048,0,0,780,7776,0,0,0
-4,r8937440-n43543,0,8760,1623541031,1048,0,0,780,7776,0,0,0
-4,r8937440-n43543,0,8770,1623541041,1048,0,0,780,7776,0,0,0
-4,r8937440-n43543,0,8780,1623541051,1048,0,0,780,7776,0,0,0
-4,r8937440-n43543,0,8790,1623541061,1048,0,0,780,7776,0,0,0
-4,r8937440-n43543,0,8800,1623541071,1048,0,0,780,7776,0,0,0
-4,r8937440-n43543,0,8810,1623541081,1048,0,0,780,7776,0,0,0
-4,r8937440-n43543,0,8820,1623541091,1048,0,0,780,7776,0,0,0
-4,r8937440-n43543,0,8830,1623541101,1048,0,0,780,7776,0,0,0
-4,r8937440-n43543,0,8840,1623541111,1048,0,0,780,7776,0,0,0
-4,r8937440-n43543,0,8850,1623541121,1048,0,0,780,7776,0,0,0
-4,r8937440-n43543,0,8860,1623541131,1048,0,0,780,7776,0,0,0
-4,r8937440-n43543,0,8870,1623541141,1048,0,0,780,7776,0,0,0
-4,r8937440-n43543,0,8880,1623541151,1048,0,0,780,7776,0,0,0
-4,r8937440-n43543,0,8890,1623541161,1048,0,0,780,7776,0,0,0
-4,r8937440-n43543,0,8900,1623541171,1048,0,0,780,7776,0,0,0
-4,r8937440-n43543,0,8910,1623541181,1048,0,0,780,7776,0,0,0
-4,r8937440-n43543,0,8920,1623541191,1048,0,0,780,7776,0,0,0
-4,r8937440-n43543,0,8930,1623541201,1048,0,0,780,7776,0,0,0
-4,r8937440-n43543,0,8940,1623541211,1048,0,0,780,7776,0,0,0
-4,r8937440-n43543,0,8950,1623541221,1048,0,0,780,7776,0,0,0
-4,r8937440-n43543,0,8960,1623541231,1048,0,0,780,7776,0,0,0
-4,r8937440-n43543,0,8970,1623541241,1048,0,0,780,7776,0,0,0
-4,r8937440-n43543,0,8980,1623541251,1048,0,0,780,7776,0,0,0
-4,r8937440-n43543,0,8990,1623541261,1048,0,0,780,7776,0,0,0
-4,r8937440-n43543,0,9000,1623541271,1048,0,0,780,7776,0,0,0
-4,r8937440-n43543,0,9010,1623541281,1048,0,0,780,7776,0,0,0
-4,r8937440-n43543,0,9020,1623541291,1048,0,0,780,7776,0,0,0
-4,r8937440-n43543,0,9030,1623541301,1048,0,0,780,7776,0,0,0
-4,r8937440-n43543,0,9040,1623541311,1048,0,0,780,7776,0,0,0
-4,r8937440-n43543,0,9050,1623541321,1048,0,0,780,7776,0,0,0
-4,r8937440-n43543,0,9060,1623541331,1048,0,0,780,7776,0,0,0
-4,r8937440-n43543,0,9070,1623541341,1048,0,0,780,7776,0,0,0
-4,r8937440-n43543,0,9080,1623541351,1048,0,0,780,7776,0,0,0
-4,r8937440-n43543,0,9090,1623541361,1048,0,0,780,7776,0,0,0
-4,r8937440-n43543,0,9100,1623541371,1048,0,0,780,7776,0,0,0
-4,r8937440-n43543,0,9110,1623541381,1048,0,0,780,7776,0,0,0
-4,r8937440-n43543,0,9120,1623541391,1048,0,0,780,7776,0,0,0
-4,r8937440-n43543,0,9130,1623541401,1048,0,0,780,7776,0,0,0
-4,r8937440-n43543,0,9140,1623541411,1048,0,0,780,7776,0,0,0
-4,r8937440-n43543,0,9150,1623541421,1048,0,0,780,7776,0,0,0
-4,r8937440-n43543,0,9160,1623541431,1048,0,0,780,7776,0,0,0
-4,r8937440-n43543,0,9170,1623541441,1048,0,0,780,7776,0,0,0
-4,r8937440-n43543,0,9180,1623541451,1048,0,0,780,7776,0,0,0
-4,r8937440-n43543,0,9190,1623541461,1048,0,0,780,7776,0,0,0
-4,r8937440-n43543,0,9200,1623541471,1048,0,0,780,7776,0,0,0
-4,r8937440-n43543,0,9210,1623541481,1048,0,0,780,7776,0,0,0
-4,r8937440-n43543,0,9220,1623541491,1048,0,0,780,7776,0,0,0
-4,r8937440-n43543,0,9230,1623541501,1048,0,0,780,7776,0,0,0
-4,r8937440-n43543,0,9240,1623541511,1048,0,0,780,7776,0,0,0
-4,r8937440-n43543,0,9250,1623541521,1048,0,0,780,7776,0,0,0
-4,r8937440-n43543,0,9260,1623541531,1048,0,0,780,7776,0,0,0
-4,r8937440-n43543,0,9270,1623541541,1048,0,0,780,7776,0,0,0
-4,r8937440-n43543,0,9280,1623541551,1048,0,0,780,7776,0,0,0
-4,r8937440-n43543,0,9290,1623541561,1048,0,0,780,7776,0,0,0
-4,r8937440-n43543,0,9300,1623541571,1048,0,0,780,7776,0,0,0
-4,r8937440-n43543,0,9310,1623541581,1048,0,0,780,7776,0,0,0
-4,r8937440-n43543,0,9320,1623541591,1048,0,0,780,7776,0,0,0
-4,r8937440-n43543,0,9330,1623541601,1048,0,0,780,7776,0,0,0
-4,r8937440-n43543,0,9340,1623541611,1048,0,0,780,7776,0,0,0
-4,r8937440-n43543,0,9350,1623541621,1048,0,0,780,7776,0,0,0
-4,r8937440-n43543,0,9360,1623541631,1048,0,0,780,7776,0,0,0
-4,r8937440-n43543,0,9370,1623541641,1048,0,0,780,7776,0,0,0
-4,r8937440-n43543,0,9380,1623541651,1048,0,0,780,7776,0,0,0
-4,r8937440-n43543,0,9390,1623541661,1048,0,0,780,7776,0,0,0
-4,r8937440-n43543,0,9400,1623541671,1048,0,0,780,7776,0,0,0
-4,r8937440-n43543,0,9410,1623541681,1048,0,0,780,7776,0,0,0
-4,r8937440-n43543,0,9420,1623541691,1048,0,0,780,7776,0,0,0
-4,r8937440-n43543,0,9430,1623541701,1048,0,0,780,7776,0,0,0
-4,r8937440-n43543,0,9440,1623541711,1048,0,0,780,7776,0,0,0
-4,r8937440-n43543,0,9450,1623541721,1048,0,0,780,7776,0,0,0
-4,r8937440-n43543,0,9460,1623541731,1048,0,0,780,7776,0,0,0
-4,r8937440-n43543,0,9470,1623541741,1048,0,0,780,7776,0,0,0
-4,r8937440-n43543,0,9480,1623541751,1048,0,0,780,7776,0,0,0
-4,r8937440-n43543,0,9490,1623541761,1048,0,0,780,7776,0,0,0
-4,r8937440-n43543,0,9500,1623541771,1048,0,0,780,7776,0,0,0
-4,r8937440-n43543,0,9510,1623541781,1048,0,0,780,7776,0,0,0
-4,r8937440-n43543,0,9520,1623541791,1048,0,0,780,7776,0,0,0
-4,r8937440-n43543,0,9530,1623541801,1048,0,0,780,7776,0,0,0
-4,r8937440-n43543,0,9540,1623541811,1048,0,0,780,7776,0,0,0
-4,r8937440-n43543,0,9550,1623541821,1048,0,0,780,7776,0,0,0
-4,r8937440-n43543,0,9560,1623541831,1048,0,0,780,7776,0,0,0
-4,r8937440-n43543,0,9570,1623541841,1048,0,0,780,7776,0,0,0
-4,r8937440-n43543,0,9580,1623541851,1048,0,0,780,7776,0,0,0
-4,r8937440-n43543,0,9590,1623541861,1048,0,0,780,7776,0,0,0
-4,r8937440-n43543,0,9600,1623541871,1048,0,0,780,7776,0,0,0
-4,r8937440-n43543,0,9610,1623541881,1048,0,0,780,7776,0,0,0
-4,r8937440-n43543,0,9620,1623541891,1048,0,0,780,7776,0,0,0
-4,r8937440-n43543,0,9630,1623541901,1048,0,0,780,7776,0,0,0
-4,r8937440-n43543,0,9640,1623541911,1048,0,0,780,7776,0,0,0
-4,r8937440-n43543,0,9650,1623541921,1048,0,0,780,7776,0,0,0
-4,r8937440-n43543,0,9660,1623541931,1048,0,0,780,7776,0,0,0
-4,r8937440-n43543,0,9670,1623541941,1048,0,0,780,7776,0,0,0
-4,r8937440-n43543,0,9680,1623541951,1048,0,0,780,7776,0,0,0
-4,r8937440-n43543,0,9690,1623541961,1048,0,0,780,7776,0,0,0
-4,r8937440-n43543,0,9700,1623541971,1048,0,0,780,7776,0,0,0
-4,r8937440-n43543,0,9710,1623541981,1048,0,0,780,7776,0,0,0
-4,r8937440-n43543,0,9720,1623541991,1048,0,0,780,7776,0,0,0
-4,r8937440-n43543,0,9730,1623542001,1048,0,0,780,7776,0,0,0
-4,r8937440-n43543,0,9740,1623542011,1048,0,0,780,7776,0,0,0
-4,r8937440-n43543,0,9750,1623542021,1048,0,0,780,7776,0,0,0
-4,r8937440-n43543,0,9760,1623542031,1048,0,0,780,7776,0,0,0
-4,r8937440-n43543,0,9770,1623542041,1048,0,0,780,7776,0,0,0
-4,r8937440-n43543,0,9780,1623542051,1048,0,0,780,7776,0,0,0
-4,r8937440-n43543,0,9790,1623542061,1048,0,0,780,7776,0,0,0
-4,r8937440-n43543,0,9800,1623542071,1048,0,0,780,7776,0,0,0
-4,r8937440-n43543,0,9810,1623542081,1048,0,0,780,7776,0,0,0
-4,r8937440-n43543,0,9820,1623542091,1048,0,0,780,7776,0,0,0
-4,r8937440-n43543,0,9830,1623542101,1048,0,0,780,7776,0,0,0
-4,r8937440-n43543,0,9840,1623542111,1048,0,0,780,7776,0,0,0
-4,r8937440-n43543,0,9850,1623542121,1048,0,0,780,7776,0,0,0
-4,r8937440-n43543,0,9860,1623542131,1048,0,0,780,7776,0,0,0
-4,r8937440-n43543,0,9870,1623542141,1048,0,0,780,7776,0,0,0
-4,r8937440-n43543,0,9880,1623542151,1048,0,0,780,7776,0,0,0
-4,r8937440-n43543,0,9890,1623542161,1048,0,0,780,7776,0,0,0
-4,r8937440-n43543,0,9900,1623542171,1048,0,0,780,7776,0,0,0
-4,r8937440-n43543,0,9910,1623542181,1048,0,0,780,7776,0,0,0
-4,r8937440-n43543,0,9920,1623542191,1048,0,0,780,7776,0,0,0
-4,r8937440-n43543,0,9930,1623542201,1048,0,0,780,7776,0,0,0
-4,r8937440-n43543,0,9940,1623542211,1048,0,0,780,7776,0,0,0
-4,r8937440-n43543,0,9950,1623542221,1048,0,0,780,7776,0,0,0
-4,r8937440-n43543,0,9960,1623542231,1048,0,0,780,7776,0,0,0
-4,r8937440-n43543,0,9970,1623542241,1048,0,0,780,7776,0,0,0
-4,r8937440-n43543,0,9980,1623542251,1048,0,0,780,7776,0,0,0
-4,r8937440-n43543,0,9990,1623542261,1048,0,0,780,7776,0,0,0
-4,r8937440-n43543,0,10000,1623542271,1048,0,0,780,7776,0,0,0
-4,r8937440-n43543,0,10010,1623542281,1048,0,0,780,7776,0,0,0
-4,r8937440-n43543,0,10020,1623542291,1048,0,0,780,7776,0,0,0
-4,r8937440-n43543,0,10030,1623542301,1048,0,0,780,7776,0,0,0
-4,r8937440-n43543,0,10040,1623542311,1048,0,0,780,7776,0,0,0
-4,r8937440-n43543,0,10050,1623542321,1048,0,0,780,7776,0,0,0
-4,r8937440-n43543,0,10060,1623542331,1048,0,0,780,7776,0,0,0
-4,r8937440-n43543,0,10070,1623542341,1048,0,0,780,7776,0,0,0
-4,r8937440-n43543,0,10080,1623542351,1048,0,0,780,7776,0,0,0
-4,r8937440-n43543,0,10090,1623542361,1048,0,0,780,7776,0,0,0
-4,r8937440-n43543,0,10100,1623542371,1048,0,0,780,7776,0,0,0
-4,r8937440-n43543,0,10110,1623542381,1048,0,0,780,7776,0,0,0
-4,r8937440-n43543,0,10120,1623542391,1048,0,0,780,7776,0,0,0
-4,r8937440-n43543,0,10130,1623542401,1048,0,0,780,7776,0,0,0
-4,r8937440-n43543,0,10140,1623542411,1048,0,0,780,7776,0,0,0
-4,r8937440-n43543,0,10150,1623542421,1048,0,0,780,7776,0,0,0
-4,r8937440-n43543,0,10160,1623542431,1048,0,0,780,7776,0,0,0
-4,r8937440-n43543,0,10170,1623542441,1048,0,0,780,7776,0,0,0
-4,r8937440-n43543,0,10180,1623542451,1048,0,0,780,7776,0,0,0
-4,r8937440-n43543,0,10190,1623542461,1048,0,0,780,7776,0,0,0
-4,r8937440-n43543,0,10200,1623542471,1048,0,0,780,7776,0,0,0
-4,r8937440-n43543,0,10210,1623542481,1048,0,0,780,7776,0,0,0
-4,r8937440-n43543,0,10220,1623542491,1048,0,0,780,7776,0,0,0
-4,r8937440-n43543,0,10230,1623542501,1048,0,0,780,7776,0,0,0
-4,r8937440-n43543,0,10240,1623542511,1048,0,0,780,7776,0,0,0
-4,r8937440-n43543,0,10250,1623542521,1048,0,0,780,7776,0,0,0
-4,r8937440-n43543,0,10260,1623542531,1048,0,0,780,7776,0,0,0
-4,r8937440-n43543,0,10270,1623542541,1048,0,0,780,7776,0,0,0
-4,r8937440-n43543,0,10280,1623542551,1048,0,0,780,7776,0,0,0
-4,r8937440-n43543,0,10290,1623542561,1048,0,0,780,7776,0,0,0
-4,r8937440-n43543,0,10300,1623542571,1048,0,0,780,7776,0,0,0
-4,r8937440-n43543,0,10310,1623542581,1048,0,0,780,7776,0,0,0
-4,r8937440-n43543,0,10320,1623542591,1048,0,0,780,7776,0,0,0
-4,r8937440-n43543,0,10330,1623542601,1048,0,0,780,7776,0,0,0
-4,r8937440-n43543,0,10340,1623542611,1048,0,0,780,7776,0,0,0
-4,r8937440-n43543,0,10350,1623542621,1048,0,0,780,7776,0,0,0
-4,r8937440-n43543,0,10360,1623542631,1048,0,0,780,7776,0,0,0
-4,r8937440-n43543,0,10370,1623542641,1048,0,0,780,7776,0,0,0
-4,r8937440-n43543,0,10380,1623542651,1048,0,0,780,7776,0,0,0
-4,r8937440-n43543,0,10390,1623542661,1048,0,0,780,7776,0,0,0
-4,r8937440-n43543,0,10400,1623542671,1048,0,0,780,7776,0,0,0
-4,r8937440-n43543,0,10410,1623542681,1048,0,0,780,7776,0,0,0
-4,r8937440-n43543,0,10420,1623542691,1048,0,0,780,7776,0,0,0
-4,r8937440-n43543,0,10430,1623542701,1048,0,0,780,7776,0,0,0
-4,r8937440-n43543,0,10440,1623542711,1048,0,0,780,7776,0,0,0
-4,r8937440-n43543,0,10450,1623542721,1048,0,0,780,7776,0,0,0
-4,r8937440-n43543,0,10460,1623542731,1048,0,0,780,7776,0,0,0
-4,r8937440-n43543,0,10470,1623542741,1048,0,0,780,7776,0,0,0
-4,r8937440-n43543,0,10480,1623542751,1048,0,0,780,7776,0,0,0
-4,r8937440-n43543,0,10490,1623542761,1048,0,0,780,7776,0,0,0
-4,r8937440-n43543,0,10500,1623542771,1048,0,0,780,7776,0,0,0
-4,r8937440-n43543,0,10510,1623542781,1048,0,0,780,7776,0,0,0
-4,r8937440-n43543,0,10520,1623542791,1048,0,0,780,7776,0,0,0
-4,r8937440-n43543,0,10530,1623542801,1048,0,0,780,7776,0,0,0
-4,r8937440-n43543,0,10540,1623542811,1048,0,0,780,7776,0,0,0
-4,r8937440-n43543,0,10550,1623542821,1048,0,0,780,7776,0,0,0
-4,r8937440-n43543,0,10560,1623542831,1048,0,0,780,7776,0,0,0
-4,r8937440-n43543,0,10570,1623542841,1048,0,0,780,7776,0,0,0
-4,r8937440-n43543,0,10580,1623542851,1048,0,0,780,7776,0,0,0
-4,r8937440-n43543,0,10590,1623542861,1048,0,0,780,7776,0,0,0
-4,r8937440-n43543,0,10600,1623542871,1048,0,0,780,7776,0,0,0
-4,r8937440-n43543,0,10610,1623542881,1048,0,0,780,7776,0,0,0
-4,r8937440-n43543,0,10620,1623542891,1048,0,0,780,7776,0,0,0
-4,r8937440-n43543,0,10630,1623542901,1048,0,0,780,7776,0,0,0
-4,r8937440-n43543,0,10640,1623542911,1048,0,0,780,7776,0,0,0
-4,r8937440-n43543,0,10650,1623542921,1048,0,0,780,7776,0,0,0
-4,r8937440-n43543,0,10660,1623542931,1048,0,0,780,7776,0,0,0
-4,r8937440-n43543,0,10670,1623542941,1048,0,0,780,7776,0,0,0
-4,r8937440-n43543,0,10680,1623542951,1048,0,0,780,7776,0,0,0
-4,r8937440-n43543,0,10690,1623542961,1048,0,0,780,7776,0,0,0
-4,r8937440-n43543,0,10700,1623542971,1048,0,0,780,7776,0,0,0
-4,r8937440-n43543,0,10710,1623542981,1048,0,0,780,7776,0,0,0
-4,r8937440-n43543,0,10720,1623542991,1048,0,0,780,7776,0,0,0
-4,r8937440-n43543,0,10730,1623543001,1048,0,0,780,7776,0,0,0
-4,r8937440-n43543,0,10740,1623543011,1048,0,0,780,7776,0,0,0
-4,r8937440-n43543,0,10750,1623543021,1048,0,0,780,7776,0,0,0
-4,r8937440-n43543,0,10760,1623543031,1048,0,0,780,7776,0,0,0
-4,r8937440-n43543,0,10770,1623543041,1048,0,0,780,7776,0,0,0
-4,r8937440-n43543,0,10780,1623543051,1048,0,0,780,7776,0,0,0
-4,r8937440-n43543,0,10790,1623543061,1048,0,0,780,7776,0,0,0
-4,r8937440-n43543,0,10800,1623543071,1048,0,0,780,7776,0,0,0
-4,r8937440-n43543,0,10810,1623543081,1048,0,0,780,7776,0,0,0
-4,r8937440-n43543,0,10820,1623543091,1048,0,0,780,7776,0,0,0
-4,r8937440-n43543,0,10830,1623543101,1048,0,0,780,7776,0,0,0
-4,r8937440-n43543,0,10840,1623543111,1048,0,0,780,7776,0,0,0
-4,r8937440-n43543,0,10850,1623543121,1048,0,0,780,7776,0,0,0
-4,r8937440-n43543,0,10860,1623543131,1048,0,0,780,7776,0,0,0
-4,r8937440-n43543,0,10870,1623543141,1048,0,0,780,7776,0,0,0
-4,r8937440-n43543,0,10880,1623543151,1048,0,0,780,7776,0,0,0
-4,r8937440-n43543,0,10890,1623543161,1048,0,0,780,7776,0,0,0
-4,r8937440-n43543,0,10900,1623543171,1048,0,0,780,7776,0,0,0
-4,r8937440-n43543,0,10910,1623543181,1048,0,0,780,7776,0,0,0
-4,r8937440-n43543,0,10920,1623543191,1048,0,0,780,7776,0,0,0
-4,r8937440-n43543,0,10930,1623543201,1048,0,0,780,7776,0,0,0
-4,r8937440-n43543,0,10940,1623543211,1048,0,0,780,7776,0,0,0
-4,r8937440-n43543,0,10950,1623543221,1048,0,0,780,7776,0,0,0
-4,r8937440-n43543,0,10960,1623543231,1048,0,0,780,7776,0,0,0
-4,r8937440-n43543,0,10970,1623543241,1048,0,0,780,7776,0,0,0
-4,r8937440-n43543,0,10980,1623543251,1048,0,0,780,7776,0,0,0
-4,r8937440-n43543,0,10990,1623543261,1048,0,0,780,7776,0,0,0
-4,r8937440-n43543,0,11000,1623543271,1048,0,0,780,7776,0,0,0
-4,r8937440-n43543,0,11010,1623543281,1048,0,0,780,7776,0,0,0
-4,r8937440-n43543,0,11020,1623543291,1048,0,0,780,7776,0,0,0
-4,r8937440-n43543,0,11030,1623543301,1048,0,0,780,7776,0,0,0
-4,r8937440-n43543,0,11040,1623543311,1048,0,0,780,7776,0,0,0
-4,r8937440-n43543,0,11050,1623543321,1048,0,0,780,7776,0,0,0
-4,r8937440-n43543,0,11060,1623543331,1048,0,0,780,7776,0,0,0
-4,r8937440-n43543,0,11070,1623543341,1048,0,0,780,7776,0,0,0
-4,r8937440-n43543,0,11080,1623543351,1048,0,0,780,7776,0,0,0
-4,r8937440-n43543,0,11090,1623543361,1048,0,0,780,7776,0,0,0
-4,r8937440-n43543,0,11100,1623543371,1048,0,0,780,7776,0,0,0
-4,r8937440-n43543,0,11110,1623543381,1048,0,0,780,7776,0,0,0
-4,r8937440-n43543,0,11120,1623543391,1048,0,0,780,7776,0,0,0
-4,r8937440-n43543,0,11130,1623543401,1048,0,0,780,7776,0,0,0
-4,r8937440-n43543,0,11140,1623543411,1048,0,0,780,7776,0,0,0
-4,r8937440-n43543,0,11150,1623543421,1048,0,0,780,7776,0,0,0
-4,r8937440-n43543,0,11160,1623543431,1048,0,0,780,7776,0,0,0
-4,r8937440-n43543,0,11170,1623543441,1048,0,0,780,7776,0,0,0
-4,r8937440-n43543,0,11180,1623543451,1048,0,0,780,7776,0,0,0
-4,r8937440-n43543,0,11190,1623543461,1048,0,0,780,7776,0,0,0
-4,r8937440-n43543,0,11200,1623543471,1048,0,0,780,7776,0,0,0
-4,r8937440-n43543,0,11210,1623543481,1048,0,0,780,7776,0,0,0
-4,r8937440-n43543,0,11220,1623543491,1048,0,0,780,7776,0,0,0
-4,r8937440-n43543,0,11230,1623543501,1048,0,0,780,7776,0,0,0
-4,r8937440-n43543,0,11240,1623543511,1048,0,0,780,7776,0,0,0
-4,r8937440-n43543,0,11250,1623543521,1048,0,0,780,7776,0,0,0
-4,r8937440-n43543,0,11260,1623543531,1048,0,0,780,7776,0,0,0
-4,r8937440-n43543,0,11270,1623543541,1048,0,0,780,7776,0,0,0
-4,r8937440-n43543,0,11280,1623543551,1048,0,0,780,7776,0,0,0
-4,r8937440-n43543,0,11290,1623543561,1048,0,0,780,7776,0,0,0
-4,r8937440-n43543,0,11300,1623543571,1048,0,0,780,7776,0,0,0
-4,r8937440-n43543,0,11310,1623543581,1048,0,0,780,7776,0,0,0
-4,r8937440-n43543,0,11320,1623543591,1048,0,0,780,7776,0,0,0
-4,r8937440-n43543,0,11330,1623543601,1048,0,0,780,7776,0,0,0
-4,r8937440-n43543,0,11340,1623543611,1048,0,0,780,7776,0,0,0
-4,r8937440-n43543,0,11350,1623543621,1048,0,0,780,7776,0,0,0
-4,r8937440-n43543,0,11360,1623543631,1048,0,0,780,7776,0,0,0
-4,r8937440-n43543,0,11370,1623543641,1048,0,0,780,7776,0,0,0
-4,r8937440-n43543,0,11380,1623543651,1048,0,0,780,7776,0,0,0
-4,r8937440-n43543,0,11390,1623543661,1048,0,0,780,7776,0,0,0
-4,r8937440-n43543,0,11400,1623543671,1048,0,0,780,7776,0,0,0
-4,r8937440-n43543,0,11410,1623543681,1048,0,0,780,7776,0,0,0
-4,r8937440-n43543,0,11420,1623543691,1048,0,0,780,7776,0,0,0
-4,r8937440-n43543,0,11430,1623543701,1048,0,0,780,7776,0,0,0
-4,r8937440-n43543,0,11440,1623543711,1048,0,0,780,7776,0,0,0
-4,r8937440-n43543,0,11450,1623543721,1048,0,0,780,7776,0,0,0
-4,r8937440-n43543,0,11460,1623543731,1048,0,0,780,7776,0,0,0
-4,r8937440-n43543,0,11470,1623543741,1048,0,0,780,7776,0,0,0
-4,r8937440-n43543,0,11480,1623543751,1048,0,0,780,7776,0,0,0
-4,r8937440-n43543,0,11490,1623543761,1048,0,0,780,7776,0,0,0
-4,r8937440-n43543,0,11500,1623543771,1048,0,0,780,7776,0,0,0
-4,r8937440-n43543,0,11510,1623543781,1048,0,0,780,7776,0,0,0
-4,r8937440-n43543,0,11520,1623543791,1048,0,0,780,7776,0,0,0
-4,r8937440-n43543,0,11530,1623543801,1048,0,0,780,7776,0,0,0
-4,r8937440-n43543,0,11540,1623543811,1048,0,0,780,7776,0,0,0
-4,r8937440-n43543,0,11550,1623543821,1048,0,0,780,7776,0,0,0
-4,r8937440-n43543,0,11560,1623543831,1048,0,0,780,7776,0,0,0
-4,r8937440-n43543,0,11570,1623543841,1048,0,0,780,7776,0,0,0
-4,r8937440-n43543,0,11580,1623543851,1048,0,0,780,7776,0,0,0
-4,r8937440-n43543,0,11590,1623543861,1048,0,0,780,7776,0,0,0
-4,r8937440-n43543,0,11600,1623543871,1048,0,0,780,7776,0,0,0
-4,r8937440-n43543,0,11610,1623543881,1048,0,0,780,7776,0,0,0
-4,r8937440-n43543,0,11620,1623543891,1048,0,0,780,7776,0,0,0
-4,r8937440-n43543,0,11630,1623543901,1048,0,0,780,7776,0,0,0
-4,r8937440-n43543,0,11640,1623543911,1048,0,0,780,7776,0,0,0
-4,r8937440-n43543,0,11650,1623543921,1048,0,0,780,7776,0,0,0
-4,r8937440-n43543,0,11660,1623543931,1048,0,0,780,7776,0,0,0
-4,r8937440-n43543,0,11670,1623543941,1048,0,0,780,7776,0,0,0
-4,r8937440-n43543,0,11680,1623543951,1048,0,0,780,7776,0,0,0
-4,r8937440-n43543,0,11690,1623543961,1048,0,0,780,7776,0,0,0
-4,r8937440-n43543,0,11700,1623543971,1048,0,0,780,7776,0,0,0
-4,r8937440-n43543,0,11710,1623543981,1048,0,0,780,7776,0,0,0
-4,r8937440-n43543,0,11720,1623543991,1048,0,0,780,7776,0,0,0
-4,r8937440-n43543,0,11730,1623544001,1048,0,0,780,7776,0,0,0
-4,r8937440-n43543,0,11740,1623544011,1048,0,0,780,7776,0,0,0
-4,r8937440-n43543,0,11750,1623544021,1048,0,0,780,7776,0,0,0
-4,r8937440-n43543,0,11760,1623544031,1048,0,0,780,7776,0,0,0
-4,r8937440-n43543,0,11770,1623544041,1048,0,0,780,7776,0,0,0
-4,r8937440-n43543,0,11780,1623544051,1048,0,0,780,7776,0,0,0
-4,r8937440-n43543,0,11790,1623544061,1048,0,0,780,7776,0,0,0
-4,r8937440-n43543,0,11800,1623544071,1048,0,0,780,7776,0,0,0
-4,r8937440-n43543,0,11810,1623544081,1048,0,0,780,7776,0,0,0
-4,r8937440-n43543,0,11820,1623544091,1048,0,0,780,7776,0,0,0
-4,r8937440-n43543,0,11830,1623544101,1048,0,0,780,7776,0,0,0
-4,r8937440-n43543,0,11840,1623544111,1048,0,0,780,7776,0,0,0
-4,r8937440-n43543,0,11850,1623544121,1048,0,0,780,7776,0,0,0
-4,r8937440-n43543,0,11860,1623544131,1048,0,0,780,7776,0,0,0
-4,r8937440-n43543,0,11870,1623544141,1048,0,0,780,7776,0,0,0
-4,r8937440-n43543,0,11880,1623544151,1048,0,0,780,7776,0,0,0
-4,r8937440-n43543,0,11890,1623544161,1048,0,0,780,7776,0,0,0
-4,r8937440-n43543,0,11900,1623544171,1048,0,0,780,7776,0,0,0
-4,r8937440-n43543,0,11910,1623544181,1048,0,0,780,7776,0,0,0
-4,r8937440-n43543,0,11920,1623544191,1048,0,0,780,7776,0,0,0
-4,r8937440-n43543,0,11930,1623544201,1048,0,0,780,7776,0,0,0
-4,r8937440-n43543,0,11940,1623544211,1048,0,0,780,7776,0,0,0
-4,r8937440-n43543,0,11950,1623544221,1048,0,0,780,7776,0,0,0
-4,r8937440-n43543,0,11960,1623544231,1048,0,0,780,7776,0,0,0
-4,r8937440-n43543,0,11970,1623544241,1048,0,0,780,7776,0,0,0
-4,r8937440-n43543,0,11980,1623544251,1048,0,0,780,7776,0,0,0
-4,r8937440-n43543,0,11990,1623544261,1048,0,0,780,7776,0,0,0
-4,r8937440-n43543,0,12000,1623544271,1048,0,0,780,7776,0,0,0
-4,r8937440-n43543,0,12010,1623544281,1048,0,0,780,7776,0,0,0
-4,r8937440-n43543,0,12020,1623544291,1048,0,0,780,7776,0,0,0
-4,r8937440-n43543,0,12030,1623544301,1048,0,0,780,7776,0,0,0
-4,r8937440-n43543,0,12040,1623544311,1048,0,0,780,7776,0,0,0
-4,r8937440-n43543,0,12050,1623544321,1048,0,0,780,7776,0,0,0
-4,r8937440-n43543,0,12060,1623544331,1048,0,0,780,7776,0,0,0
-4,r8937440-n43543,0,12070,1623544341,1048,0,0,780,7776,0,0,0
-4,r8937440-n43543,0,12080,1623544351,1048,0,0,780,7776,0,0,0
-4,r8937440-n43543,0,12090,1623544361,1048,0,0,780,7776,0,0,0
-4,r8937440-n43543,0,12100,1623544371,1048,0,0,780,7776,0,0,0
-4,r8937440-n43543,0,12110,1623544381,1048,0,0,780,7776,0,0,0
-4,r8937440-n43543,0,12120,1623544391,1048,0,0,780,7776,0,0,0
-4,r8937440-n43543,0,12130,1623544401,1048,0,0,780,7776,0,0,0
-4,r8937440-n43543,0,12140,1623544411,1048,0,0,780,7776,0,0,0
-4,r8937440-n43543,0,12150,1623544421,1048,0,0,780,7776,0,0,0
-4,r8937440-n43543,0,12160,1623544431,1048,0,0,780,7776,0,0,0
-4,r8937440-n43543,0,12170,1623544441,1048,0,0,780,7776,0,0,0
-4,r8937440-n43543,0,12180,1623544451,1048,0,0,780,7776,0,0,0
-4,r8937440-n43543,0,12190,1623544461,1048,0,0,780,7776,0,0,0
-4,r8937440-n43543,0,12200,1623544471,1048,0,0,780,7776,0,0,0
-4,r8937440-n43543,0,12210,1623544481,1048,0,0,780,7776,0,0,0
-4,r8937440-n43543,0,12220,1623544491,1048,0,0,780,7776,0,0,0
-4,r8937440-n43543,0,12230,1623544501,1048,0,0,780,7776,0,0,0
-4,r8937440-n43543,0,12240,1623544511,1048,0,0,780,7776,0,0,0
-4,r8937440-n43543,0,12250,1623544521,1048,0,0,780,7776,0,0,0
-4,r8937440-n43543,0,12260,1623544531,1048,0,0,780,7776,0,0,0
-4,r8937440-n43543,0,12270,1623544541,1048,0,0,780,7776,0,0,0
-4,r8937440-n43543,0,12280,1623544551,1048,0,0,780,7776,0,0,0
-4,r8937440-n43543,0,12290,1623544561,1048,0,0,780,7776,0,0,0
-4,r8937440-n43543,0,12300,1623544571,1048,0,0,780,7776,0,0,0
-4,r8937440-n43543,0,12310,1623544581,1048,0,0,780,7776,0,0,0
-4,r8937440-n43543,0,12320,1623544591,1048,0,0,780,7776,0,0,0
-4,r8937440-n43543,0,12330,1623544601,1048,0,0,780,7776,0,0,0
-4,r8937440-n43543,0,12340,1623544611,1048,0,0,780,7776,0,0,0
-4,r8937440-n43543,0,12350,1623544621,1048,0,0,780,7776,0,0,0
-4,r8937440-n43543,0,12360,1623544631,1048,0,0,780,7776,0,0,0
-4,r8937440-n43543,0,12370,1623544641,1048,0,0,780,7776,0,0,0
-4,r8937440-n43543,0,12380,1623544651,1048,0,0,780,7776,0,0,0
-4,r8937440-n43543,0,12390,1623544661,1048,0,0,780,7776,0,0,0
-4,r8937440-n43543,0,12400,1623544671,1048,0,0,780,7776,0,0,0
-4,r8937440-n43543,0,12410,1623544681,1048,0,0,780,7776,0,0,0
-4,r8937440-n43543,0,12420,1623544691,1048,0,0,780,7776,0,0,0
-4,r8937440-n43543,0,12430,1623544701,1048,0,0,780,7776,0,0,0
-4,r8937440-n43543,0,12440,1623544711,1048,0,0,780,7776,0,0,0
-4,r8937440-n43543,0,12450,1623544721,1048,0,0,780,7776,0,0,0
-4,r8937440-n43543,0,12460,1623544731,1048,0,0,780,7776,0,0,0
-4,r8937440-n43543,0,12470,1623544741,1048,0,0,780,7776,0,0,0
-4,r8937440-n43543,0,12480,1623544751,1048,0,0,780,7776,0,0,0
-4,r8937440-n43543,0,12490,1623544761,1048,0,0,780,7776,0,0,0
-4,r8937440-n43543,0,12500,1623544771,1048,0,0,780,7776,0,0,0
-4,r8937440-n43543,0,12510,1623544781,1048,0,0,780,7776,0,0,0
-4,r8937440-n43543,0,12520,1623544791,1048,0,0,780,7776,0,0,0
-4,r8937440-n43543,0,12530,1623544801,1048,0,0,780,7776,0,0,0
-4,r8937440-n43543,0,12540,1623544811,1048,0,0,780,7776,0,0,0
-4,r8937440-n43543,0,12550,1623544821,1048,0,0,780,7776,0,0,0
-4,r8937440-n43543,0,12560,1623544831,1048,0,0,780,7776,0,0,0
-4,r8937440-n43543,0,12570,1623544841,1048,0,0,780,7776,0,0,0
-4,r8937440-n43543,0,12580,1623544851,1048,0,0,780,7776,0,0,0
-4,r8937440-n43543,0,12590,1623544861,1048,0,0,780,7776,0,0,0
-4,r8937440-n43543,0,12600,1623544871,1048,0,0,780,7776,0,0,0
-4,r8937440-n43543,0,12610,1623544881,1048,0,0,780,7776,0,0,0
-4,r8937440-n43543,0,12620,1623544891,1048,0,0,780,7776,0,0,0
-4,r8937440-n43543,0,12630,1623544901,1048,0,0,780,7776,0,0,0
-4,r8937440-n43543,0,12640,1623544911,1048,0,0,780,7776,0,0,0
-4,r8937440-n43543,0,12650,1623544921,1048,0,0,780,7776,0,0,0
-4,r8937440-n43543,0,12660,1623544931,1048,0,0,780,7776,0,0,0
-4,r8937440-n43543,0,12670,1623544941,1048,0,0,780,7776,0,0,0
-4,r8937440-n43543,0,12680,1623544951,1048,0,0,780,7776,0,0,0
-4,r8937440-n43543,0,12690,1623544961,1048,0,0,780,7776,0,0,0
-4,r8937440-n43543,0,12700,1623544971,1048,0,0,780,7776,0,0,0
-4,r8937440-n43543,0,12710,1623544981,1048,0,0,780,7776,0,0,0
-4,r8937440-n43543,0,12720,1623544991,1048,0,0,780,7776,0,0,0
-4,r8937440-n43543,0,12730,1623545001,1048,0,0,780,7776,0,0,0
-4,r8937440-n43543,0,12740,1623545011,1048,0,0,780,7776,0,0,0
-4,r8937440-n43543,0,12750,1623545021,1048,0,0,780,7776,0,0,0
-4,r8937440-n43543,0,12760,1623545031,1048,0,0,780,7776,0,0,0
-4,r8937440-n43543,0,12770,1623545041,1048,0,0,780,7776,0,0,0
-4,r8937440-n43543,0,12780,1623545051,1048,0,0,780,7776,0,0,0
-4,r8937440-n43543,0,12790,1623545061,1048,0,0,780,7776,0,0,0
-4,r8937440-n43543,0,12800,1623545071,1048,0,0,780,7776,0,0,0
-4,r8937440-n43543,0,12810,1623545081,1048,0,0,780,7776,0,0,0
-4,r8937440-n43543,0,12820,1623545091,1048,0,0,780,7776,0,0,0
-4,r8937440-n43543,0,12830,1623545101,1048,0,0,780,7776,0,0,0
-4,r8937440-n43543,0,12840,1623545111,1048,0,0,780,7776,0,0,0
-4,r8937440-n43543,0,12850,1623545121,1048,0,0,780,7776,0,0,0
-4,r8937440-n43543,0,12860,1623545131,1048,0,0,780,7776,0,0,0
-4,r8937440-n43543,0,12870,1623545141,1048,0,0,780,7776,0,0,0
-4,r8937440-n43543,0,12880,1623545151,1048,0,0,780,7776,0,0,0
-4,r8937440-n43543,0,12890,1623545161,1048,0,0,780,7776,0,0,0
-4,r8937440-n43543,0,12900,1623545171,1048,0,0,780,7776,0,0,0
-4,r8937440-n43543,0,12910,1623545181,1048,0,0,780,7776,0,0,0
-4,r8937440-n43543,0,12920,1623545191,1048,0,0,780,7776,0,0,0
-4,r8937440-n43543,0,12930,1623545201,1048,0,0,780,7776,0,0,0
-4,r8937440-n43543,0,12940,1623545211,1048,0,0,780,7776,0,0,0
-4,r8937440-n43543,0,12950,1623545221,1048,0,0,780,7776,0,0,0
-4,r8937440-n43543,0,12960,1623545231,1048,0,0,780,7776,0,0,0
-4,r8937440-n43543,0,12970,1623545241,1048,0,0,780,7776,0,0,0
-4,r8937440-n43543,0,12980,1623545251,1048,0,0,780,7776,0,0,0
-4,r8937440-n43543,0,12990,1623545261,1048,0,0,780,7776,0,0,0
-4,r8937440-n43543,0,13000,1623545271,1048,0,0,780,7776,0,0,0
-4,r8937440-n43543,0,13010,1623545281,1048,0,0,780,7776,0,0,0
-4,r8937440-n43543,0,13020,1623545291,1048,0,0,780,7776,0,0,0
-4,r8937440-n43543,0,13030,1623545301,1048,0,0,780,7776,0,0,0
-4,r8937440-n43543,0,13040,1623545311,1048,0,0,780,7776,0,0,0
-4,r8937440-n43543,0,13050,1623545321,1048,0,0,780,7776,0,0,0
-4,r8937440-n43543,0,13060,1623545331,1048,0,0,780,7776,0,0,0
-4,r8937440-n43543,0,13070,1623545341,1048,0,0,780,7776,0,0,0
-4,r8937440-n43543,0,13080,1623545351,1048,0,0,780,7776,0,0,0
-4,r8937440-n43543,0,13090,1623545361,1048,0,0,780,7776,0,0,0
-4,r8937440-n43543,0,13100,1623545371,1048,0,0,780,7776,0,0,0
-4,r8937440-n43543,0,13110,1623545381,1048,0,0,780,7776,0,0,0
-4,r8937440-n43543,0,13120,1623545391,1048,0,0,780,7776,0,0,0
-4,r8937440-n43543,0,13130,1623545401,1048,0,0,780,7776,0,0,0
-4,r8937440-n43543,0,13140,1623545411,1048,0,0,780,7776,0,0,0
-4,r8937440-n43543,0,13150,1623545421,1048,0,0,780,7776,0,0,0
-4,r8937440-n43543,0,13160,1623545431,1048,0,0,780,7776,0,0,0
-4,r8937440-n43543,0,13170,1623545441,1048,0,0,780,7776,0,0,0
-4,r8937440-n43543,0,13180,1623545451,1048,0,0,780,7776,0,0,0
-4,r8937440-n43543,0,13190,1623545461,1048,0,0,780,7776,0,0,0
-4,r8937440-n43543,0,13200,1623545471,1048,0,0,780,7776,0,0,0
-4,r8937440-n43543,0,13210,1623545481,1048,0,0,780,7776,0,0,0
-4,r8937440-n43543,0,13220,1623545491,1048,0,0,780,7776,0,0,0
-4,r8937440-n43543,0,13230,1623545501,1048,0,0,780,7776,0,0,0
-4,r8937440-n43543,0,13240,1623545511,1048,0,0,780,7776,0,0,0
-4,r8937440-n43543,0,13250,1623545521,1048,0,0,780,7776,0,0,0
-4,r8937440-n43543,0,13260,1623545531,1048,0,0,780,7776,0,0,0
-4,r8937440-n43543,0,13270,1623545541,1048,0,0,780,7776,0,0,0
-4,r8937440-n43543,0,13280,1623545551,1048,0,0,780,7776,0,0,0
-4,r8937440-n43543,0,13290,1623545561,1048,0,0,780,7776,0,0,0
-4,r8937440-n43543,0,13300,1623545571,1048,0,0,780,7776,0,0,0
-4,r8937440-n43543,0,13310,1623545581,1048,0,0,780,7776,0,0,0
-4,r8937440-n43543,0,13320,1623545591,1048,0,0,780,7776,0,0,0
-4,r8937440-n43543,0,13330,1623545601,1048,0,0,780,7776,0,0,0
-4,r8937440-n43543,0,13340,1623545611,1048,0,0,780,7776,0,0,0
-4,r8937440-n43543,0,13350,1623545621,1048,0,0,780,7776,0,0,0
-4,r8937440-n43543,0,13360,1623545631,1048,0,0,780,7776,0,0,0
-4,r8937440-n43543,0,13370,1623545641,1048,0,0,780,7776,0,0,0
-4,r8937440-n43543,0,13380,1623545651,1048,0,0,780,7776,0,0,0
-4,r8937440-n43543,0,13390,1623545661,1048,0,0,780,7776,0,0,0
-4,r8937440-n43543,0,13400,1623545671,1048,0,0,780,7776,0,0,0
-4,r8937440-n43543,0,13410,1623545681,1048,0,0,780,7776,0,0,0
-4,r8937440-n43543,0,13420,1623545691,1048,0,0,780,7776,0,0,0
-4,r8937440-n43543,0,13430,1623545701,1048,0,0,780,7776,0,0,0
-4,r8937440-n43543,0,13440,1623545711,1048,0,0,780,7776,0,0,0
-4,r8937440-n43543,0,13450,1623545721,1048,0,0,780,7776,0,0,0
-4,r8937440-n43543,0,13460,1623545731,1048,0,0,780,7776,0,0,0
-4,r8937440-n43543,0,13470,1623545741,1048,0,0,780,7776,0,0,0
-4,r8937440-n43543,0,13480,1623545751,1048,0,0,780,7776,0,0,0
-4,r8937440-n43543,0,13490,1623545761,1048,0,0,780,7776,0,0,0
-4,r8937440-n43543,0,13500,1623545771,1048,0,0,780,7776,0,0,0
-4,r8937440-n43543,0,13510,1623545781,1048,0,0,780,7776,0,0,0
-4,r8937440-n43543,0,13520,1623545791,1048,0,0,780,7776,0,0,0
-4,r8937440-n43543,0,13530,1623545801,1048,0,0,780,7776,0,0,0
-4,r8937440-n43543,0,13540,1623545811,1048,0,0,780,7776,0,0,0
-4,r8937440-n43543,0,13550,1623545821,1048,0,0,780,7776,0,0,0
-4,r8937440-n43543,0,13560,1623545831,1048,0,0,780,7776,0,0,0
-4,r8937440-n43543,0,13570,1623545841,1048,0,0,780,7776,0,0,0
-4,r8937440-n43543,0,13580,1623545851,1048,0,0,780,7776,0,0,0
-4,r8937440-n43543,0,13590,1623545861,1048,0,0,780,7776,0,0,0
-4,r8937440-n43543,0,13600,1623545871,1048,0,0,780,7776,0,0,0
-4,r8937440-n43543,0,13610,1623545881,1048,0,0,780,7776,0,0,0
-4,r8937440-n43543,0,13620,1623545891,1048,0,0,780,7776,0,0,0
-4,r8937440-n43543,0,13630,1623545901,1048,0,0,780,7776,0,0,0
-4,r8937440-n43543,0,13640,1623545911,1048,0,0,780,7776,0,0,0
-4,r8937440-n43543,0,13650,1623545921,1048,0,0,780,7776,0,0,0
-4,r8937440-n43543,0,13660,1623545931,1048,0,0,780,7776,0,0,0
-4,r8937440-n43543,0,13670,1623545941,1048,0,0,780,7776,0,0,0
-4,r8937440-n43543,0,13680,1623545951,1048,0,0,780,7776,0,0,0
-4,r8937440-n43543,0,13690,1623545961,1048,0,0,780,7776,0,0,0
-4,r8937440-n43543,0,13700,1623545971,1048,0,0,780,7776,0,0,0
-4,r8937440-n43543,0,13710,1623545981,1048,0,0,780,7776,0,0,0
-4,r8937440-n43543,0,13720,1623545991,1048,0,0,780,7776,0,0,0
-4,r8937440-n43543,0,13730,1623546001,1048,0,0,780,7776,0,0,0
-4,r8937440-n43543,0,13740,1623546011,1048,0,0,780,7776,0,0,0
-4,r8937440-n43543,0,13750,1623546021,1048,0,0,780,7776,0,0,0
-4,r8937440-n43543,0,13760,1623546031,1048,0,0,780,7776,0,0,0
-4,r8937440-n43543,0,13770,1623546041,1048,0,0,780,7776,0,0,0
-4,r8937440-n43543,0,13780,1623546051,1048,0,0,780,7776,0,0,0
-4,r8937440-n43543,0,13790,1623546061,1048,0,0,780,7776,0,0,0
-4,r8937440-n43543,0,13800,1623546071,1048,0,0,780,7776,0,0,0
-4,r8937440-n43543,0,13810,1623546081,1048,0,0,780,7776,0,0,0
-4,r8937440-n43543,0,13820,1623546091,1048,0,0,780,7776,0,0,0
-4,r8937440-n43543,0,13830,1623546101,1048,0,0,780,7776,0,0,0
-4,r8937440-n43543,0,13840,1623546111,1048,0,0,780,7776,0,0,0
-4,r8937440-n43543,0,13850,1623546121,1048,0,0,780,7776,0,0,0
-4,r8937440-n43543,0,13860,1623546131,1048,0,0,780,7776,0,0,0
-4,r8937440-n43543,0,13870,1623546141,1048,0,0,780,7776,0,0,0
-4,r8937440-n43543,0,13880,1623546151,1048,0,0,780,7776,0,0,0
-4,r8937440-n43543,0,13890,1623546161,1048,0,0,780,7776,0,0,0
-4,r8937440-n43543,0,13900,1623546171,1048,0,0,780,7776,0,0,0
-4,r8937440-n43543,0,13910,1623546181,1048,0,0,780,7776,0,0,0
-4,r8937440-n43543,0,13920,1623546191,1048,0,0,780,7776,0,0,0
-4,r8937440-n43543,0,13930,1623546201,1048,0,0,780,7776,0,0,0
-4,r8937440-n43543,0,13940,1623546211,1048,0,0,780,7776,0,0,0
-4,r8937440-n43543,0,13950,1623546221,1048,0,0,780,7776,0,0,0
-4,r8937440-n43543,0,13960,1623546231,1048,0,0,780,7776,0,0,0
-4,r8937440-n43543,0,13970,1623546241,1048,0,0,780,7776,0,0,0
-4,r8937440-n43543,0,13980,1623546251,1048,0,0,780,7776,0,0,0
-4,r8937440-n43543,0,13990,1623546261,1048,0,0,780,7776,0,0,0
-4,r8937440-n43543,0,14000,1623546271,1048,0,0,780,7776,0,0,0
-4,r8937440-n43543,0,14010,1623546281,1048,0,0,780,7776,0,0,0
-4,r8937440-n43543,0,14020,1623546291,1048,0,0,780,7776,0,0,0
-4,r8937440-n43543,0,14030,1623546301,1048,0,0,780,7776,0,0,0
-4,r8937440-n43543,0,14040,1623546311,1048,0,0,780,7776,0,0,0
-4,r8937440-n43543,0,14050,1623546321,1048,0,0,780,7776,0,0,0
-4,r8937440-n43543,0,14060,1623546331,1048,0,0,780,7776,0,0,0
-4,r8937440-n43543,0,14070,1623546341,1048,0,0,780,7776,0,0,0
-4,r8937440-n43543,0,14080,1623546351,1048,0,0,780,7776,0,0,0
-4,r8937440-n43543,0,14090,1623546361,1048,0,0,780,7776,0,0,0
-4,r8937440-n43543,0,14100,1623546371,1048,0,0,780,7776,0,0,0
-4,r8937440-n43543,0,14110,1623546381,1048,0,0,780,7776,0,0,0
-4,r8937440-n43543,0,14120,1623546391,1048,0,0,780,7776,0,0,0
-4,r8937440-n43543,0,14130,1623546401,1048,0,0,780,7776,0,0,0
-4,r8937440-n43543,0,14140,1623546411,1048,0,0,780,7776,0,0,0
-4,r8937440-n43543,0,14150,1623546421,1048,0,0,780,7776,0,0,0
-4,r8937440-n43543,0,14160,1623546431,1048,0,0,780,7776,0,0,0
-4,r8937440-n43543,0,14170,1623546441,1048,0,0,780,7776,0,0,0
-4,r8937440-n43543,0,14180,1623546451,1048,0,0,780,7776,0,0,0
-4,r8937440-n43543,0,14190,1623546461,1048,0,0,780,7776,0,0,0
-4,r8937440-n43543,0,14200,1623546471,1048,0,0,780,7776,0,0,0
-4,r8937440-n43543,0,14210,1623546481,1048,0,0,780,7776,0,0,0
-4,r8937440-n43543,0,14220,1623546491,1048,0,0,780,7776,0,0,0
-4,r8937440-n43543,0,14230,1623546501,1048,0,0,780,7776,0,0,0
-4,r8937440-n43543,0,14240,1623546511,1048,0,0,780,7776,0,0,0
-4,r8937440-n43543,0,14250,1623546521,1048,0,0,780,7776,0,0,0
-4,r8937440-n43543,0,14260,1623546531,1048,0,0,780,7776,0,0,0
-4,r8937440-n43543,0,14270,1623546541,1048,0,0,780,7776,0,0,0
-4,r8937440-n43543,0,14280,1623546551,1048,0,0,780,7776,0,0,0
-4,r8937440-n43543,0,14290,1623546561,1048,0,0,780,7776,0,0,0
-4,r8937440-n43543,0,14300,1623546571,1048,0,0,780,7776,0,0,0
-4,r8937440-n43543,0,14310,1623546581,1048,0,0,780,7776,0,0,0
-4,r8937440-n43543,0,14320,1623546591,1048,0,0,780,7776,0,0,0
-4,r8937440-n43543,0,14330,1623546601,1048,0,0,780,7776,0,0,0
-4,r8937440-n43543,0,14340,1623546611,1048,0,0,780,7776,0,0,0
-4,r8937440-n43543,0,14350,1623546621,1048,0,0,780,7776,0,0,0
-4,r8937440-n43543,0,14360,1623546631,1048,0,0,780,7776,0,0,0
-4,r8937440-n43543,0,14370,1623546641,1048,0,0,780,7776,0,0,0
-4,r8937440-n43543,0,14380,1623546651,1048,0,0,780,7776,0,0,0
-4,r8937440-n43543,0,14390,1623546661,1048,0,0,780,7776,0,0,0
-4,r8937440-n43543,0,14400,1623546671,1048,0,0,780,7776,0,0,0
-4,r8937440-n43543,0,14410,1623546681,1048,0,0,780,7776,0,0,0
-4,r8937440-n43543,0,14420,1623546691,1048,0,0,780,7776,0,0,0
-4,r8937440-n43543,0,14430,1623546701,1048,0,0,780,7776,0,0,0
-4,r8937440-n43543,0,14440,1623546711,1048,0,0,780,7776,0,0,0
-4,r8937440-n43543,0,14450,1623546721,1048,0,0,780,7776,0,0,0
-4,r8937440-n43543,0,14460,1623546731,1048,0,0,780,7776,0,0,0
-4,r8937440-n43543,0,14470,1623546741,1048,0,0,780,7776,0,0,0
-4,r8937440-n43543,0,14480,1623546751,1048,0,0,780,7776,0,0,0
-4,r8937440-n43543,0,14490,1623546761,1048,0,0,780,7776,0,0,0
-4,r8937440-n43543,0,14500,1623546771,1048,0,0,780,7776,0,0,0
-4,r8937440-n43543,0,14510,1623546781,1048,0,0,780,7776,0,0,0
-4,r8937440-n43543,0,14520,1623546791,1048,0,0,780,7776,0,0,0
-4,r8937440-n43543,0,14530,1623546801,1048,0,0,780,7776,0,0,0
-4,r8937440-n43543,0,14540,1623546811,1048,0,0,780,7776,0,0,0
-4,r8937440-n43543,0,14550,1623546821,1048,0,0,780,7776,0,0,0
-4,r8937440-n43543,0,14560,1623546831,1048,0,0,780,7776,0,0,0
-4,r8937440-n43543,0,14570,1623546841,1048,0,0,780,7776,0,0,0
-4,r8937440-n43543,0,14580,1623546851,1048,0,0,780,7776,0,0,0
-4,r8937440-n43543,0,14590,1623546861,1048,0,0,780,7776,0,0,0
-4,r8937440-n43543,0,14600,1623546871,1048,0,0,780,7776,0,0,0
-4,r8937440-n43543,0,14610,1623546881,1048,0,0,780,7776,0,0,0
-4,r8937440-n43543,0,14620,1623546891,1048,0,0,780,7776,0,0,0
-4,r8937440-n43543,0,14630,1623546901,1048,0,0,780,7776,0,0,0
-4,r8937440-n43543,0,14640,1623546911,1048,0,0,780,7776,0,0,0
-4,r8937440-n43543,0,14650,1623546921,1048,0,0,780,7776,0,0,0
-4,r8937440-n43543,0,14660,1623546931,1048,0,0,780,7776,0,0,0
-4,r8937440-n43543,0,14670,1623546941,1048,0,0,780,7776,0,0,0
-4,r8937440-n43543,0,14680,1623546951,1048,0,0,780,7776,0,0,0
-4,r8937440-n43543,0,14690,1623546961,1048,0,0,780,7776,0,0,0
-4,r8937440-n43543,0,14700,1623546971,1048,0,0,780,7776,0,0,0
-4,r8937440-n43543,0,14710,1623546981,1048,0,0,780,7776,0,0,0
-4,r8937440-n43543,0,14720,1623546991,1048,0,0,780,7776,0,0,0
-4,r8937440-n43543,0,14730,1623547001,1048,0,0,780,7776,0,0,0
-4,r8937440-n43543,0,14740,1623547011,1048,0,0,780,7776,0,0,0
-4,r8937440-n43543,0,14750,1623547021,1048,0,0,780,7776,0,0,0
-4,r8937440-n43543,0,14760,1623547031,1048,0,0,780,7776,0,0,0
-4,r8937440-n43543,0,14770,1623547041,1048,0,0,780,7776,0,0,0
-4,r8937440-n43543,0,14780,1623547051,1048,0,0,780,7776,0,0,0
-4,r8937440-n43543,0,14790,1623547061,1048,0,0,780,7776,0,0,0
-4,r8937440-n43543,0,14800,1623547071,1048,0,0,780,7776,0,0,0
-4,r8937440-n43543,0,14810,1623547081,1048,0,0,780,7776,0,0,0
-4,r8937440-n43543,0,14820,1623547091,1048,0,0,780,7776,0,0,0
-4,r8937440-n43543,0,14830,1623547101,1048,0,0,780,7776,0,0,0
-4,r8937440-n43543,0,14840,1623547111,1048,0,0,780,7776,0,0,0
-4,r8937440-n43543,0,14850,1623547121,1048,0,0,780,7776,0,0,0
-4,r8937440-n43543,0,14860,1623547131,1048,0,0,780,7776,0,0,0
-4,r8937440-n43543,0,14870,1623547141,1048,0,0,780,7776,0,0,0
-4,r8937440-n43543,0,14880,1623547151,1048,0,0,780,7776,0,0,0
-4,r8937440-n43543,0,14890,1623547161,1048,0,0,780,7776,0,0,0
-4,r8937440-n43543,0,14900,1623547171,1048,0,0,780,7776,0,0,0
-4,r8937440-n43543,0,14910,1623547181,1048,0,0,780,7776,0,0,0
-4,r8937440-n43543,0,14920,1623547191,1048,0,0,780,7776,0,0,0
-4,r8937440-n43543,0,14930,1623547201,1048,0,0,780,7776,0,0,0
-4,r8937440-n43543,0,14940,1623547211,1048,0,0,780,7776,0,0,0
-4,r8937440-n43543,0,14950,1623547221,1048,0,0,780,7776,0,0,0
-4,r8937440-n43543,0,14960,1623547231,1048,0,0,780,7776,0,0,0
-4,r8937440-n43543,0,14970,1623547241,1048,0,0,780,7776,0,0,0
-4,r8937440-n43543,0,14980,1623547251,1048,0,0,780,7776,0,0,0
-4,r8937440-n43543,0,14990,1623547261,1048,0,0,780,7776,0,0,0
-4,r8937440-n43543,0,15000,1623547271,1048,0,0,780,7776,0,0,0
-4,r8937440-n43543,0,15010,1623547281,1048,0,0,780,7776,0,0,0
-4,r8937440-n43543,0,15020,1623547291,1048,0,0,780,7776,0,0,0
-4,r8937440-n43543,0,15030,1623547301,1048,0,0,780,7776,0,0,0
-4,r8937440-n43543,0,15040,1623547311,1048,0,0,780,7776,0,0,0
-4,r8937440-n43543,0,15050,1623547321,1048,0,0,780,7776,0,0,0
-4,r8937440-n43543,0,15060,1623547331,1048,0,0,780,7776,0,0,0
-4,r8937440-n43543,0,15070,1623547341,1048,0,0,780,7776,0,0,0
-4,r8937440-n43543,0,15080,1623547351,1048,0,0,780,7776,0,0,0
-4,r8937440-n43543,0,15090,1623547361,1048,0,0,780,7776,0,0,0
-4,r8937440-n43543,0,15100,1623547371,1048,0,0,780,7776,0,0,0
-4,r8937440-n43543,0,15110,1623547381,1048,0,0,780,7776,0,0,0
-4,r8937440-n43543,0,15120,1623547391,1048,0,0,780,7776,0,0,0
-4,r8937440-n43543,0,15130,1623547401,1048,0,0,780,7776,0,0,0
-4,r8937440-n43543,0,15140,1623547411,1048,0,0,780,7776,0,0,0
-4,r8937440-n43543,0,15150,1623547421,1048,0,0,780,7776,0,0,0
-4,r8937440-n43543,0,15160,1623547431,1048,0,0,780,7776,0,0,0
-4,r8937440-n43543,0,15170,1623547441,1048,0,0,780,7776,0,0,0
-4,r8937440-n43543,0,15180,1623547451,1048,0,0,780,7776,0,0,0
-4,r8937440-n43543,0,15190,1623547461,1048,0,0,780,7776,0,0,0
-4,r8937440-n43543,0,15200,1623547471,1048,0,0,780,7776,0,0,0
-4,r8937440-n43543,0,15210,1623547481,1048,0,0,780,7776,0,0,0
-4,r8937440-n43543,0,15220,1623547491,1048,0,0,780,7776,0,0,0
-4,r8937440-n43543,0,15230,1623547501,1048,0,0,780,7776,0,0,0
-4,r8937440-n43543,0,15240,1623547511,1048,0,0,780,7776,0,0,0
-4,r8937440-n43543,0,15250,1623547521,1048,0,0,780,7776,0,0,0
-4,r8937440-n43543,0,15260,1623547531,1048,0,0,780,7776,0,0,0
-4,r8937440-n43543,0,15270,1623547541,1048,0,0,780,7776,0,0,0
-4,r8937440-n43543,0,15280,1623547551,1048,0,0,780,7776,0,0,0
-4,r8937440-n43543,0,15290,1623547561,1048,0,0,780,7776,0,0,0
-4,r8937440-n43543,0,15300,1623547571,1048,0,0,780,7776,0,0,0
-4,r8937440-n43543,0,15310,1623547581,1048,0,0,780,7776,0,0,0
-4,r8937440-n43543,0,15320,1623547591,1048,0,0,780,7776,0,0,0
-4,r8937440-n43543,0,15330,1623547601,1048,0,0,780,7776,0,0,0
-4,r8937440-n43543,0,15340,1623547611,1048,0,0,780,7776,0,0,0
-4,r8937440-n43543,0,15350,1623547621,1048,0,0,780,7776,0,0,0
-4,r8937440-n43543,0,15360,1623547631,1048,0,0,780,7776,0,0,0
-4,r8937440-n43543,0,15370,1623547641,1048,0,0,780,7776,0,0,0
-4,r8937440-n43543,0,15380,1623547651,1048,0,0,780,7776,0,0,0
-4,r8937440-n43543,0,15390,1623547661,1048,0,0,780,7776,0,0,0
-4,r8937440-n43543,0,15400,1623547671,1048,0,0,780,7776,0,0,0
-4,r8937440-n43543,0,15410,1623547681,1048,0,0,780,7776,0,0,0
-4,r8937440-n43543,0,15420,1623547691,1048,0,0,780,7776,0,0,0
-4,r8937440-n43543,0,15430,1623547701,1048,0,0,780,7776,0,0,0
-4,r8937440-n43543,0,15440,1623547711,1048,0,0,780,7776,0,0,0
-4,r8937440-n43543,0,15450,1623547721,1048,0,0,780,7776,0,0,0
-4,r8937440-n43543,0,15460,1623547731,1048,0,0,780,7776,0,0,0
-4,r8937440-n43543,0,15470,1623547741,1048,0,0,780,7776,0,0,0
-4,r8937440-n43543,0,15480,1623547751,1048,0,0,780,7776,0,0,0
-4,r8937440-n43543,0,15490,1623547761,1048,0,0,780,7776,0,0,0
-4,r8937440-n43543,0,15500,1623547771,1048,0,0,780,7776,0,0,0
-4,r8937440-n43543,0,15510,1623547781,1048,0,0,780,7776,0,0,0
-4,r8937440-n43543,0,15520,1623547791,1048,0,0,780,7776,0,0,0
-4,r8937440-n43543,0,15530,1623547801,1048,0,0,780,7776,0,0,0
-4,r8937440-n43543,0,15540,1623547811,1048,0,0,780,7776,0,0,0
-4,r8937440-n43543,0,15550,1623547821,1048,0,0,780,7776,0,0,0
-4,r8937440-n43543,0,15560,1623547831,1048,0,0,780,7776,0,0,0
-4,r8937440-n43543,0,15570,1623547841,1048,0,0,780,7776,0,0,0
-4,r8937440-n43543,0,15580,1623547851,1048,0,0,780,7776,0,0,0
-4,r8937440-n43543,0,15590,1623547861,1048,0,0,780,7776,0,0,0
-4,r8937440-n43543,0,15600,1623547871,1048,0,0,780,7776,0,0,0
-4,r8937440-n43543,0,15610,1623547881,1048,0,0,780,7776,0,0,0
-4,r8937440-n43543,0,15620,1623547891,1048,0,0,780,7776,0,0,0
-4,r8937440-n43543,0,15630,1623547901,1048,0,0,780,7776,0,0,0
-4,r8937440-n43543,0,15640,1623547911,1048,0,0,780,7776,0,0,0
-4,r8937440-n43543,0,15650,1623547921,1048,0,0,780,7776,0,0,0
-4,r8937440-n43543,0,15660,1623547931,1048,0,0,780,7776,0,0,0
-4,r8937440-n43543,0,15670,1623547941,1048,0,0,780,7776,0,0,0
-4,r8937440-n43543,0,15680,1623547951,1048,0,0,780,7776,0,0,0
-4,r8937440-n43543,0,15690,1623547961,1048,0,0,780,7776,0,0,0
-4,r8937440-n43543,0,15700,1623547971,1048,0,0,780,7776,0,0,0
-4,r8937440-n43543,0,15710,1623547981,1048,0,0,780,7776,0,0,0
-4,r8937440-n43543,0,15720,1623547991,1048,0,0,780,7776,0,0,0
-4,r8937440-n43543,0,15730,1623548001,1048,0,0,780,7776,0,0,0
-4,r8937440-n43543,0,15740,1623548011,1048,0,0,780,7776,0,0,0
-4,r8937440-n43543,0,15750,1623548021,1048,0,0,780,7776,0,0,0
-4,r8937440-n43543,0,15760,1623548031,1048,0,0,780,7776,0,0,0
-4,r8937440-n43543,0,15770,1623548041,1048,0,0,780,7776,0,0,0
-4,r8937440-n43543,0,15780,1623548051,1048,0,0,780,7776,0,0,0
-4,r8937440-n43543,0,15790,1623548061,1048,0,0,780,7776,0,0,0
-4,r8937440-n43543,0,15800,1623548071,1048,0,0,780,7776,0,0,0
-4,r8937440-n43543,0,15810,1623548081,1048,0,0,780,7776,0,0,0
-4,r8937440-n43543,0,15820,1623548091,1048,0,0,780,7776,0,0,0
-4,r8937440-n43543,0,15830,1623548101,1048,0,0,780,7776,0,0,0
-4,r8937440-n43543,0,15840,1623548111,1048,0,0,780,7776,0,0,0
-4,r8937440-n43543,0,15850,1623548121,1048,0,0,780,7776,0,0,0
-4,r8937440-n43543,0,15860,1623548131,1048,0,0,780,7776,0,0,0
-4,r8937440-n43543,0,15870,1623548141,1048,0,0,780,7776,0,0,0
-4,r8937440-n43543,0,15880,1623548151,1048,0,0,780,7776,0,0,0
-4,r8937440-n43543,0,15890,1623548161,1048,0,0,780,7776,0,0,0
-4,r8937440-n43543,0,15900,1623548171,1048,0,0,780,7776,0,0,0
-4,r8937440-n43543,0,15910,1623548181,1048,0,0,780,7776,0,0,0
-4,r8937440-n43543,0,15920,1623548191,1048,0,0,780,7776,0,0,0
-4,r8937440-n43543,0,15930,1623548201,1048,0,0,780,7776,0,0,0
-4,r8937440-n43543,0,15940,1623548211,1048,0,0,780,7776,0,0,0
-4,r8937440-n43543,0,15950,1623548221,1048,0,0,780,7776,0,0,0
-4,r8937440-n43543,0,15960,1623548231,1048,0,0,780,7776,0,0,0
-4,r8937440-n43543,0,15970,1623548241,1048,0,0,780,7776,0,0,0
-4,r8937440-n43543,0,15980,1623548251,1048,0,0,780,7776,0,0,0
-4,r8937440-n43543,0,15990,1623548261,1048,0,0,780,7776,0,0,0
-4,r8937440-n43543,0,16000,1623548271,1048,0,0,780,7776,0,0,0
-4,r8937440-n43543,0,16010,1623548281,1048,0,0,780,7776,0,0,0
-4,r8937440-n43543,0,16020,1623548291,1048,0,0,780,7776,0,0,0
-4,r8937440-n43543,0,16030,1623548301,1048,0,0,780,7776,0,0,0
-4,r8937440-n43543,0,16040,1623548311,1048,0,0,780,7776,0,0,0
-4,r8937440-n43543,0,16050,1623548321,1048,0,0,780,7776,0,0,0
-4,r8937440-n43543,0,16060,1623548331,1048,0,0,780,7776,0,0,0
-4,r8937440-n43543,0,16070,1623548341,1048,0,0,780,7776,0,0,0
-4,r8937440-n43543,0,16080,1623548351,1048,0,0,780,7776,0,0,0
-4,r8937440-n43543,0,16090,1623548361,1048,0,0,780,7776,0,0,0
-4,r8937440-n43543,0,16100,1623548371,1048,0,0,780,7776,0,0,0
-4,r8937440-n43543,0,16110,1623548381,1048,0,0,780,7776,0,0,0
-4,r8937440-n43543,0,16120,1623548391,1048,0,0,780,7776,0,0,0
-4,r8937440-n43543,0,16130,1623548401,1048,0,0,780,7776,0,0,0
-4,r8937440-n43543,0,16140,1623548411,1048,0,0,780,7776,0,0,0
-4,r8937440-n43543,0,16150,1623548421,1048,0,0,780,7776,0,0,0
-4,r8937440-n43543,0,16160,1623548431,1048,0,0,780,7776,0,0,0
-4,r8937440-n43543,0,16170,1623548441,1048,0,0,780,7776,0,0,0
-4,r8937440-n43543,0,16180,1623548451,1048,0,0,780,7776,0,0,0
-4,r8937440-n43543,0,16190,1623548461,1048,0,0,780,7776,0,0,0
-4,r8937440-n43543,0,16200,1623548471,1048,0,0,780,7776,0,0,0
-4,r8937440-n43543,0,16210,1623548481,1048,0,0,780,7776,0,0,0
-4,r8937440-n43543,0,16220,1623548491,1048,0,0,780,7776,0,0,0
-4,r8937440-n43543,0,16230,1623548501,1048,0,0,780,7776,0,0,0
-4,r8937440-n43543,0,16240,1623548511,1048,0,0,780,7776,0,0,0
-4,r8937440-n43543,0,16250,1623548521,1048,0,0,780,7776,0,0,0
-4,r8937440-n43543,0,16260,1623548531,1048,0,0,780,7776,0,0,0
-4,r8937440-n43543,0,16270,1623548541,1048,0,0,780,7776,0,0,0
-4,r8937440-n43543,0,16280,1623548551,1048,0,0,780,7776,0,0,0
-4,r8937440-n43543,0,16290,1623548561,1048,0,0,780,7776,0,0,0
-4,r8937440-n43543,0,16300,1623548571,1048,0,0,780,7776,0,0,0
-4,r8937440-n43543,0,16310,1623548581,1048,0,0,780,7776,0,0,0
-4,r8937440-n43543,0,16320,1623548591,1048,0,0,780,7776,0,0,0
-4,r8937440-n43543,0,16330,1623548601,1048,0,0,780,7776,0,0,0
-4,r8937440-n43543,0,16340,1623548611,1048,0,0,780,7776,0,0,0
-4,r8937440-n43543,0,16350,1623548621,1048,0,0,780,7776,0,0,0
-4,r8937440-n43543,0,16360,1623548631,1048,0,0,780,7776,0,0,0
-4,r8937440-n43543,0,16370,1623548641,1048,0,0,780,7776,0,0,0
-4,r8937440-n43543,0,16380,1623548651,1048,0,0,780,7776,0,0,0
-4,r8937440-n43543,0,16390,1623548661,1048,0,0,780,7776,0,0,0
-4,r8937440-n43543,0,16400,1623548671,1048,0,0,780,7776,0,0,0
-4,r8937440-n43543,0,16410,1623548681,1048,0,0,780,7776,0,0,0
-4,r8937440-n43543,0,16420,1623548691,1048,0,0,780,7776,0,0,0
-4,r8937440-n43543,0,16430,1623548701,1048,0,0,780,7776,0,0,0
-4,r8937440-n43543,0,16440,1623548711,1048,0,0,780,7776,0,0,0
-4,r8937440-n43543,0,16450,1623548721,1048,0,0,780,7776,0,0,0
-4,r8937440-n43543,0,16460,1623548731,1048,0,0,780,7776,0,0,0
-4,r8937440-n43543,0,16470,1623548741,1048,0,0,780,7776,0,0,0
-4,r8937440-n43543,0,16480,1623548751,1048,0,0,780,7776,0,0,0
-4,r8937440-n43543,0,16490,1623548761,1048,0,0,780,7776,0,0,0
-4,r8937440-n43543,0,16500,1623548771,1048,0,0,780,7776,0,0,0
-4,r8937440-n43543,0,16510,1623548781,1048,0,0,780,7776,0,0,0
-4,r8937440-n43543,0,16520,1623548791,1048,0,0,780,7776,0,0,0
-4,r8937440-n43543,0,16530,1623548801,1048,0,0,780,7776,0,0,0
-4,r8937440-n43543,0,16540,1623548811,1048,0,0,780,7776,0,0,0
-4,r8937440-n43543,0,16550,1623548821,1048,0,0,780,7776,0,0,0
-4,r8937440-n43543,0,16560,1623548831,1048,0,0,780,7776,0,0,0
-4,r8937440-n43543,0,16570,1623548841,1048,0,0,780,7776,0,0,0
-4,r8937440-n43543,0,16580,1623548851,1048,0,0,780,7776,0,0,0
-4,r8937440-n43543,0,16590,1623548861,1048,0,0,780,7776,0,0,0
-4,r8937440-n43543,0,16600,1623548871,1048,0,0,780,7776,0,0,0
-4,r8937440-n43543,0,16610,1623548881,1048,0,0,780,7776,0,0,0
-4,r8937440-n43543,0,16620,1623548891,1048,0,0,780,7776,0,0,0
-4,r8937440-n43543,0,16630,1623548901,1048,0,0,780,7776,0,0,0
-4,r8937440-n43543,0,16640,1623548911,1048,0,0,780,7776,0,0,0
-4,r8937440-n43543,0,16650,1623548921,1048,0,0,780,7776,0,0,0
-4,r8937440-n43543,0,16660,1623548931,1048,0,0,780,7776,0,0,0
-4,r8937440-n43543,0,16670,1623548941,1048,0,0,780,7776,0,0,0
-4,r8937440-n43543,0,16680,1623548951,1048,0,0,780,7776,0,0,0
-4,r8937440-n43543,0,16690,1623548961,1048,0,0,780,7776,0,0,0
-4,r8937440-n43543,0,16700,1623548971,1048,0,0,780,7776,0,0,0
-4,r8937440-n43543,0,16710,1623548981,1048,0,0,780,7776,0,0,0
-4,r8937440-n43543,0,16720,1623548991,1048,0,0,780,7776,0,0,0
-4,r8937440-n43543,0,16730,1623549001,1048,0,0,780,7776,0,0,0
-4,r8937440-n43543,0,16740,1623549011,1048,0,0,780,7776,0,0,0
-4,r8937440-n43543,0,16750,1623549021,1048,0,0,780,7776,0,0,0
-4,r8937440-n43543,0,16760,1623549031,1048,0,0,780,7776,0,0,0
-4,r8937440-n43543,0,16770,1623549041,1048,0,0,780,7776,0,0,0
-4,r8937440-n43543,0,16780,1623549051,1048,0,0,780,7776,0,0,0
-4,r8937440-n43543,0,16790,1623549061,1048,0,0,780,7776,0,0,0
-4,r8937440-n43543,0,16800,1623549071,1048,0,0,780,7776,0,0,0
-4,r8937440-n43543,0,16810,1623549081,1048,0,0,780,7776,0,0,0
-4,r8937440-n43543,0,16820,1623549091,1048,0,0,780,7776,0,0,0
-4,r8937440-n43543,0,16830,1623549101,1048,0,0,780,7776,0,0,0
-4,r8937440-n43543,0,16840,1623549111,1048,0,0,780,7776,0,0,0
-4,r8937440-n43543,0,16850,1623549121,1048,0,0,780,7776,0,0,0
-4,r8937440-n43543,0,16860,1623549131,1048,0,0,780,7776,0,0,0
-4,r8937440-n43543,0,16870,1623549141,1048,0,0,780,7776,0,0,0
-4,r8937440-n43543,0,16880,1623549151,1048,0,0,780,7776,0,0,0
-4,r8937440-n43543,0,16890,1623549161,1048,0,0,780,7776,0,0,0
-4,r8937440-n43543,0,16900,1623549171,1048,0,0,780,7776,0,0,0
-4,r8937440-n43543,0,16910,1623549181,1048,0,0,780,7776,0,0,0
-4,r8937440-n43543,0,16920,1623549191,1048,0,0,780,7776,0,0,0
-4,r8937440-n43543,0,16930,1623549201,1048,0,0,780,7776,0,0,0
-4,r8937440-n43543,0,16940,1623549211,1048,0,0,780,7776,0,0,0
-4,r8937440-n43543,0,16950,1623549221,1048,0,0,780,7776,0,0,0
-4,r8937440-n43543,0,16960,1623549231,1048,0,0,780,7776,0,0,0
-4,r8937440-n43543,0,16970,1623549241,1048,0,0,780,7776,0,0,0
-4,r8937440-n43543,0,16980,1623549251,1048,0,0,780,7776,0,0,0
-4,r8937440-n43543,0,16990,1623549261,1048,0,0,780,7776,0,0,0
-4,r8937440-n43543,0,17000,1623549271,1048,0,0,780,7776,0,0,0
-4,r8937440-n43543,0,17010,1623549281,1048,0,0,780,7776,0,0,0
-4,r8937440-n43543,0,17020,1623549291,1048,0,0,780,7776,0,0,0
-4,r8937440-n43543,0,17030,1623549301,1048,0,0,780,7776,0,0,0
-4,r8937440-n43543,0,17040,1623549311,1048,0,0,780,7776,0,0,0
-4,r8937440-n43543,0,17050,1623549321,1048,0,0,780,7776,0,0,0
-4,r8937440-n43543,0,17060,1623549331,1048,0,0,780,7776,0,0,0
-4,r8937440-n43543,0,17070,1623549341,1048,0,0,780,7776,0,0,0
-4,r8937440-n43543,0,17080,1623549351,1048,0,0,780,7776,0,0,0
-4,r8937440-n43543,0,17090,1623549361,1048,0,0,780,7776,0,0,0
-4,r8937440-n43543,0,17100,1623549371,1048,0,0,780,7776,0,0,0
-4,r8937440-n43543,0,17110,1623549381,1048,0,0,780,7776,0,0,0
-4,r8937440-n43543,0,17120,1623549391,1048,0,0,780,7776,0,0,0
-4,r8937440-n43543,0,17130,1623549401,1048,0,0,780,7776,0,0,0
-4,r8937440-n43543,0,17140,1623549411,1048,0,0,780,7776,0,0,0
-4,r8937440-n43543,0,17150,1623549421,1048,0,0,780,7776,0,0,0
-4,r8937440-n43543,0,17160,1623549431,1048,0,0,780,7776,0,0,0
-4,r8937440-n43543,0,17170,1623549441,1048,0,0,780,7776,0,0,0
-4,r8937440-n43543,0,17180,1623549451,1048,0,0,780,7776,0,0,0
-4,r8937440-n43543,0,17190,1623549461,1048,0,0,780,7776,0,0,0
-4,r8937440-n43543,0,17200,1623549471,1048,0,0,780,7776,0,0,0
-4,r8937440-n43543,0,17210,1623549481,1048,0,0,780,7776,0,0,0
-4,r8937440-n43543,0,17220,1623549491,1048,0,0,780,7776,0,0,0
-4,r8937440-n43543,0,17230,1623549501,1048,0,0,780,7776,0,0,0
-4,r8937440-n43543,0,17240,1623549511,1048,0,0,780,7776,0,0,0
-4,r8937440-n43543,0,17250,1623549521,1048,0,0,780,7776,0,0,0
-4,r8937440-n43543,0,17260,1623549531,1048,0,0,780,7776,0,0,0
-4,r8937440-n43543,0,17270,1623549541,1048,0,0,780,7776,0,0,0
-4,r8937440-n43543,0,17280,1623549551,1048,0,0,780,7776,0,0,0
-4,r8937440-n43543,0,17290,1623549561,1048,0,0,780,7776,0,0,0
-4,r8937440-n43543,0,17300,1623549571,1048,0,0,780,7776,0,0,0
-4,r8937440-n43543,0,17310,1623549581,1048,0,0,780,7776,0,0,0
-4,r8937440-n43543,0,17320,1623549591,1048,0,0,780,7776,0,0,0
-4,r8937440-n43543,0,17330,1623549601,1048,0,0,780,7776,0,0,0
-4,r8937440-n43543,0,17340,1623549611,1048,0,0,780,7776,0,0,0
-4,r8937440-n43543,0,17350,1623549621,1048,0,0,780,7776,0,0,0
-4,r8937440-n43543,0,17360,1623549631,1048,0,0,780,7776,0,0,0
-4,r8937440-n43543,0,17370,1623549641,1048,0,0,780,7776,0,0,0
-4,r8937440-n43543,0,17380,1623549651,1048,0,0,780,7776,0,0,0
-4,r8937440-n43543,0,17390,1623549661,1048,0,0,780,7776,0,0,0
-4,r8937440-n43543,0,17400,1623549671,1048,0,0,780,7776,0,0,0
-4,r8937440-n43543,0,17410,1623549681,1048,0,0,780,7776,0,0,0
-4,r8937440-n43543,0,17420,1623549691,1048,0,0,780,7776,0,0,0
-4,r8937440-n43543,0,17430,1623549701,1048,0,0,780,7776,0,0,0
-4,r8937440-n43543,0,17440,1623549711,1048,0,0,780,7776,0,0,0
-4,r8937440-n43543,0,17450,1623549721,1048,0,0,780,7776,0,0,0
-4,r8937440-n43543,0,17460,1623549731,1048,0,0,780,7776,0,0,0
-4,r8937440-n43543,0,17470,1623549741,1048,0,0,780,7776,0,0,0
-4,r8937440-n43543,0,17480,1623549751,1048,0,0,780,7776,0,0,0
-4,r8937440-n43543,0,17490,1623549761,1048,0,0,780,7776,0,0,0
-4,r8937440-n43543,0,17500,1623549771,1048,0,0,780,7776,0,0,0
-4,r8937440-n43543,0,17510,1623549781,1048,0,0,780,7776,0,0,0
-4,r8937440-n43543,0,17520,1623549791,1048,0,0,780,7776,0,0,0
-4,r8937440-n43543,0,17530,1623549801,1048,0,0,780,7776,0,0,0
-4,r8937440-n43543,0,17540,1623549811,1048,0,0,780,7776,0,0,0
-4,r8937440-n43543,0,17550,1623549821,1048,0,0,780,7776,0,0,0
-4,r8937440-n43543,0,17560,1623549831,1048,0,0,780,7776,0,0,0
-4,r8937440-n43543,0,17570,1623549841,1048,0,0,780,7776,0,0,0
-4,r8937440-n43543,0,17580,1623549851,1048,0,0,780,7776,0,0,0
-4,r8937440-n43543,0,17590,1623549861,1048,0,0,780,7776,0,0,0
-4,r8937440-n43543,0,17600,1623549871,1048,0,0,780,7776,0,0,0
-4,r8937440-n43543,0,17610,1623549881,1048,0,0,780,7776,0,0,0
-4,r8937440-n43543,0,17620,1623549891,1048,0,0,780,7776,0,0,0
-4,r8937440-n43543,0,17630,1623549901,1048,0,0,780,7776,0,0,0
-4,r8937440-n43543,0,17640,1623549911,1048,0,0,780,7776,0,0,0
-4,r8937440-n43543,0,17650,1623549921,1048,0,0,780,7776,0,0,0
-4,r8937440-n43543,0,17660,1623549931,1048,0,0,780,7776,0,0,0
-4,r8937440-n43543,0,17670,1623549941,1048,0,0,780,7776,0,0,0
-4,r8937440-n43543,0,17680,1623549951,1048,0,0,780,7776,0,0,0
-4,r8937440-n43543,0,17690,1623549961,1048,0,0,780,7776,0,0,0
-4,r8937440-n43543,0,17700,1623549971,1048,0,0,780,7776,0,0,0
-4,r8937440-n43543,0,17710,1623549981,1048,0,0,780,7776,0,0,0
-4,r8937440-n43543,0,17720,1623549991,1048,0,0,780,7776,0,0,0
-4,r8937440-n43543,0,17730,1623550001,1048,0,0,780,7776,0,0,0
-4,r8937440-n43543,0,17740,1623550011,1048,0,0,780,7776,0,0,0
-4,r8937440-n43543,0,17750,1623550021,1048,0,0,780,7776,0,0,0
-4,r8937440-n43543,0,17760,1623550031,1048,0,0,780,7776,0,0,0
-4,r8937440-n43543,0,17770,1623550041,1048,0,0,780,7776,0,0,0
-4,r8937440-n43543,0,17780,1623550051,1048,0,0,780,7776,0,0,0
-4,r8937440-n43543,0,17790,1623550061,1048,0,0,780,7776,0,0,0
-4,r8937440-n43543,0,17800,1623550071,1048,0,0,780,7776,0,0,0
-4,r8937440-n43543,0,17810,1623550081,1048,0,0,780,7776,0,0,0
-4,r8937440-n43543,0,17820,1623550091,1048,0,0,780,7776,0,0,0
-4,r8937440-n43543,0,17830,1623550101,1048,0,0,780,7776,0,0,0
-4,r8937440-n43543,0,17840,1623550111,1048,0,0,780,7776,0,0,0
-4,r8937440-n43543,0,17850,1623550121,1048,0,0,780,7776,0,0,0
-4,r8937440-n43543,0,17860,1623550131,1048,0,0,780,7776,0,0,0
-4,r8937440-n43543,0,17870,1623550141,1048,0,0,780,7776,0,0,0
-4,r8937440-n43543,0,17880,1623550151,1048,0,0,780,7776,0,0,0
-4,r8937440-n43543,0,17890,1623550161,1048,0,0,780,7776,0,0,0
-4,r8937440-n43543,0,17900,1623550171,1048,0,0,780,7776,0,0,0
-4,r8937440-n43543,0,17910,1623550181,1048,0,0,780,7776,0,0,0
-4,r8937440-n43543,0,17920,1623550191,1048,0,0,780,7776,0,0,0
-4,r8937440-n43543,0,17930,1623550201,1048,0,0,780,7776,0,0,0
-4,r8937440-n43543,0,17940,1623550211,1048,0,0,780,7776,0,0,0
-4,r8937440-n43543,0,17950,1623550221,1048,0,0,780,7776,0,0,0
-4,r8937440-n43543,0,17960,1623550231,1048,0,0,780,7776,0,0,0
-4,r8937440-n43543,0,17970,1623550241,1048,0,0,780,7776,0,0,0
-4,r8937440-n43543,0,17980,1623550251,1048,0,0,780,7776,0,0,0
-4,r8937440-n43543,0,17990,1623550261,1048,0,0,780,7776,0,0,0
-4,r8937440-n43543,0,18000,1623550271,1048,0,0,780,7776,0,0,0
-4,r8937440-n43543,0,18010,1623550281,1048,0,0,780,7776,0,0,0
-4,r8937440-n43543,0,18020,1623550291,1048,0,0,780,7776,0,0,0
-4,r8937440-n43543,0,18030,1623550301,1048,0,0,780,7776,0,0,0
-4,r8937440-n43543,0,18040,1623550311,1048,0,0,780,7776,0,0,0
-4,r8937440-n43543,0,18050,1623550321,1048,0,0,780,7776,0,0,0
-4,r8937440-n43543,0,18060,1623550331,1048,0,0,780,7776,0,0,0
-4,r8937440-n43543,0,18070,1623550341,1048,0,0,780,7776,0,0,0
-4,r8937440-n43543,0,18080,1623550351,1048,0,0,780,7776,0,0,0
-4,r8937440-n43543,0,18090,1623550361,1048,0,0,780,7776,0,0,0
-4,r8937440-n43543,0,18100,1623550371,1048,0,0,780,7776,0,0,0
-4,r8937440-n43543,0,18110,1623550381,1048,0,0,780,7776,0,0,0
-4,r8937440-n43543,0,18120,1623550391,1048,0,0,780,7776,0,0,0
-4,r8937440-n43543,0,18130,1623550401,1048,0,0,780,7776,0,0,0
-4,r8937440-n43543,0,18140,1623550411,1048,0,0,780,7776,0,0,0
-4,r8937440-n43543,0,18150,1623550421,1048,0,0,780,7776,0,0,0
-4,r8937440-n43543,0,18160,1623550431,1048,0,0,780,7776,0,0,0
-4,r8937440-n43543,0,18170,1623550441,1048,0,0,780,7776,0,0,0
-4,r8937440-n43543,0,18180,1623550451,1048,0,0,780,7776,0,0,0
-4,r8937440-n43543,0,18190,1623550461,1048,0,0,780,7776,0,0,0
-4,r8937440-n43543,0,18200,1623550471,1048,0,0,780,7776,0,0,0
-4,r8937440-n43543,0,18210,1623550481,1048,0,0,780,7776,0,0,0
-4,r8937440-n43543,0,18220,1623550491,1048,0,0,780,7776,0,0,0
-4,r8937440-n43543,0,18230,1623550501,1048,0,0,780,7776,0,0,0
-4,r8937440-n43543,0,18240,1623550511,1048,0,0,780,7776,0,0,0
-4,r8937440-n43543,0,18250,1623550521,1048,0,0,780,7776,0,0,0
-4,r8937440-n43543,0,18260,1623550531,1048,0,0,780,7776,0,0,0
-4,r8937440-n43543,0,18270,1623550541,1048,0,0,780,7776,0,0,0
-4,r8937440-n43543,0,18280,1623550551,1048,0,0,780,7776,0,0,0
-4,r8937440-n43543,0,18290,1623550561,1048,0,0,780,7776,0,0,0
-4,r8937440-n43543,0,18300,1623550571,1048,0,0,780,7776,0,0,0
-4,r8937440-n43543,0,18310,1623550581,1048,0,0,780,7776,0,0,0
-4,r8937440-n43543,0,18320,1623550591,1048,0,0,780,7776,0,0,0
-4,r8937440-n43543,0,18330,1623550601,1048,0,0,780,7776,0,0,0
-4,r8937440-n43543,0,18340,1623550611,1048,0,0,780,7776,0,0,0
-4,r8937440-n43543,0,18350,1623550621,1048,0,0,780,7776,0,0,0
-4,r8937440-n43543,0,18360,1623550631,1048,0,0,780,7776,0,0,0
-4,r8937440-n43543,0,18370,1623550641,1048,0,0,780,7776,0,0,0
-4,r8937440-n43543,0,18380,1623550651,1048,0,0,780,7776,0,0,0
-4,r8937440-n43543,0,18390,1623550661,1048,0,0,780,7776,0,0,0
-4,r8937440-n43543,0,18400,1623550671,1048,0,0,780,7776,0,0,0
-4,r8937440-n43543,0,18410,1623550681,1048,0,0,780,7776,0,0,0
-4,r8937440-n43543,0,18420,1623550691,1048,0,0,780,7776,0,0,0
-4,r8937440-n43543,0,18430,1623550701,1048,0,0,780,7776,0,0,0
-4,r8937440-n43543,0,18440,1623550711,1048,0,0,780,7776,0,0,0
-4,r8937440-n43543,0,18450,1623550721,1048,0,0,780,7776,0,0,0
-4,r8937440-n43543,0,18460,1623550731,1048,0,0,780,7776,0,0,0
-4,r8937440-n43543,0,18470,1623550741,1048,0,0,780,7776,0,0,0
-4,r8937440-n43543,0,18480,1623550751,1048,0,0,780,7776,0,0,0
-4,r8937440-n43543,0,18490,1623550761,1048,0,0,780,7776,0,0,0
-4,r8937440-n43543,0,18500,1623550771,1048,0,0,780,7776,0,0,0
-4,r8937440-n43543,0,18510,1623550781,1048,0,0,780,7776,0,0,0
-4,r8937440-n43543,0,18520,1623550791,1048,0,0,780,7776,0,0,0
-4,r8937440-n43543,0,18530,1623550801,1048,0,0,780,7776,0,0,0
-4,r8937440-n43543,0,18540,1623550811,1048,0,0,780,7776,0,0,0
-4,r8937440-n43543,0,18550,1623550821,1048,0,0,780,7776,0,0,0
-4,r8937440-n43543,0,18560,1623550831,1048,0,0,780,7776,0,0,0
-4,r8937440-n43543,0,18570,1623550841,1048,0,0,780,7776,0,0,0
-4,r8937440-n43543,0,18580,1623550851,1048,0,0,780,7776,0,0,0
-4,r8937440-n43543,0,18590,1623550861,1048,0,0,780,7776,0,0,0
-4,r8937440-n43543,0,18600,1623550871,1048,0,0,780,7776,0,0,0
-4,r8937440-n43543,0,18610,1623550881,1048,0,0,780,7776,0,0,0
-4,r8937440-n43543,0,18620,1623550891,1048,0,0,780,7776,0,0,0
-4,r8937440-n43543,0,18630,1623550901,1048,0,0,780,7776,0,0,0
-4,r8937440-n43543,0,18640,1623550911,1048,0,0,780,7776,0,0,0
-4,r8937440-n43543,0,18650,1623550921,1048,0,0,780,7776,0,0,0
-4,r8937440-n43543,0,18660,1623550931,1048,0,0,780,7776,0,0,0
-4,r8937440-n43543,0,18670,1623550941,1048,0,0,780,7776,0,0,0
-4,r8937440-n43543,0,18680,1623550951,1048,0,0,780,7776,0,0,0
-4,r8937440-n43543,0,18690,1623550961,1048,0,0,780,7776,0,0,0
-4,r8937440-n43543,0,18700,1623550971,1048,0,0,780,7776,0,0,0
-4,r8937440-n43543,0,18710,1623550981,1048,0,0,780,7776,0,0,0
-4,r8937440-n43543,0,18720,1623550991,1048,0,0,780,7776,0,0,0
-4,r8937440-n43543,0,18730,1623551001,1048,0,0,780,7776,0,0,0
-4,r8937440-n43543,0,18740,1623551011,1048,0,0,780,7776,0,0,0
-4,r8937440-n43543,0,18750,1623551021,1048,0,0,780,7776,0,0,0
-4,r8937440-n43543,0,18760,1623551031,1048,0,0,780,7776,0,0,0
-4,r8937440-n43543,0,18770,1623551041,1048,0,0,780,7776,0,0,0
-4,r8937440-n43543,0,18780,1623551051,1048,0,0,780,7776,0,0,0
-4,r8937440-n43543,0,18790,1623551061,1048,0,0,780,7776,0,0,0
-4,r8937440-n43543,0,18800,1623551071,1048,0,0,780,7776,0,0,0
-4,r8937440-n43543,0,18810,1623551081,1048,0,0,780,7776,0,0,0
-4,r8937440-n43543,0,18820,1623551091,1048,0,0,780,7776,0,0,0
-4,r8937440-n43543,0,18830,1623551101,1048,0,0,780,7776,0,0,0
-4,r8937440-n43543,0,18840,1623551111,1048,0,0,780,7776,0,0,0
-4,r8937440-n43543,0,18850,1623551121,1048,0,0,780,7776,0,0,0
-4,r8937440-n43543,0,18860,1623551131,1048,0,0,780,7776,0,0,0
-4,r8937440-n43543,0,18870,1623551141,1048,0,0,780,7776,0,0,0
-4,r8937440-n43543,0,18880,1623551151,1048,0,0,780,7776,0,0,0
-4,r8937440-n43543,0,18890,1623551161,1048,0,0,780,7776,0,0,0
-4,r8937440-n43543,0,18900,1623551171,1048,0,0,780,7776,0,0,0
-4,r8937440-n43543,0,18910,1623551181,1048,0,0,780,7776,0,0,0
-4,r8937440-n43543,0,18920,1623551191,1048,0,0,780,7776,0,0,0
-4,r8937440-n43543,0,18930,1623551201,1048,0,0,780,7776,0,0,0
-4,r8937440-n43543,0,18940,1623551211,1048,0,0,780,7776,0,0,0
-4,r8937440-n43543,0,18950,1623551221,1048,0,0,780,7776,0,0,0
-4,r8937440-n43543,0,18960,1623551231,1048,0,0,780,7776,0,0,0
-4,r8937440-n43543,0,18970,1623551241,1048,0,0,780,7776,0,0,0
-4,r8937440-n43543,0,18980,1623551251,1048,0,0,780,7776,0,0,0
-4,r8937440-n43543,0,18990,1623551261,1048,0,0,780,7776,0,0,0
-4,r8937440-n43543,0,19000,1623551271,1048,0,0,780,7776,0,0,0
-4,r8937440-n43543,0,19010,1623551281,1048,0,0,780,7776,0,0,0
-4,r8937440-n43543,0,19020,1623551291,1048,0,0,780,7776,0,0,0
-4,r8937440-n43543,0,19030,1623551301,1048,0,0,780,7776,0,0,0
-4,r8937440-n43543,0,19040,1623551311,1048,0,0,780,7776,0,0,0
-4,r8937440-n43543,0,19050,1623551321,1048,0,0,780,7776,0,0,0
-4,r8937440-n43543,0,19060,1623551331,1048,0,0,780,7776,0,0,0
-4,r8937440-n43543,0,19070,1623551341,1048,0,0,780,7776,0,0,0
-4,r8937440-n43543,0,19080,1623551351,1048,0,0,780,7776,0,0,0
-4,r8937440-n43543,0,19090,1623551361,1048,0,0,780,7776,0,0,0
-4,r8937440-n43543,0,19100,1623551371,1048,0,0,780,7776,0,0,0
-4,r8937440-n43543,0,19110,1623551381,1048,0,0,780,7776,0,0,0
-4,r8937440-n43543,0,19120,1623551391,1048,0,0,780,7776,0,0,0
-4,r8937440-n43543,0,19130,1623551401,1048,0,0,780,7776,0,0,0
-4,r8937440-n43543,0,19140,1623551411,1048,0,0,780,7776,0,0,0
-4,r8937440-n43543,0,19150,1623551421,1048,0,0,780,7776,0,0,0
-4,r8937440-n43543,0,19160,1623551431,1048,0,0,780,7776,0,0,0
-4,r8937440-n43543,0,19170,1623551441,1048,0,0,780,7776,0,0,0
-4,r8937440-n43543,0,19180,1623551451,1048,0,0,780,7776,0,0,0
-4,r8937440-n43543,0,19190,1623551461,1048,0,0,780,7776,0,0,0
-4,r8937440-n43543,0,19200,1623551471,1048,0,0,780,7776,0,0,0
-4,r8937440-n43543,0,19210,1623551481,1048,0,0,780,7776,0,0,0
-4,r8937440-n43543,0,19220,1623551491,1048,0,0,780,7776,0,0,0
-4,r8937440-n43543,0,19230,1623551501,1048,0,0,780,7776,0,0,0
-4,r8937440-n43543,0,19240,1623551511,1048,0,0,780,7776,0,0,0
-4,r8937440-n43543,0,19250,1623551521,1048,0,0,780,7776,0,0,0
-4,r8937440-n43543,0,19260,1623551531,1048,0,0,780,7776,0,0,0
-4,r8937440-n43543,0,19270,1623551541,1048,0,0,780,7776,0,0,0
-4,r8937440-n43543,0,19280,1623551551,1048,0,0,780,7776,0,0,0
-4,r8937440-n43543,0,19290,1623551561,1048,0,0,780,7776,0,0,0
-4,r8937440-n43543,0,19300,1623551571,1048,0,0,780,7776,0,0,0
-4,r8937440-n43543,0,19310,1623551581,1048,0,0,780,7776,0,0,0
-4,r8937440-n43543,0,19320,1623551591,1048,0,0,780,7776,0,0,0
-4,r8937440-n43543,0,19330,1623551601,1048,0,0,780,7776,0,0,0
-4,r8937440-n43543,0,19340,1623551611,1048,0,0,780,7776,0,0,0
-4,r8937440-n43543,0,19350,1623551621,1048,0,0,780,7776,0,0,0
-4,r8937440-n43543,0,19360,1623551631,1048,0,0,780,7776,0,0,0
-4,r8937440-n43543,0,19370,1623551641,1048,0,0,780,7776,0,0,0
-4,r8937440-n43543,0,19380,1623551651,1048,0,0,780,7776,0,0,0
-4,r8937440-n43543,0,19390,1623551661,1048,0,0,780,7776,0,0,0
-4,r8937440-n43543,0,19400,1623551671,1048,0,0,780,7776,0,0,0
-4,r8937440-n43543,0,19410,1623551681,1048,0,0,780,7776,0,0,0
-4,r8937440-n43543,0,19420,1623551691,1048,0,0,780,7776,0,0,0
-4,r8937440-n43543,0,19430,1623551701,1048,0,0,780,7776,0,0,0
-4,r8937440-n43543,0,19440,1623551711,1048,0,0,780,7776,0,0,0
-4,r8937440-n43543,0,19450,1623551721,1048,0,0,780,7776,0,0,0
-4,r8937440-n43543,0,19460,1623551731,1048,0,0,780,7776,0,0,0
-4,r8937440-n43543,0,19470,1623551741,1048,0,0,780,7776,0,0,0
-4,r8937440-n43543,0,19480,1623551751,1048,0,0,780,7776,0,0,0
-4,r8937440-n43543,0,19490,1623551761,1048,0,0,780,7776,0,0,0
-4,r8937440-n43543,0,19500,1623551771,1048,0,0,780,7776,0,0,0
-4,r8937440-n43543,0,19510,1623551781,1048,0,0,780,7776,0,0,0
-4,r8937440-n43543,0,19520,1623551791,1048,0,0,780,7776,0,0,0
-4,r8937440-n43543,0,19530,1623551801,1048,0,0,780,7776,0,0,0
-4,r8937440-n43543,0,19540,1623551811,1048,0,0,780,7776,0,0,0
-4,r8937440-n43543,0,19550,1623551821,1048,0,0,780,7776,0,0,0
-4,r8937440-n43543,0,19560,1623551831,1048,0,0,780,7776,0,0,0
-4,r8937440-n43543,0,19570,1623551841,1048,0,0,780,7776,0,0,0
-4,r8937440-n43543,0,19580,1623551851,1048,0,0,780,7776,0,0,0
-4,r8937440-n43543,0,19590,1623551861,1048,0,0,780,7776,0,0,0
-4,r8937440-n43543,0,19600,1623551871,1048,0,0,780,7776,0,0,0
-4,r8937440-n43543,0,19610,1623551881,1048,0,0,780,7776,0,0,0
-4,r8937440-n43543,0,19620,1623551891,1048,0,0,780,7776,0,0,0
-4,r8937440-n43543,0,19630,1623551901,1048,0,0,780,7776,0,0,0
-4,r8937440-n43543,0,19640,1623551911,1048,0,0,780,7776,0,0,0
-4,r8937440-n43543,0,19650,1623551921,1048,0,0,780,7776,0,0,0
-4,r8937440-n43543,0,19660,1623551931,1048,0,0,780,7776,0,0,0
-4,r8937440-n43543,0,19670,1623551941,1048,0,0,780,7776,0,0,0
-4,r8937440-n43543,0,19680,1623551951,1048,0,0,780,7776,0,0,0
-4,r8937440-n43543,0,19690,1623551961,1048,0,0,780,7776,0,0,0
-4,r8937440-n43543,0,19700,1623551971,1048,0,0,780,7776,0,0,0
-4,r8937440-n43543,0,19710,1623551981,1048,0,0,780,7776,0,0,0
-4,r8937440-n43543,0,19720,1623551991,1048,0,0,780,7776,0,0,0
-4,r8937440-n43543,0,19730,1623552001,1048,0,0,780,7776,0,0,0
-4,r8937440-n43543,0,19740,1623552011,1048,0,0,780,7776,0,0,0
-4,r8937440-n43543,0,19750,1623552021,1048,0,0,780,7776,0,0,0
-4,r8937440-n43543,0,19760,1623552031,1048,0,0,780,7776,0,0,0
-4,r8937440-n43543,0,19770,1623552041,1048,0,0,780,7776,0,0,0
-4,r8937440-n43543,0,19780,1623552051,1048,0,0,780,7776,0,0,0
-4,r8937440-n43543,0,19790,1623552061,1048,0,0,780,7776,0,0,0
-4,r8937440-n43543,0,19800,1623552071,1048,0,0,780,7776,0,0,0
-4,r8937440-n43543,0,19810,1623552081,1048,0,0,780,7776,0,0,0
-4,r8937440-n43543,0,19820,1623552091,1048,0,0,780,7776,0,0,0
-4,r8937440-n43543,0,19830,1623552101,1048,0,0,780,7776,0,0,0
-4,r8937440-n43543,0,19840,1623552111,1048,0,0,780,7776,0,0,0
-4,r8937440-n43543,0,19850,1623552121,1048,0,0,780,7776,0,0,0
-4,r8937440-n43543,0,19860,1623552131,1048,0,0,780,7776,0,0,0
-4,r8937440-n43543,0,19870,1623552141,1048,0,0,780,7776,0,0,0
-4,r8937440-n43543,0,19880,1623552151,1048,0,0,780,7776,0,0,0
-4,r8937440-n43543,0,19890,1623552161,1048,0,0,780,7776,0,0,0
-4,r8937440-n43543,0,19900,1623552171,1048,0,0,780,7776,0,0,0
-4,r8937440-n43543,0,19910,1623552181,1048,0,0,780,7776,0,0,0
-4,r8937440-n43543,0,19920,1623552191,1048,0,0,780,7776,0,0,0
-4,r8937440-n43543,0,19930,1623552201,1048,0,0,780,7776,0,0,0
-4,r8937440-n43543,0,19940,1623552211,1048,0,0,780,7776,0,0,0
-4,r8937440-n43543,0,19950,1623552221,1048,0,0,780,7776,0,0,0
-4,r8937440-n43543,0,19960,1623552231,1048,0,0,780,7776,0,0,0
-4,r8937440-n43543,0,19970,1623552241,1048,0,0,780,7776,0,0,0
-4,r8937440-n43543,0,19980,1623552251,1048,0,0,780,7776,0,0,0
-4,r8937440-n43543,0,19990,1623552261,1048,0,0,780,7776,0,0,0
-4,r8937440-n43543,0,20000,1623552271,1048,0,0,780,7776,0,0,0
-4,r8937440-n43543,0,20010,1623552281,1048,0,0,780,7776,0,0,0
-4,r8937440-n43543,0,20020,1623552291,1048,0,0,780,7776,0,0,0
-4,r8937440-n43543,0,20030,1623552301,1048,0,0,780,7776,0,0,0
-4,r8937440-n43543,0,20040,1623552311,1048,0,0,780,7776,0,0,0
-4,r8937440-n43543,0,20050,1623552321,1048,0,0,780,7776,0,0,0
-4,r8937440-n43543,0,20060,1623552331,1048,0,0,780,7776,0,0,0
-4,r8937440-n43543,0,20070,1623552341,1048,0,0,780,7776,0,0,0
-4,r8937440-n43543,0,20080,1623552351,1048,0,0,780,7776,0,0,0
-4,r8937440-n43543,0,20090,1623552361,1048,0,0,780,7776,0,0,0
-4,r8937440-n43543,0,20100,1623552371,1048,0,0,780,7776,0,0,0
-4,r8937440-n43543,0,20110,1623552381,1048,0,0,780,7776,0,0,0
-4,r8937440-n43543,0,20120,1623552391,1048,0,0,780,7776,0,0,0
-4,r8937440-n43543,0,20130,1623552401,1048,0,0,780,7776,0,0,0
-4,r8937440-n43543,0,20140,1623552411,1048,0,0,780,7776,0,0,0
-4,r8937440-n43543,0,20150,1623552421,1048,0,0,780,7776,0,0,0
-4,r8937440-n43543,0,20160,1623552431,1048,0,0,780,7776,0,0,0
-4,r8937440-n43543,0,20170,1623552441,1048,0,0,780,7776,0,0,0
-4,r8937440-n43543,0,20180,1623552451,1048,0,0,780,7776,0,0,0
-4,r8937440-n43543,0,20190,1623552461,1048,0,0,780,7776,0,0,0
-4,r8937440-n43543,0,20200,1623552471,1048,0,0,780,7776,0,0,0
-4,r8937440-n43543,0,20210,1623552481,1048,0,0,780,7776,0,0,0
-4,r8937440-n43543,0,20220,1623552491,1048,0,0,780,7776,0,0,0
-4,r8937440-n43543,0,20230,1623552501,1048,0,0,780,7776,0,0,0
-4,r8937440-n43543,0,20240,1623552511,1048,0,0,780,7776,0,0,0
-4,r8937440-n43543,0,20250,1623552521,1048,0,0,780,7776,0,0,0
-4,r8937440-n43543,0,20260,1623552531,1048,0,0,780,7776,0,0,0
-4,r8937440-n43543,0,20270,1623552541,1048,0,0,780,7776,0,0,0
-4,r8937440-n43543,0,20280,1623552551,1048,0,0,780,7776,0,0,0
-4,r8937440-n43543,0,20290,1623552561,1048,0,0,780,7776,0,0,0
-4,r8937440-n43543,0,20300,1623552571,1048,0,0,780,7776,0,0,0
-4,r8937440-n43543,0,20310,1623552581,1048,0,0,780,7776,0,0,0
-4,r8937440-n43543,0,20320,1623552591,1048,0,0,780,7776,0,0,0
-4,r8937440-n43543,0,20330,1623552601,1048,0,0,780,7776,0,0,0
-4,r8937440-n43543,0,20340,1623552611,1048,0,0,780,7776,0,0,0
-4,r8937440-n43543,0,20350,1623552621,1048,0,0,780,7776,0,0,0
-4,r8937440-n43543,0,20360,1623552631,1048,0,0,780,7776,0,0,0
-4,r8937440-n43543,0,20370,1623552641,1048,0,0,780,7776,0,0,0
-4,r8937440-n43543,0,20380,1623552651,1048,0,0,780,7776,0,0,0
-4,r8937440-n43543,0,20390,1623552661,1048,0,0,780,7776,0,0,0
-4,r8937440-n43543,0,20400,1623552671,1048,0,0,780,7776,0,0,0
-4,r8937440-n43543,0,20410,1623552681,1048,0,0,780,7776,0,0,0
-4,r8937440-n43543,0,20420,1623552691,1048,0,0,780,7776,0,0,0
-4,r8937440-n43543,0,20430,1623552701,1048,0,0,780,7776,0,0,0
-4,r8937440-n43543,0,20440,1623552711,1048,0,0,780,7776,0,0,0
-4,r8937440-n43543,0,20450,1623552721,1048,0,0,780,7776,0,0,0
-4,r8937440-n43543,0,20460,1623552731,1048,0,0,780,7776,0,0,0
-4,r8937440-n43543,0,20470,1623552741,1048,0,0,780,7776,0,0,0
-4,r8937440-n43543,0,20480,1623552751,1048,0,0,780,7776,0,0,0
-4,r8937440-n43543,0,20490,1623552761,1048,0,0,780,7776,0,0,0
-4,r8937440-n43543,0,20500,1623552771,1048,0,0,780,7776,0,0,0
-4,r8937440-n43543,0,20510,1623552781,1048,0,0,780,7776,0,0,0
-4,r8937440-n43543,0,20520,1623552791,1048,0,0,780,7776,0,0,0
-4,r8937440-n43543,0,20530,1623552801,1048,0,0,780,7776,0,0,0
-4,r8937440-n43543,0,20540,1623552811,1048,0,0,780,7776,0,0,0
-4,r8937440-n43543,0,20550,1623552821,1048,0,0,780,7776,0,0,0
-4,r8937440-n43543,0,20560,1623552831,1048,0,0,780,7776,0,0,0
-4,r8937440-n43543,0,20570,1623552841,1048,0,0,780,7776,0,0,0
-4,r8937440-n43543,0,20580,1623552851,1048,0,0,780,7776,0,0,0
-4,r8937440-n43543,0,20590,1623552861,1048,0,0,780,7776,0,0,0
-4,r8937440-n43543,0,20600,1623552871,1048,0,0,780,7776,0,0,0
-4,r8937440-n43543,0,20610,1623552881,1048,0,0,780,7776,0,0,0
-4,r8937440-n43543,0,20620,1623552891,1048,0,0,780,7776,0,0,0
-4,r8937440-n43543,0,20630,1623552901,1048,0,0,780,7776,0,0,0
-4,r8937440-n43543,0,20640,1623552911,1048,0,0,780,7776,0,0,0
-4,r8937440-n43543,0,20650,1623552921,1048,0,0,780,7776,0,0,0
-4,r8937440-n43543,0,20660,1623552931,1048,0,0,780,7776,0,0,0
-4,r8937440-n43543,0,20670,1623552941,1048,0,0,780,7776,0,0,0
-4,r8937440-n43543,0,20680,1623552951,1048,0,0,780,7776,0,0,0
-4,r8937440-n43543,0,20690,1623552961,1048,0,0,780,7776,0,0,0
-4,r8937440-n43543,0,20700,1623552971,1048,0,0,780,7776,0,0,0
-4,r8937440-n43543,0,20710,1623552981,1048,0,0,780,7776,0,0,0
-4,r8937440-n43543,0,20720,1623552991,1048,0,0,780,7776,0,0,0
-4,r8937440-n43543,0,20730,1623553001,1048,0,0,780,7776,0,0,0
-4,r8937440-n43543,0,20740,1623553011,1048,0,0,780,7776,0,0,0
-4,r8937440-n43543,0,20750,1623553021,1048,0,0,780,7776,0,0,0
-4,r8937440-n43543,0,20760,1623553031,1048,0,0,780,7776,0,0,0
-4,r8937440-n43543,0,20770,1623553041,1048,0,0,780,7776,0,0,0
-4,r8937440-n43543,0,20780,1623553051,1048,0,0,780,7776,0,0,0
-4,r8937440-n43543,0,20790,1623553061,1048,0,0,780,7776,0,0,0
-4,r8937440-n43543,0,20800,1623553071,1048,0,0,780,7776,0,0,0
-4,r8937440-n43543,0,20810,1623553081,1048,0,0,780,7776,0,0,0
-4,r8937440-n43543,0,20820,1623553091,1048,0,0,780,7776,0,0,0
-4,r8937440-n43543,0,20830,1623553101,1048,0,0,780,7776,0,0,0
-4,r8937440-n43543,0,20840,1623553111,1048,0,0,780,7776,0,0,0
-4,r8937440-n43543,0,20850,1623553121,1048,0,0,780,7776,0,0,0
-4,r8937440-n43543,0,20860,1623553131,1048,0,0,780,7776,0,0,0
-4,r8937440-n43543,0,20870,1623553141,1048,0,0,780,7776,0,0,0
-4,r8937440-n43543,0,20880,1623553151,1048,0,0,780,7776,0,0,0
-4,r8937440-n43543,0,20890,1623553161,1048,0,0,780,7776,0,0,0
-4,r8937440-n43543,0,20900,1623553171,1048,0,0,780,7776,0,0,0
-4,r8937440-n43543,0,20910,1623553181,1048,0,0,780,7776,0,0,0
-4,r8937440-n43543,0,20920,1623553191,1048,0,0,780,7776,0,0,0
-4,r8937440-n43543,0,20930,1623553201,1048,0,0,780,7776,0,0,0
-4,r8937440-n43543,0,20940,1623553211,1048,0,0,780,7776,0,0,0
-4,r8937440-n43543,0,20950,1623553221,1048,0,0,780,7776,0,0,0
-4,r8937440-n43543,0,20960,1623553231,1048,0,0,780,7776,0,0,0
-4,r8937440-n43543,0,20970,1623553241,1048,0,0,780,7776,0,0,0
-4,r8937440-n43543,0,20980,1623553251,1048,0,0,780,7776,0,0,0
-4,r8937440-n43543,0,20990,1623553261,1048,0,0,780,7776,0,0,0
-4,r8937440-n43543,0,21000,1623553271,1048,0,0,780,7776,0,0,0
-4,r8937440-n43543,0,21010,1623553281,1048,0,0,780,7776,0,0,0
-4,r8937440-n43543,0,21020,1623553291,1048,0,0,780,7776,0,0,0
-4,r8937440-n43543,0,21030,1623553301,1048,0,0,780,7776,0,0,0
-4,r8937440-n43543,0,21040,1623553311,1048,0,0,780,7776,0,0,0
-4,r8937440-n43543,0,21050,1623553321,1048,0,0,780,7776,0,0,0
-4,r8937440-n43543,0,21060,1623553331,1048,0,0,780,7776,0,0,0
-4,r8937440-n43543,0,21070,1623553341,1048,0,0,780,7776,0,0,0
-4,r8937440-n43543,0,21080,1623553351,1048,0,0,780,7776,0,0,0
-4,r8937440-n43543,0,21090,1623553361,1048,0,0,780,7776,0,0,0
-4,r8937440-n43543,0,21100,1623553371,1048,0,0,780,7776,0,0,0
-4,r8937440-n43543,0,21110,1623553381,1048,0,0,780,7776,0,0,0
-4,r8937440-n43543,0,21120,1623553391,1048,0,0,780,7776,0,0,0
-4,r8937440-n43543,0,21130,1623553401,1048,0,0,780,7776,0,0,0
-4,r8937440-n43543,0,21140,1623553411,1048,0,0,780,7776,0,0,0
-4,r8937440-n43543,0,21150,1623553421,1048,0,0,780,7776,0,0,0
-4,r8937440-n43543,0,21160,1623553431,1048,0,0,780,7776,0,0,0
-4,r8937440-n43543,0,21170,1623553441,1048,0,0,780,7776,0,0,0
-4,r8937440-n43543,0,21180,1623553451,1048,0,0,780,7776,0,0,0
-4,r8937440-n43543,0,21190,1623553461,1048,0,0,780,7776,0,0,0
-4,r8937440-n43543,0,21200,1623553471,1048,0,0,780,7776,0,0,0
-4,r8937440-n43543,0,21210,1623553481,1048,0,0,780,7776,0,0,0
-4,r8937440-n43543,0,21220,1623553491,1048,0,0,780,7776,0,0,0
-4,r8937440-n43543,0,21230,1623553501,1048,0,0,780,7776,0,0,0
-4,r8937440-n43543,0,21240,1623553511,1048,0,0,780,7776,0,0,0
-4,r8937440-n43543,0,21250,1623553521,1048,0,0,780,7776,0,0,0
-4,r8937440-n43543,0,21260,1623553531,1048,0,0,780,7776,0,0,0
-4,r8937440-n43543,0,21270,1623553541,1048,0,0,780,7776,0,0,0
-4,r8937440-n43543,0,21280,1623553551,1048,0,0,780,7776,0,0,0
-4,r8937440-n43543,0,21290,1623553561,1048,0,0,780,7776,0,0,0
-4,r8937440-n43543,0,21300,1623553571,1048,0,0,780,7776,0,0,0
-4,r8937440-n43543,0,21310,1623553581,1048,0,0,780,7776,0,0,0
-4,r8937440-n43543,0,21320,1623553591,1048,0,0,780,7776,0,0,0
-4,r8937440-n43543,0,21330,1623553601,1048,0,0,780,7776,0,0,0
-4,r8937440-n43543,0,21340,1623553611,1048,0,0,780,7776,0,0,0
-4,r8937440-n43543,0,21350,1623553621,1048,0,0,780,7776,0,0,0
-4,r8937440-n43543,0,21360,1623553631,1048,0,0,780,7776,0,0,0
-4,r8937440-n43543,0,21370,1623553641,1048,0,0,780,7776,0,0,0
-4,r8937440-n43543,0,21380,1623553651,1048,0,0,780,7776,0,0,0
-4,r8937440-n43543,0,21390,1623553661,1048,0,0,780,7776,0,0,0
-4,r8937440-n43543,0,21400,1623553671,1048,0,0,780,7776,0,0,0
-4,r8937440-n43543,0,21410,1623553681,1048,0,0,780,7776,0,0,0
-4,r8937440-n43543,0,21420,1623553691,1048,0,0,780,7776,0,0,0
-4,r8937440-n43543,0,21430,1623553701,1048,0,0,780,7776,0,0,0
-4,r8937440-n43543,0,21440,1623553711,1048,0,0,780,7776,0,0,0
-4,r8937440-n43543,0,21450,1623553721,1048,0,0,780,7776,0,0,0
-4,r8937440-n43543,0,21460,1623553731,1048,0,0,780,7776,0,0,0
-4,r8937440-n43543,0,21470,1623553741,1048,0,0,780,7776,0,0,0
-4,r8937440-n43543,0,21480,1623553751,1048,0,0,780,7776,0,0,0
-4,r8937440-n43543,0,21490,1623553761,1048,0,0,780,7776,0,0,0
-4,r8937440-n43543,0,21500,1623553771,1048,0,0,780,7776,0,0,0
-4,r8937440-n43543,0,21510,1623553781,1048,0,0,780,7776,0,0,0
-4,r8937440-n43543,0,21520,1623553791,1048,0,0,780,7776,0,0,0
-4,r8937440-n43543,0,21530,1623553801,1048,0,0,780,7776,0,0,0
-4,r8937440-n43543,0,21540,1623553811,1048,0,0,780,7776,0,0,0
-4,r8937440-n43543,0,21550,1623553821,1048,0,0,780,7776,0,0,0
-4,r8937440-n43543,0,21560,1623553831,1048,0,0,780,7776,0,0,0
-4,r8937440-n43543,0,21570,1623553841,1048,0,0,780,7776,0,0,0
-4,r8937440-n43543,0,21580,1623553851,1048,0,0,780,7776,0,0,0
-4,r8937440-n43543,0,21590,1623553861,1048,0,0,780,7776,0,0,0
-4,r8937440-n43543,0,21600,1623553871,1048,0,0,780,7776,0,0,0
-4,r8937440-n43543,0,21610,1623553881,1048,0,0,780,7776,0,0,0
-4,r8937440-n43543,0,21620,1623553891,1048,0,0,780,7776,0,0,0
-4,r8937440-n43543,0,21630,1623553901,1048,0,0,780,7776,0,0,0
-4,r8937440-n43543,0,21640,1623553911,1048,0,0,780,7776,0,0,0
-4,r8937440-n43543,0,21650,1623553921,1048,0,0,780,7776,0,0,0
-4,r8937440-n43543,0,21660,1623553931,1048,0,0,780,7776,0,0,0
-4,r8937440-n43543,0,21670,1623553941,1048,0,0,780,7776,0,0,0
-4,r8937440-n43543,0,21680,1623553951,1048,0,0,780,7776,0,0,0
-4,r8937440-n43543,0,21690,1623553961,1048,0,0,780,7776,0,0,0
-4,r8937440-n43543,0,21700,1623553971,1048,0,0,780,7776,0,0,0
-4,r8937440-n43543,0,21710,1623553981,1048,0,0,780,7776,0,0,0
-4,r8937440-n43543,0,21720,1623553991,1048,0,0,780,7776,0,0,0
-4,r8937440-n43543,0,21730,1623554001,1048,0,0,780,7776,0,0,0
-4,r8937440-n43543,0,21740,1623554011,1048,0,0,780,7776,0,0,0
-4,r8937440-n43543,0,21750,1623554021,1048,0,0,780,7776,0,0,0
-4,r8937440-n43543,0,21760,1623554031,1048,0,0,780,7776,0,0,0
-4,r8937440-n43543,0,21770,1623554041,1048,0,0,780,7776,0,0,0
-4,r8937440-n43543,0,21780,1623554051,1048,0,0,780,7776,0,0,0
-4,r8937440-n43543,0,21790,1623554061,1048,0,0,780,7776,0,0,0
-4,r8937440-n43543,0,21800,1623554071,1048,0,0,780,7776,0,0,0
-4,r8937440-n43543,0,21810,1623554081,1048,0,0,780,7776,0,0,0
-4,r8937440-n43543,0,21820,1623554091,1048,0,0,780,7776,0,0,0
-4,r8937440-n43543,0,21830,1623554101,1048,0,0,780,7776,0,0,0
-4,r8937440-n43543,0,21840,1623554111,1048,0,0,780,7776,0,0,0
-4,r8937440-n43543,0,21850,1623554121,1048,0,0,780,7776,0,0,0
-4,r8937440-n43543,0,21860,1623554131,1048,0,0,780,7776,0,0,0
-4,r8937440-n43543,0,21870,1623554141,1048,0,0,780,7776,0,0,0
-4,r8937440-n43543,0,21880,1623554151,1048,0,0,780,7776,0,0,0
-4,r8937440-n43543,0,21890,1623554161,1048,0,0,780,7776,0,0,0
-4,r8937440-n43543,0,21900,1623554171,1048,0,0,780,7776,0,0,0
-4,r8937440-n43543,0,21910,1623554181,1048,0,0,780,7776,0,0,0
-4,r8937440-n43543,0,21920,1623554191,1048,0,0,780,7776,0,0,0
-4,r8937440-n43543,0,21930,1623554201,1048,0,0,780,7776,0,0,0
-4,r8937440-n43543,0,21940,1623554211,1048,0,0,780,7776,0,0,0
-4,r8937440-n43543,0,21950,1623554221,1048,0,0,780,7776,0,0,0
-4,r8937440-n43543,0,21960,1623554231,1048,0,0,780,7776,0,0,0
-4,r8937440-n43543,0,21970,1623554241,1048,0,0,780,7776,0,0,0
-4,r8937440-n43543,0,21980,1623554251,1048,0,0,780,7776,0,0,0
-4,r8937440-n43543,0,21990,1623554261,1048,0,0,780,7776,0,0,0
-4,r8937440-n43543,0,22000,1623554271,1048,0,0,780,7776,0,0,0
-4,r8937440-n43543,0,22010,1623554281,1048,0,0,780,7776,0,0,0
-4,r8937440-n43543,0,22020,1623554291,1048,0,0,780,7776,0,0,0
-4,r8937440-n43543,0,22030,1623554301,1048,0,0,780,7776,0,0,0
-4,r8937440-n43543,0,22040,1623554311,1048,0,0,780,7776,0,0,0
-4,r8937440-n43543,0,22050,1623554321,1048,0,0,780,7776,0,0,0
-4,r8937440-n43543,0,22060,1623554331,1048,0,0,780,7776,0,0,0
-4,r8937440-n43543,0,22070,1623554341,1048,0,0,780,7776,0,0,0
-4,r8937440-n43543,0,22080,1623554351,1048,0,0,780,7776,0,0,0
-4,r8937440-n43543,0,22090,1623554361,1048,0,0,780,7776,0,0,0
-4,r8937440-n43543,0,22100,1623554371,1048,0,0,780,7776,0,0,0
-4,r8937440-n43543,0,22110,1623554381,1048,0,0,780,7776,0,0,0
-4,r8937440-n43543,0,22120,1623554391,1048,0,0,780,7776,0,0,0
-4,r8937440-n43543,0,22130,1623554401,1048,0,0,780,7776,0,0,0
-4,r8937440-n43543,0,22140,1623554411,1048,0,0,780,7776,0,0,0
-4,r8937440-n43543,0,22150,1623554421,1048,0,0,780,7776,0,0,0
-4,r8937440-n43543,0,22160,1623554431,1048,0,0,780,7776,0,0,0
-4,r8937440-n43543,0,22170,1623554441,1048,0,0,780,7776,0,0,0
-4,r8937440-n43543,0,22180,1623554451,1048,0,0,780,7776,0,0,0
-4,r8937440-n43543,0,22190,1623554461,1048,0,0,780,7776,0,0,0
-4,r8937440-n43543,0,22200,1623554471,1048,0,0,780,7776,0,0,0
-4,r8937440-n43543,0,22210,1623554481,1048,0,0,780,7776,0,0,0
-4,r8937440-n43543,0,22220,1623554491,1048,0,0,780,7776,0,0,0
-4,r8937440-n43543,0,22230,1623554501,1048,0,0,780,7776,0,0,0
-4,r8937440-n43543,0,22240,1623554511,1048,0,0,780,7776,0,0,0
-4,r8937440-n43543,0,22250,1623554521,1048,0,0,780,7776,0,0,0
-4,r8937440-n43543,0,22260,1623554531,1048,0,0,780,7776,0,0,0
-4,r8937440-n43543,0,22270,1623554541,1048,0,0,780,7776,0,0,0
-4,r8937440-n43543,0,22280,1623554551,1048,0,0,780,7776,0,0,0
-4,r8937440-n43543,0,22290,1623554561,1048,0,0,780,7776,0,0,0
-4,r8937440-n43543,0,22300,1623554571,1048,0,0,780,7776,0,0,0
-4,r8937440-n43543,0,22310,1623554581,1048,0,0,780,7776,0,0,0
-4,r8937440-n43543,0,22320,1623554591,1048,0,0,780,7776,0,0,0
-4,r8937440-n43543,0,22330,1623554601,1048,0,0,780,7776,0,0,0
-4,r8937440-n43543,0,22340,1623554611,1048,0,0,780,7776,0,0,0
-4,r8937440-n43543,0,22350,1623554621,1048,0,0,780,7776,0,0,0
-4,r8937440-n43543,0,22360,1623554631,1048,0,0,780,7776,0,0,0
-4,r8937440-n43543,0,22370,1623554641,1048,0,0,780,7776,0,0,0
-4,r8937440-n43543,0,22380,1623554651,1048,0,0,780,7776,0,0,0
-4,r8937440-n43543,0,22390,1623554661,1048,0,0,780,7776,0,0,0
-4,r8937440-n43543,0,22400,1623554671,1048,0,0,780,7776,0,0,0
-4,r8937440-n43543,0,22410,1623554681,1048,0,0,780,7776,0,0,0
-4,r8937440-n43543,0,22420,1623554691,1048,0,0,780,7776,0,0,0
-4,r8937440-n43543,0,22430,1623554701,1048,0,0,780,7776,0,0,0
-4,r8937440-n43543,0,22440,1623554711,1048,0,0,780,7776,0,0,0
-4,r8937440-n43543,0,22450,1623554721,1048,0,0,780,7776,0,0,0
-4,r8937440-n43543,0,22460,1623554731,1048,0,0,780,7776,0,0,0
-4,r8937440-n43543,0,22470,1623554741,1048,0,0,780,7776,0,0,0
-4,r8937440-n43543,0,22480,1623554751,1048,0,0,780,7776,0,0,0
-4,r8937440-n43543,0,22490,1623554761,1048,0,0,780,7776,0,0,0
-4,r8937440-n43543,0,22500,1623554771,1048,0,0,780,7776,0,0,0
-4,r8937440-n43543,0,22510,1623554781,1048,0,0,780,7776,0,0,0
-4,r8937440-n43543,0,22520,1623554791,1048,0,0,780,7776,0,0,0
-4,r8937440-n43543,0,22530,1623554801,1048,0,0,780,7776,0,0,0
-4,r8937440-n43543,0,22540,1623554811,1048,0,0,780,7776,0,0,0
-4,r8937440-n43543,0,22550,1623554821,1048,0,0,780,7776,0,0,0
-4,r8937440-n43543,0,22560,1623554831,1048,0,0,780,7776,0,0,0
-4,r8937440-n43543,0,22570,1623554841,1048,0,0,780,7776,0,0,0
-4,r8937440-n43543,0,22580,1623554851,1048,0,0,780,7776,0,0,0
-4,r8937440-n43543,0,22590,1623554861,1048,0,0,780,7776,0,0,0
-4,r8937440-n43543,0,22600,1623554871,1048,0,0,780,7776,0,0,0
-4,r8937440-n43543,0,22610,1623554881,1048,0,0,780,7776,0,0,0
-4,r8937440-n43543,0,22620,1623554891,1048,0,0,780,7776,0,0,0
-4,r8937440-n43543,0,22630,1623554901,1048,0,0,780,7776,0,0,0
-4,r8937440-n43543,0,22640,1623554911,1048,0,0,780,7776,0,0,0
-4,r8937440-n43543,0,22650,1623554921,1048,0,0,780,7776,0,0,0
-4,r8937440-n43543,0,22660,1623554931,1048,0,0,780,7776,0,0,0
-4,r8937440-n43543,0,22670,1623554941,1048,0,0,780,7776,0,0,0
-4,r8937440-n43543,0,22680,1623554951,1048,0,0,780,7776,0,0,0
-4,r8937440-n43543,0,22690,1623554961,1048,0,0,780,7776,0,0,0
-4,r8937440-n43543,0,22700,1623554971,1048,0,0,780,7776,0,0,0
-4,r8937440-n43543,0,22710,1623554981,1048,0,0,780,7776,0,0,0
-4,r8937440-n43543,0,22720,1623554991,1048,0,0,780,7776,0,0,0
-4,r8937440-n43543,0,22730,1623555001,1048,0,0,780,7776,0,0,0
-4,r8937440-n43543,0,22740,1623555011,1048,0,0,780,7776,0,0,0
-4,r8937440-n43543,0,22750,1623555021,1048,0,0,780,7776,0,0,0
-4,r8937440-n43543,0,22760,1623555031,1048,0,0,780,7776,0,0,0
-4,r8937440-n43543,0,22770,1623555041,1048,0,0,780,7776,0,0,0
-4,r8937440-n43543,0,22780,1623555051,1048,0,0,780,7776,0,0,0
-4,r8937440-n43543,0,22790,1623555061,1048,0,0,780,7776,0,0,0
-4,r8937440-n43543,0,22800,1623555071,1048,0,0,780,7776,0,0,0
-4,r8937440-n43543,0,22810,1623555081,1048,0,0,780,7776,0,0,0
-4,r8937440-n43543,0,22820,1623555091,1048,0,0,780,7776,0,0,0
-4,r8937440-n43543,0,22830,1623555101,1048,0,0,780,7776,0,0,0
-4,r8937440-n43543,0,22840,1623555111,1048,0,0,780,7776,0,0,0
-4,r8937440-n43543,0,22850,1623555121,1048,0,0,780,7776,0,0,0
-4,r8937440-n43543,0,22860,1623555131,1048,0,0,780,7776,0,0,0
-4,r8937440-n43543,0,22870,1623555141,1048,0,0,780,7776,0,0,0
-4,r8937440-n43543,0,22880,1623555151,1048,0,0,780,7776,0,0,0
-4,r8937440-n43543,0,22890,1623555161,1048,0,0,780,7776,0,0,0
-4,r8937440-n43543,0,22900,1623555171,1048,0,0,780,7776,0,0,0
-4,r8937440-n43543,0,22910,1623555181,1048,0,0,780,7776,0,0,0
-4,r8937440-n43543,0,22920,1623555191,1048,0,0,780,7776,0,0,0
-4,r8937440-n43543,0,22930,1623555201,1048,0,0,780,7776,0,0,0
-4,r8937440-n43543,0,22940,1623555211,1048,0,0,780,7776,0,0,0
-4,r8937440-n43543,0,22950,1623555221,1048,0,0,780,7776,0,0,0
-4,r8937440-n43543,0,22960,1623555231,1048,0,0,780,7776,0,0,0
-4,r8937440-n43543,0,22970,1623555241,1048,0,0,780,7776,0,0,0
-4,r8937440-n43543,0,22980,1623555251,1048,0,0,780,7776,0,0,0
-4,r8937440-n43543,0,22990,1623555261,1048,0,0,780,7776,0,0,0
-4,r8937440-n43543,0,23000,1623555271,1048,0,0,780,7776,0,0,0
-4,r8937440-n43543,0,23010,1623555281,1048,0,0,780,7776,0,0,0
-4,r8937440-n43543,0,23020,1623555291,1048,0,0,780,7776,0,0,0
-4,r8937440-n43543,0,23030,1623555301,1048,0,0,780,7776,0,0,0
-4,r8937440-n43543,0,23040,1623555311,1048,0,0,780,7776,0,0,0
-4,r8937440-n43543,0,23050,1623555321,1048,0,0,780,7776,0,0,0
-4,r8937440-n43543,0,23060,1623555331,1048,0,0,780,7776,0,0,0
-4,r8937440-n43543,0,23070,1623555341,1048,0,0,780,7776,0,0,0
-4,r8937440-n43543,0,23080,1623555351,1048,0,0,780,7776,0,0,0
-4,r8937440-n43543,0,23090,1623555361,1048,0,0,780,7776,0,0,0
-4,r8937440-n43543,0,23100,1623555371,1048,0,0,780,7776,0,0,0
-4,r8937440-n43543,0,23110,1623555381,1048,0,0,780,7776,0,0,0
-4,r8937440-n43543,0,23120,1623555391,1048,0,0,780,7776,0,0,0
-4,r8937440-n43543,0,23130,1623555401,1048,0,0,780,7776,0,0,0
-4,r8937440-n43543,0,23140,1623555411,1048,0,0,780,7776,0,0,0
-4,r8937440-n43543,0,23150,1623555421,1048,0,0,780,7776,0,0,0
-4,r8937440-n43543,0,23160,1623555431,1048,0,0,780,7776,0,0,0
-4,r8937440-n43543,0,23170,1623555441,1048,0,0,780,7776,0,0,0
-4,r8937440-n43543,0,23180,1623555451,1048,0,0,780,7776,0,0,0
-4,r8937440-n43543,0,23190,1623555461,1048,0,0,780,7776,0,0,0
-4,r8937440-n43543,0,23200,1623555471,1048,0,0,780,7776,0,0,0
-4,r8937440-n43543,0,23210,1623555481,1048,0,0,780,7776,0,0,0
-4,r8937440-n43543,0,23220,1623555491,1048,0,0,780,7776,0,0,0
-4,r8937440-n43543,0,23230,1623555501,1048,0,0,780,7776,0,0,0
-4,r8937440-n43543,0,23240,1623555511,1048,0,0,780,7776,0,0,0
-4,r8937440-n43543,0,23250,1623555521,1048,0,0,780,7776,0,0,0
-4,r8937440-n43543,0,23260,1623555531,1048,0,0,780,7776,0,0,0
-4,r8937440-n43543,0,23270,1623555541,1048,0,0,780,7776,0,0,0
-4,r8937440-n43543,0,23280,1623555551,1048,0,0,780,7776,0,0,0
-4,r8937440-n43543,0,23290,1623555561,1048,0,0,780,7776,0,0,0
-4,r8937440-n43543,0,23300,1623555571,1048,0,0,780,7776,0,0,0
-4,r8937440-n43543,0,23310,1623555581,1048,0,0,780,7776,0,0,0
-4,r8937440-n43543,0,23320,1623555591,1048,0,0,780,7776,0,0,0
-4,r8937440-n43543,0,23330,1623555601,1048,0,0,780,7776,0,0,0
-4,r8937440-n43543,0,23340,1623555611,1048,0,0,780,7776,0,0,0
-4,r8937440-n43543,0,23350,1623555621,1048,0,0,780,7776,0,0,0
-4,r8937440-n43543,0,23360,1623555631,1048,0,0,780,7776,0,0,0
-4,r8937440-n43543,0,23370,1623555641,1048,0,0,780,7776,0,0,0
-4,r8937440-n43543,0,23380,1623555651,1048,0,0,780,7776,0,0,0
-4,r8937440-n43543,0,23390,1623555661,1048,0,0,780,7776,0,0,0
-4,r8937440-n43543,0,23400,1623555671,1048,0,0,780,7776,0,0,0
-4,r8937440-n43543,0,23410,1623555681,1048,0,0,780,7776,0,0,0
-4,r8937440-n43543,0,23420,1623555691,1048,0,0,780,7776,0,0,0
-4,r8937440-n43543,0,23430,1623555701,1048,0,0,780,7776,0,0,0
-4,r8937440-n43543,0,23440,1623555711,1048,0,0,780,7776,0,0,0
-4,r8937440-n43543,0,23450,1623555721,1048,0,0,780,7776,0,0,0
-4,r8937440-n43543,0,23460,1623555731,1048,0,0,780,7776,0,0,0
-4,r8937440-n43543,0,23470,1623555741,1048,0,0,780,7776,0,0,0
-4,r8937440-n43543,0,23480,1623555751,1048,0,0,780,7776,0,0,0
-4,r8937440-n43543,0,23490,1623555761,1048,0,0,780,7776,0,0,0
-4,r8937440-n43543,0,23500,1623555771,1048,0,0,780,7776,0,0,0
-4,r8937440-n43543,0,23510,1623555781,1048,0,0,780,7776,0,0,0
-4,r8937440-n43543,0,23520,1623555791,1048,0,0,780,7776,0,0,0
-4,r8937440-n43543,0,23530,1623555801,1048,0,0,780,7776,0,0,0
-4,r8937440-n43543,0,23540,1623555811,1048,0,0,780,7776,0,0,0
-4,r8937440-n43543,0,23550,1623555821,1048,0,0,780,7776,0,0,0
-4,r8937440-n43543,0,23560,1623555831,1048,0,0,780,7776,0,0,0
-4,r8937440-n43543,0,23570,1623555841,1048,0,0,780,7776,0,0,0
-4,r8937440-n43543,0,23580,1623555851,1048,0,0,780,7776,0,0,0
-4,r8937440-n43543,0,23590,1623555861,1048,0,0,780,7776,0,0,0
-4,r8937440-n43543,0,23600,1623555871,1048,0,0,780,7776,0,0,0
-4,r8937440-n43543,0,23610,1623555881,1048,0,0,780,7776,0,0,0
-4,r8937440-n43543,0,23620,1623555891,1048,0,0,780,7776,0,0,0
-4,r8937440-n43543,0,23630,1623555901,1048,0,0,780,7776,0,0,0
-4,r8937440-n43543,0,23640,1623555911,1048,0,0,780,7776,0,0,0
-4,r8937440-n43543,0,23650,1623555921,1048,0,0,780,7776,0,0,0
-4,r8937440-n43543,0,23660,1623555931,1048,0,0,780,7776,0,0,0
-4,r8937440-n43543,0,23670,1623555941,1048,0,0,780,7776,0,0,0
-4,r8937440-n43543,0,23680,1623555951,1048,0,0,780,7776,0,0,0
-4,r8937440-n43543,0,23690,1623555961,1048,0,0,780,7776,0,0,0
-4,r8937440-n43543,0,23700,1623555971,1048,0,0,780,7776,0,0,0
-4,r8937440-n43543,0,23710,1623555981,1048,0,0,780,7776,0,0,0
-4,r8937440-n43543,0,23720,1623555991,1048,0,0,780,7776,0,0,0
-4,r8937440-n43543,0,23730,1623556001,1048,0,0,780,7776,0,0,0
-4,r8937440-n43543,0,23740,1623556011,1048,0,0,780,7776,0,0,0
-4,r8937440-n43543,0,23750,1623556021,1048,0,0,780,7776,0,0,0
-4,r8937440-n43543,0,23760,1623556031,1048,0,0,780,7776,0,0,0
-4,r8937440-n43543,0,23770,1623556041,1048,0,0,780,7776,0,0,0
-4,r8937440-n43543,0,23780,1623556051,1048,0,0,780,7776,0,0,0
-4,r8937440-n43543,0,23790,1623556061,1048,0,0,780,7776,0,0,0
-4,r8937440-n43543,0,23800,1623556071,1048,0,0,780,7776,0,0,0
-4,r8937440-n43543,0,23810,1623556081,1048,0,0,780,7776,0,0,0
-4,r8937440-n43543,0,23820,1623556091,1048,0,0,780,7776,0,0,0
-4,r8937440-n43543,0,23830,1623556101,1048,0,0,780,7776,0,0,0
-4,r8937440-n43543,0,23840,1623556111,1048,0,0,780,7776,0,0,0
-4,r8937440-n43543,0,23850,1623556121,1048,0,0,780,7776,0,0,0
-4,r8937440-n43543,0,23860,1623556131,1048,0,0,780,7776,0,0,0
-4,r8937440-n43543,0,23870,1623556141,1048,0,0,780,7776,0,0,0
-4,r8937440-n43543,0,23880,1623556151,1048,0,0,780,7776,0,0,0
-4,r8937440-n43543,0,23890,1623556161,1048,0,0,780,7776,0,0,0
-4,r8937440-n43543,0,23900,1623556171,1048,0,0,780,7776,0,0,0
-4,r8937440-n43543,0,23910,1623556181,1048,0,0,780,7776,0,0,0
-4,r8937440-n43543,0,23920,1623556191,1048,0,0,780,7776,0,0,0
-4,r8937440-n43543,0,23930,1623556201,1048,0,0,780,7776,0,0,0
-4,r8937440-n43543,0,23940,1623556211,1048,0,0,780,7776,0,0,0
-4,r8937440-n43543,0,23950,1623556221,1048,0,0,780,7776,0,0,0
-4,r8937440-n43543,0,23960,1623556231,1048,0,0,780,7776,0,0,0
-4,r8937440-n43543,0,23970,1623556241,1048,0,0,780,7776,0,0,0
-4,r8937440-n43543,0,23980,1623556251,1048,0,0,780,7776,0,0,0
-4,r8937440-n43543,0,23990,1623556261,1048,0,0,780,7776,0,0,0
-4,r8937440-n43543,0,24000,1623556271,1048,0,0,780,7776,0,0,0
-4,r8937440-n43543,0,24010,1623556281,1048,0,0,780,7776,0,0,0
-4,r8937440-n43543,0,24020,1623556291,1048,0,0,780,7776,0,0,0
-4,r8937440-n43543,0,24030,1623556301,1048,0,0,780,7776,0,0,0
-4,r8937440-n43543,0,24040,1623556311,1048,0,0,780,7776,0,0,0
-4,r8937440-n43543,0,24050,1623556321,1048,0,0,780,7776,0,0,0
-4,r8937440-n43543,0,24060,1623556331,1048,0,0,780,7776,0,0,0
-4,r8937440-n43543,0,24070,1623556341,1048,0,0,780,7776,0,0,0
-4,r8937440-n43543,0,24080,1623556351,1048,0,0,780,7776,0,0,0
-4,r8937440-n43543,0,24090,1623556361,1048,0,0,780,7776,0,0,0
-4,r8937440-n43543,0,24100,1623556371,1048,0,0,780,7776,0,0,0
-4,r8937440-n43543,0,24110,1623556381,1048,0,0,780,7776,0,0,0
-4,r8937440-n43543,0,24120,1623556391,1048,0,0,780,7776,0,0,0
-4,r8937440-n43543,0,24130,1623556401,1048,0,0,780,7776,0,0,0
-4,r8937440-n43543,0,24140,1623556411,1048,0,0,780,7776,0,0,0
-4,r8937440-n43543,0,24150,1623556421,1048,0,0,780,7776,0,0,0
-4,r8937440-n43543,0,24160,1623556431,1048,0,0,780,7776,0,0,0
-4,r8937440-n43543,0,24170,1623556441,1048,0,0,780,7776,0,0,0
-4,r8937440-n43543,0,24180,1623556451,1048,0,0,780,7776,0,0,0
-4,r8937440-n43543,0,24190,1623556461,1048,0,0,780,7776,0,0,0
-4,r8937440-n43543,0,24200,1623556471,1048,0,0,780,7776,0,0,0
-4,r8937440-n43543,0,24210,1623556481,1048,0,0,780,7776,0,0,0
-4,r8937440-n43543,0,24220,1623556491,1048,0,0,780,7776,0,0,0
-4,r8937440-n43543,0,24230,1623556501,1048,0,0,780,7776,0,0,0
-4,r8937440-n43543,0,24240,1623556511,1048,0,0,780,7776,0,0,0
-4,r8937440-n43543,0,24250,1623556521,1048,0,0,780,7776,0,0,0
-4,r8937440-n43543,0,24260,1623556531,1048,0,0,780,7776,0,0,0
-4,r8937440-n43543,0,24270,1623556541,1048,0,0,780,7776,0,0,0
-4,r8937440-n43543,0,24280,1623556551,1048,0,0,780,7776,0,0,0
-4,r8937440-n43543,0,24290,1623556561,1048,0,0,780,7776,0,0,0
-4,r8937440-n43543,0,24300,1623556571,1048,0,0,780,7776,0,0,0
-4,r8937440-n43543,0,24310,1623556581,1048,0,0,780,7776,0,0,0
-4,r8937440-n43543,0,24320,1623556591,1048,0,0,780,7776,0,0,0
-4,r8937440-n43543,0,24330,1623556601,1048,0,0,780,7776,0,0,0
-4,r8937440-n43543,0,24340,1623556611,1048,0,0,780,7776,0,0,0
-4,r8937440-n43543,0,24350,1623556621,1048,0,0,780,7776,0,0,0
-4,r8937440-n43543,0,24360,1623556631,1048,0,0,780,7776,0,0,0
-4,r8937440-n43543,0,24370,1623556641,1048,0,0,780,7776,0,0,0
-4,r8937440-n43543,0,24380,1623556651,1048,0,0,780,7776,0,0,0
-4,r8937440-n43543,0,24390,1623556661,1048,0,0,780,7776,0,0,0
-4,r8937440-n43543,0,24400,1623556671,1048,0,0,780,7776,0,0,0
-4,r8937440-n43543,0,24410,1623556681,1048,0,0,780,7776,0,0,0
-4,r8937440-n43543,0,24420,1623556691,1048,0,0,780,7776,0,0,0
-4,r8937440-n43543,0,24430,1623556701,1048,0,0,780,7776,0,0,0
-4,r8937440-n43543,0,24440,1623556711,1048,0,0,780,7776,0,0,0
-4,r8937440-n43543,0,24450,1623556721,1048,0,0,780,7776,0,0,0
-4,r8937440-n43543,0,24460,1623556731,1048,0,0,780,7776,0,0,0
-4,r8937440-n43543,0,24470,1623556741,1048,0,0,780,7776,0,0,0
-4,r8937440-n43543,0,24480,1623556751,1048,0,0,780,7776,0,0,0
-4,r8937440-n43543,0,24490,1623556761,1048,0,0,780,7776,0,0,0
-4,r8937440-n43543,0,24500,1623556771,1048,0,0,780,7776,0,0,0
-4,r8937440-n43543,0,24510,1623556781,1048,0,0,780,7776,0,0,0
-4,r8937440-n43543,0,24520,1623556791,1048,0,0,780,7776,0,0,0
-4,r8937440-n43543,0,24530,1623556801,1048,0,0,780,7776,0,0,0
-4,r8937440-n43543,0,24540,1623556811,1048,0,0,780,7776,0,0,0
-4,r8937440-n43543,0,24550,1623556821,1048,0,0,780,7776,0,0,0
-4,r8937440-n43543,0,24560,1623556831,1048,0,0,780,7776,0,0,0
-4,r8937440-n43543,0,24570,1623556841,1048,0,0,780,7776,0,0,0
-4,r8937440-n43543,0,24580,1623556851,1048,0,0,780,7776,0,0,0
-4,r8937440-n43543,0,24590,1623556861,1048,0,0,780,7776,0,0,0
-4,r8937440-n43543,0,24600,1623556871,1048,0,0,780,7776,0,0,0
-4,r8937440-n43543,0,24610,1623556881,1048,0,0,780,7776,0,0,0
-4,r8937440-n43543,0,24620,1623556891,1048,0,0,780,7776,0,0,0
-4,r8937440-n43543,0,24630,1623556901,1048,0,0,780,7776,0,0,0
-4,r8937440-n43543,0,24640,1623556911,1048,0,0,780,7776,0,0,0
-4,r8937440-n43543,0,24650,1623556921,1048,0,0,780,7776,0,0,0
-4,r8937440-n43543,0,24660,1623556931,1048,0,0,780,7776,0,0,0
-4,r8937440-n43543,0,24670,1623556941,1048,0,0,780,7776,0,0,0
-4,r8937440-n43543,0,24680,1623556951,1048,0,0,780,7776,0,0,0
-4,r8937440-n43543,0,24690,1623556961,1048,0,0,780,7776,0,0,0
-4,r8937440-n43543,0,24700,1623556971,1048,0,0,780,7776,0,0,0
-4,r8937440-n43543,0,24710,1623556981,1048,0,0,780,7776,0,0,0
-4,r8937440-n43543,0,24720,1623556991,1048,0,0,780,7776,0,0,0
-4,r8937440-n43543,0,24730,1623557001,1048,0,0,780,7776,0,0,0
-4,r8937440-n43543,0,24740,1623557011,1048,0,0,780,7776,0,0,0
-4,r8937440-n43543,0,24750,1623557021,1048,0,0,780,7776,0,0,0
-4,r8937440-n43543,0,24760,1623557031,1048,0,0,780,7776,0,0,0
-4,r8937440-n43543,0,24770,1623557041,1048,0,0,780,7776,0,0,0
-4,r8937440-n43543,0,24780,1623557051,1048,0,0,780,7776,0,0,0
-4,r8937440-n43543,0,24790,1623557061,1048,0,0,780,7776,0,0,0
-4,r8937440-n43543,0,24800,1623557071,1048,0,0,780,7776,0,0,0
-4,r8937440-n43543,0,24810,1623557081,1048,0,0,780,7776,0,0,0
-4,r8937440-n43543,0,24820,1623557091,1048,0,0,780,7776,0,0,0
-4,r8937440-n43543,0,24830,1623557101,1048,0,0,780,7776,0,0,0
-4,r8937440-n43543,0,24840,1623557111,1048,0,0,780,7776,0,0,0
-4,r8937440-n43543,0,24850,1623557121,1048,0,0,780,7776,0,0,0
-4,r8937440-n43543,0,24860,1623557131,1048,0,0,780,7776,0,0,0
-4,r8937440-n43543,0,24870,1623557141,1048,0,0,780,7776,0,0,0
-4,r8937440-n43543,0,24880,1623557151,1048,0,0,780,7776,0,0,0
-4,r8937440-n43543,0,24890,1623557161,1048,0,0,780,7776,0,0,0
-4,r8937440-n43543,0,24900,1623557171,1048,0,0,780,7776,0,0,0
-4,r8937440-n43543,0,24910,1623557181,1048,0,0,780,7776,0,0,0
-4,r8937440-n43543,0,24920,1623557191,1048,0,0,780,7776,0,0,0
-4,r8937440-n43543,0,24930,1623557201,1048,0,0,780,7776,0,0,0
-4,r8937440-n43543,0,24940,1623557211,1048,0,0,780,7776,0,0,0
-4,r8937440-n43543,0,24950,1623557221,1048,0,0,780,7776,0,0,0
-4,r8937440-n43543,0,24960,1623557231,1048,0,0,780,7776,0,0,0
-4,r8937440-n43543,0,24970,1623557241,1048,0,0,780,7776,0,0,0
-4,r8937440-n43543,0,24980,1623557251,1048,0,0,780,7776,0,0,0
-4,r8937440-n43543,0,24990,1623557261,1048,0,0,780,7776,0,0,0
-4,r8937440-n43543,0,25000,1623557271,1048,0,0,780,7776,0,0,0
-4,r8937440-n43543,0,25010,1623557281,1048,0,0,780,7776,0,0,0
-4,r8937440-n43543,0,25020,1623557291,1048,0,0,780,7776,0,0,0
-4,r8937440-n43543,0,25030,1623557301,1048,0,0,780,7776,0,0,0
-4,r8937440-n43543,0,25040,1623557311,1048,0,0,780,7776,0,0,0
-4,r8937440-n43543,0,25050,1623557321,1048,0,0,780,7776,0,0,0
-4,r8937440-n43543,0,25060,1623557331,1048,0,0,780,7776,0,0,0
-4,r8937440-n43543,0,25070,1623557341,1048,0,0,780,7776,0,0,0
-4,r8937440-n43543,0,25080,1623557351,1048,0,0,780,7776,0,0,0
-4,r8937440-n43543,0,25090,1623557361,1048,0,0,780,7776,0,0,0
-4,r8937440-n43543,0,25100,1623557371,1048,0,0,780,7776,0,0,0
-4,r8937440-n43543,0,25110,1623557381,1048,0,0,780,7776,0,0,0
-4,r8937440-n43543,0,25120,1623557391,1048,0,0,780,7776,0,0,0
-4,r8937440-n43543,0,25130,1623557401,1048,0,0,780,7776,0,0,0
-4,r8937440-n43543,0,25140,1623557411,1048,0,0,780,7776,0,0,0
-4,r8937440-n43543,0,25150,1623557421,1048,0,0,780,7776,0,0,0
-4,r8937440-n43543,0,25160,1623557431,1048,0,0,780,7776,0,0,0
-4,r8937440-n43543,0,25170,1623557441,1048,0,0,780,7776,0,0,0
-4,r8937440-n43543,0,25180,1623557451,1048,0,0,780,7776,0,0,0
-4,r8937440-n43543,0,25190,1623557461,1048,0,0,780,7776,0,0,0
-4,r8937440-n43543,0,25200,1623557471,1048,0,0,780,7776,0,0,0
-4,r8937440-n43543,0,25210,1623557481,1048,0,0,780,7776,0,0,0
-4,r8937440-n43543,0,25220,1623557491,1048,0,0,780,7776,0,0,0
-4,r8937440-n43543,0,25230,1623557501,1048,0,0,780,7776,0,0,0
-4,r8937440-n43543,0,25240,1623557511,1048,0,0,780,7776,0,0,0
-4,r8937440-n43543,0,25250,1623557521,1048,0,0,780,7776,0,0,0
-4,r8937440-n43543,0,25260,1623557531,1048,0,0,780,7776,0,0,0
-4,r8937440-n43543,0,25270,1623557541,1048,0,0,780,7776,0,0,0
-4,r8937440-n43543,0,25280,1623557551,1048,0,0,780,7776,0,0,0
-4,r8937440-n43543,0,25290,1623557561,1048,0,0,780,7776,0,0,0
-4,r8937440-n43543,0,25300,1623557571,1048,0,0,780,7776,0,0,0
-4,r8937440-n43543,0,25310,1623557581,1048,0,0,780,7776,0,0,0
-4,r8937440-n43543,0,25320,1623557591,1048,0,0,780,7776,0,0,0
-4,r8937440-n43543,0,25330,1623557601,1048,0,0,780,7776,0,0,0
-4,r8937440-n43543,0,25340,1623557611,1048,0,0,780,7776,0,0,0
-4,r8937440-n43543,0,25350,1623557621,1048,0,0,780,7776,0,0,0
-4,r8937440-n43543,0,25360,1623557631,1048,0,0,780,7776,0,0,0
-4,r8937440-n43543,0,25370,1623557641,1048,0,0,780,7776,0,0,0
-4,r8937440-n43543,0,25380,1623557651,1048,0,0,780,7776,0,0,0
-4,r8937440-n43543,0,25390,1623557661,1048,0,0,780,7776,0,0,0
-4,r8937440-n43543,0,25400,1623557671,1048,0,0,780,7776,0,0,0
-4,r8937440-n43543,0,25410,1623557681,1048,0,0,780,7776,0,0,0
-4,r8937440-n43543,0,25420,1623557691,1048,0,0,780,7776,0,0,0
-4,r8937440-n43543,0,25430,1623557701,1048,0,0,780,7776,0,0,0
-4,r8937440-n43543,0,25440,1623557711,1048,0,0,780,7776,0,0,0
-4,r8937440-n43543,0,25450,1623557721,1048,0,0,780,7776,0,0,0
-4,r8937440-n43543,0,25460,1623557731,1048,0,0,780,7776,0,0,0
-4,r8937440-n43543,0,25470,1623557741,1048,0,0,780,7776,0,0,0
-4,r8937440-n43543,0,25480,1623557751,1048,0,0,780,7776,0,0,0
-4,r8937440-n43543,0,25490,1623557761,1048,0,0,780,7776,0,0,0
-4,r8937440-n43543,0,25500,1623557771,1048,0,0,780,7776,0,0,0
-4,r8937440-n43543,0,25510,1623557781,1048,0,0,780,7776,0,0,0
-4,r8937440-n43543,0,25520,1623557791,1048,0,0,780,7776,0,0,0
-4,r8937440-n43543,0,25530,1623557801,1048,0,0,780,7776,0,0,0
-4,r8937440-n43543,0,25540,1623557811,1048,0,0,780,7776,0,0,0
-4,r8937440-n43543,0,25550,1623557821,1048,0,0,780,7776,0,0,0
-4,r8937440-n43543,0,25560,1623557831,1048,0,0,780,7776,0,0,0
-4,r8937440-n43543,0,25570,1623557841,1048,0,0,780,7776,0,0,0
-4,r8937440-n43543,0,25580,1623557851,1048,0,0,780,7776,0,0,0
-4,r8937440-n43543,0,25590,1623557861,1048,0,0,780,7776,0,0,0
-4,r8937440-n43543,0,25600,1623557871,1048,0,0,780,7776,0,0,0
-4,r8937440-n43543,0,25610,1623557881,1048,0,0,780,7776,0,0,0
-4,r8937440-n43543,0,25620,1623557891,1048,0,0,780,7776,0,0,0
-4,r8937440-n43543,0,25630,1623557901,1048,0,0,780,7776,0,0,0
-4,r8937440-n43543,0,25640,1623557911,1048,0,0,780,7776,0,0,0
-4,r8937440-n43543,0,25650,1623557921,1048,0,0,780,7776,0,0,0
-4,r8937440-n43543,0,25660,1623557931,1048,0,0,780,7776,0,0,0
-4,r8937440-n43543,0,25670,1623557941,1048,0,0,780,7776,0,0,0
-4,r8937440-n43543,0,25680,1623557951,1048,0,0,780,7776,0,0,0
-4,r8937440-n43543,0,25690,1623557961,1048,0,0,780,7776,0,0,0
-4,r8937440-n43543,0,25700,1623557971,1048,0,0,780,7776,0,0,0
-4,r8937440-n43543,0,25710,1623557981,1048,0,0,780,7776,0,0,0
-4,r8937440-n43543,0,25720,1623557991,1048,0,0,780,7776,0,0,0
-4,r8937440-n43543,0,25730,1623558001,1048,0,0,780,7776,0,0,0
-4,r8937440-n43543,0,25740,1623558011,1048,0,0,780,7776,0,0,0
-4,r8937440-n43543,0,25750,1623558021,1048,0,0,780,7776,0,0,0
-4,r8937440-n43543,0,25760,1623558031,1048,0,0,780,7776,0,0,0
-4,r8937440-n43543,0,25770,1623558041,1048,0,0,780,7776,0,0,0
-4,r8937440-n43543,0,25780,1623558051,1048,0,0,780,7776,0,0,0
-4,r8937440-n43543,0,25790,1623558061,1048,0,0,780,7776,0,0,0
-4,r8937440-n43543,0,25800,1623558071,1048,0,0,780,7776,0,0,0
-4,r8937440-n43543,0,25810,1623558081,1048,0,0,780,7776,0,0,0
-4,r8937440-n43543,0,25820,1623558091,1048,0,0,780,7776,0,0,0
-4,r8937440-n43543,0,25830,1623558101,1048,0,0,780,7776,0,0,0
-4,r8937440-n43543,0,25840,1623558111,1048,0,0,780,7776,0,0,0
-4,r8937440-n43543,0,25850,1623558121,1048,0,0,780,7776,0,0,0
-4,r8937440-n43543,0,25860,1623558131,1048,0,0,780,7776,0,0,0
-4,r8937440-n43543,0,25870,1623558141,1048,0,0,780,7776,0,0,0
-4,r8937440-n43543,0,25880,1623558151,1048,0,0,780,7776,0,0,0
-4,r8937440-n43543,0,25890,1623558161,1048,0,0,780,7776,0,0,0
-4,r8937440-n43543,0,25900,1623558171,1048,0,0,780,7776,0,0,0
-4,r8937440-n43543,0,25910,1623558181,1048,0,0,780,7776,0,0,0
-4,r8937440-n43543,0,25920,1623558191,1048,0,0,780,7776,0,0,0
-4,r8937440-n43543,0,25930,1623558201,1048,0,0,780,7776,0,0,0
-4,r8937440-n43543,0,25940,1623558211,1048,0,0,780,7776,0,0,0
-4,r8937440-n43543,0,25950,1623558221,1048,0,0,780,7776,0,0,0
-4,r8937440-n43543,0,25960,1623558231,1048,0,0,780,7776,0,0,0
-4,r8937440-n43543,0,25970,1623558241,1048,0,0,780,7776,0,0,0
-4,r8937440-n43543,0,25980,1623558251,1048,0,0,780,7776,0,0,0
-4,r8937440-n43543,0,25990,1623558261,1048,0,0,780,7776,0,0,0
-4,r8937440-n43543,0,26000,1623558271,1048,0,0,780,7776,0,0,0
-4,r8937440-n43543,0,26010,1623558281,1048,0,0,780,7776,0,0,0
-4,r8937440-n43543,0,26020,1623558291,1048,0,0,780,7776,0,0,0
-4,r8937440-n43543,0,26030,1623558301,1048,0,0,780,7776,0,0,0
-4,r8937440-n43543,0,26040,1623558311,1048,0,0,780,7776,0,0,0
-4,r8937440-n43543,0,26050,1623558321,1048,0,0,780,7776,0,0,0
-4,r8937440-n43543,0,26060,1623558331,1048,0,0,780,7776,0,0,0
-4,r8937440-n43543,0,26070,1623558341,1048,0,0,780,7776,0,0,0
-4,r8937440-n43543,0,26080,1623558351,1048,0,0,780,7776,0,0,0
-4,r8937440-n43543,0,26090,1623558361,1048,0,0,780,7776,0,0,0
-4,r8937440-n43543,0,26100,1623558371,1048,0,0,780,7776,0,0,0
-4,r8937440-n43543,0,26110,1623558381,1048,0,0,780,7776,0,0,0
-4,r8937440-n43543,0,26120,1623558391,1048,0,0,780,7776,0,0,0
-4,r8937440-n43543,0,26130,1623558401,1048,0,0,780,7776,0,0,0
-4,r8937440-n43543,0,26140,1623558411,1048,0,0,780,7776,0,0,0
-4,r8937440-n43543,0,26150,1623558421,1048,0,0,780,7776,0,0,0
-4,r8937440-n43543,0,26160,1623558431,1048,0,0,780,7776,0,0,0
-4,r8937440-n43543,0,26170,1623558441,1048,0,0,780,7776,0,0,0
-4,r8937440-n43543,0,26180,1623558451,1048,0,0,780,7776,0,0,0
-4,r8937440-n43543,0,26190,1623558461,1048,0,0,780,7776,0,0,0
-4,r8937440-n43543,0,26200,1623558471,1048,0,0,780,7776,0,0,0
-4,r8937440-n43543,0,26210,1623558481,1048,0,0,780,7776,0,0,0
-4,r8937440-n43543,0,26220,1623558491,1048,0,0,780,7776,0,0,0
-4,r8937440-n43543,0,26230,1623558501,1048,0,0,780,7776,0,0,0
-4,r8937440-n43543,0,26240,1623558511,1048,0,0,780,7776,0,0,0
-4,r8937440-n43543,0,26250,1623558521,1048,0,0,780,7776,0,0,0
-4,r8937440-n43543,0,26260,1623558531,1048,0,0,780,7776,0,0,0
-4,r8937440-n43543,0,26270,1623558541,1048,0,0,780,7776,0,0,0
-4,r8937440-n43543,0,26280,1623558551,1048,0,0,780,7776,0,0,0
-4,r8937440-n43543,0,26290,1623558561,1048,0,0,780,7776,0,0,0
-4,r8937440-n43543,0,26300,1623558571,1048,0,0,780,7776,0,0,0
-4,r8937440-n43543,0,26310,1623558581,1048,0,0,780,7776,0,0,0
-4,r8937440-n43543,0,26320,1623558591,1048,0,0,780,7776,0,0,0
-4,r8937440-n43543,0,26330,1623558601,1048,0,0,780,7776,0,0,0
-4,r8937440-n43543,0,26340,1623558611,1048,0,0,780,7776,0,0,0
-4,r8937440-n43543,0,26350,1623558621,1048,0,0,780,7776,0,0,0
-4,r8937440-n43543,0,26360,1623558631,1048,0,0,780,7776,0,0,0
-4,r8937440-n43543,0,26370,1623558641,1048,0,0,780,7776,0,0,0
-4,r8937440-n43543,0,26380,1623558651,1048,0,0,780,7776,0,0,0
-4,r8937440-n43543,0,26390,1623558661,1048,0,0,780,7776,0,0,0
-4,r8937440-n43543,0,26400,1623558671,1048,0,0,780,7776,0,0,0
-4,r8937440-n43543,0,26410,1623558681,1048,0,0,780,7776,0,0,0
-4,r8937440-n43543,0,26420,1623558691,1048,0,0,780,7776,0,0,0
-4,r8937440-n43543,0,26430,1623558701,1048,0,0,780,7776,0,0,0
-4,r8937440-n43543,0,26440,1623558711,1048,0,0,780,7776,0,0,0
-4,r8937440-n43543,0,26450,1623558721,1048,0,0,780,7776,0,0,0
-4,r8937440-n43543,0,26460,1623558731,1048,0,0,780,7776,0,0,0
-4,r8937440-n43543,0,26470,1623558741,1048,0,0,780,7776,0,0,0
-4,r8937440-n43543,0,26480,1623558751,1048,0,0,780,7776,0,0,0
-4,r8937440-n43543,0,26490,1623558761,1048,0,0,780,7776,0,0,0
-4,r8937440-n43543,0,26500,1623558771,1048,0,0,780,7776,0,0,0
-4,r8937440-n43543,0,26510,1623558781,1048,0,0,780,7776,0,0,0
-4,r8937440-n43543,0,26520,1623558791,1048,0,0,780,7776,0,0,0
-4,r8937440-n43543,0,26530,1623558801,1048,0,0,780,7776,0,0,0
-4,r8937440-n43543,0,26540,1623558811,1048,0,0,780,7776,0,0,0
-4,r8937440-n43543,0,26550,1623558821,1048,0,0,780,7776,0,0,0
-4,r8937440-n43543,0,26560,1623558831,1048,0,0,780,7776,0,0,0
-4,r8937440-n43543,0,26570,1623558841,1048,0,0,780,7776,0,0,0
-4,r8937440-n43543,0,26580,1623558851,1048,0,0,780,7776,0,0,0
-4,r8937440-n43543,0,26590,1623558861,1048,0,0,780,7776,0,0,0
-4,r8937440-n43543,0,26600,1623558871,1048,0,0,780,7776,0,0,0
-4,r8937440-n43543,0,26610,1623558881,1048,0,0,780,7776,0,0,0
-4,r8937440-n43543,0,26620,1623558891,1048,0,0,780,7776,0,0,0
-4,r8937440-n43543,0,26630,1623558901,1048,0,0,780,7776,0,0,0
-4,r8937440-n43543,0,26640,1623558911,1048,0,0,780,7776,0,0,0
-4,r8937440-n43543,0,26650,1623558921,1048,0,0,780,7776,0,0,0
-4,r8937440-n43543,0,26660,1623558931,1048,0,0,780,7776,0,0,0
-4,r8937440-n43543,0,26670,1623558941,1048,0,0,780,7776,0,0,0
-4,r8937440-n43543,0,26680,1623558951,1048,0,0,780,7776,0,0,0
-4,r8937440-n43543,0,26690,1623558961,1048,0,0,780,7776,0,0,0
-4,r8937440-n43543,0,26700,1623558971,1048,0,0,780,7776,0,0,0
-4,r8937440-n43543,0,26710,1623558981,1048,0,0,780,7776,0,0,0
-4,r8937440-n43543,0,26720,1623558991,1048,0,0,780,7776,0,0,0
-4,r8937440-n43543,0,26730,1623559001,1048,0,0,780,7776,0,0,0
-4,r8937440-n43543,0,26740,1623559011,1048,0,0,780,7776,0,0,0
-4,r8937440-n43543,0,26750,1623559021,1048,0,0,780,7776,0,0,0
-4,r8937440-n43543,0,26760,1623559031,1048,0,0,780,7776,0,0,0
-4,r8937440-n43543,0,26770,1623559041,1048,0,0,780,7776,0,0,0
-4,r8937440-n43543,0,26780,1623559051,1048,0,0,780,7776,0,0,0
-4,r8937440-n43543,0,26790,1623559061,1048,0,0,780,7776,0,0,0
-4,r8937440-n43543,0,26800,1623559071,1048,0,0,780,7776,0,0,0
-4,r8937440-n43543,0,26810,1623559081,1048,0,0,780,7776,0,0,0
-4,r8937440-n43543,0,26820,1623559091,1048,0,0,780,7776,0,0,0
-4,r8937440-n43543,0,26830,1623559101,1048,0,0,780,7776,0,0,0
-4,r8937440-n43543,0,26840,1623559111,1048,0,0,780,7776,0,0,0
-4,r8937440-n43543,0,26850,1623559121,1048,0,0,780,7776,0,0,0
-4,r8937440-n43543,0,26860,1623559131,1048,0,0,780,7776,0,0,0
-4,r8937440-n43543,0,26870,1623559141,1048,0,0,780,7776,0,0,0
-4,r8937440-n43543,0,26880,1623559151,1048,0,0,780,7776,0,0,0
-4,r8937440-n43543,0,26890,1623559161,1048,0,0,780,7776,0,0,0
-4,r8937440-n43543,0,26900,1623559171,1048,0,0,780,7776,0,0,0
-4,r8937440-n43543,0,26910,1623559181,1048,0,0,780,7776,0,0,0
-4,r8937440-n43543,0,26920,1623559191,1048,0,0,780,7776,0,0,0
-4,r8937440-n43543,0,26930,1623559201,1048,0,0,780,7776,0,0,0
-4,r8937440-n43543,0,26940,1623559211,1048,0,0,780,7776,0,0,0
-4,r8937440-n43543,0,26950,1623559221,1048,0,0,780,7776,0,0,0
-4,r8937440-n43543,0,26960,1623559231,1048,0,0,780,7776,0,0,0
-4,r8937440-n43543,0,26970,1623559241,1048,0,0,780,7776,0,0,0
-4,r8937440-n43543,0,26980,1623559251,1048,0,0,780,7776,0,0,0
-4,r8937440-n43543,0,26990,1623559261,1048,0,0,780,7776,0,0,0
-4,r8937440-n43543,0,27000,1623559271,1048,0,0,780,7776,0,0,0
-4,r8937440-n43543,0,27010,1623559281,1048,0,0,780,7776,0,0,0
-4,r8937440-n43543,0,27020,1623559291,1048,0,0,780,7776,0,0,0
-4,r8937440-n43543,0,27030,1623559301,1048,0,0,780,7776,0,0,0
-4,r8937440-n43543,0,27040,1623559311,1048,0,0,780,7776,0,0,0
-4,r8937440-n43543,0,27050,1623559321,1048,0,0,780,7776,0,0,0
-4,r8937440-n43543,0,27060,1623559331,1048,0,0,780,7776,0,0,0
-4,r8937440-n43543,0,27070,1623559341,1048,0,0,780,7776,0,0,0
-4,r8937440-n43543,0,27080,1623559351,1048,0,0,780,7776,0,0,0
-4,r8937440-n43543,0,27090,1623559361,1048,0,0,780,7776,0,0,0
-4,r8937440-n43543,0,27100,1623559371,1048,0,0,780,7776,0,0,0
-4,r8937440-n43543,0,27110,1623559381,1048,0,0,780,7776,0,0,0
-4,r8937440-n43543,0,27120,1623559391,1048,0,0,780,7776,0,0,0
-4,r8937440-n43543,0,27130,1623559401,1048,0,0,780,7776,0,0,0
-4,r8937440-n43543,0,27140,1623559411,1048,0,0,780,7776,0,0,0
-4,r8937440-n43543,0,27150,1623559421,1048,0,0,780,7776,0,0,0
-4,r8937440-n43543,0,27160,1623559431,1048,0,0,780,7776,0,0,0
-4,r8937440-n43543,0,27170,1623559441,1048,0,0,780,7776,0,0,0
-4,r8937440-n43543,0,27180,1623559451,1048,0,0,780,7776,0,0,0
-4,r8937440-n43543,0,27190,1623559461,1048,0,0,780,7776,0,0,0
-4,r8937440-n43543,0,27200,1623559471,1048,0,0,780,7776,0,0,0
-4,r8937440-n43543,0,27210,1623559481,1048,0,0,780,7776,0,0,0
-4,r8937440-n43543,0,27220,1623559491,1048,0,0,780,7776,0,0,0
-4,r8937440-n43543,0,27230,1623559501,1048,0,0,780,7776,0,0,0
-4,r8937440-n43543,0,27240,1623559511,1048,0,0,780,7776,0,0,0
-4,r8937440-n43543,0,27250,1623559521,1048,0,0,780,7776,0,0,0
-4,r8937440-n43543,0,27260,1623559531,1048,0,0,780,7776,0,0,0
-4,r8937440-n43543,0,27270,1623559541,1048,0,0,780,7776,0,0,0
-4,r8937440-n43543,0,27280,1623559551,1048,0,0,780,7776,0,0,0
-4,r8937440-n43543,0,27290,1623559561,1048,0,0,780,7776,0,0,0
-4,r8937440-n43543,0,27300,1623559571,1048,0,0,780,7776,0,0,0
-4,r8937440-n43543,0,27310,1623559581,1048,0,0,780,7776,0,0,0
-4,r8937440-n43543,0,27320,1623559591,1048,0,0,780,7776,0,0,0
-4,r8937440-n43543,0,27330,1623559601,1048,0,0,780,7776,0,0,0
-4,r8937440-n43543,0,27340,1623559611,1048,0,0,780,7776,0,0,0
-4,r8937440-n43543,0,27350,1623559621,1048,0,0,780,7776,0,0,0
-4,r8937440-n43543,0,27360,1623559631,1048,0,0,780,7776,0,0,0
-4,r8937440-n43543,0,27370,1623559641,1048,0,0,780,7776,0,0,0
-4,r8937440-n43543,0,27380,1623559651,1048,0,0,780,7776,0,0,0
-4,r8937440-n43543,0,27390,1623559661,1048,0,0,780,7776,0,0,0
-4,r8937440-n43543,0,27400,1623559671,1048,0,0,780,7776,0,0,0
-4,r8937440-n43543,0,27410,1623559681,1048,0,0,780,7776,0,0,0
-4,r8937440-n43543,0,27420,1623559691,1048,0,0,780,7776,0,0,0
-4,r8937440-n43543,0,27430,1623559701,1048,0,0,780,7776,0,0,0
-4,r8937440-n43543,0,27440,1623559711,1048,0,0,780,7776,0,0,0
-4,r8937440-n43543,0,27450,1623559721,1048,0,0,780,7776,0,0,0
-4,r8937440-n43543,0,27460,1623559731,1048,0,0,780,7776,0,0,0
-4,r8937440-n43543,0,27470,1623559741,1048,0,0,780,7776,0,0,0
-4,r8937440-n43543,0,27480,1623559751,1048,0,0,780,7776,0,0,0
-4,r8937440-n43543,0,27490,1623559761,1048,0,0,780,7776,0,0,0
-4,r8937440-n43543,0,27500,1623559771,1048,0,0,780,7776,0,0,0
-4,r8937440-n43543,0,27510,1623559781,1048,0,0,780,7776,0,0,0
-4,r8937440-n43543,0,27520,1623559791,1048,0,0,780,7776,0,0,0
-4,r8937440-n43543,0,27530,1623559801,1048,0,0,780,7776,0,0,0
-4,r8937440-n43543,0,27540,1623559811,1048,0,0,780,7776,0,0,0
-4,r8937440-n43543,0,27550,1623559821,1048,0,0,780,7776,0,0,0
-4,r8937440-n43543,0,27560,1623559831,1048,0,0,780,7776,0,0,0
-4,r8937440-n43543,0,27570,1623559841,1048,0,0,780,7776,0,0,0
-4,r8937440-n43543,0,27580,1623559851,1048,0,0,780,7776,0,0,0
-4,r8937440-n43543,0,27590,1623559861,1048,0,0,780,7776,0,0,0
-4,r8937440-n43543,0,27600,1623559871,1048,0,0,780,7776,0,0,0
-4,r8937440-n43543,0,27610,1623559881,1048,0,0,780,7776,0,0,0
-4,r8937440-n43543,0,27620,1623559891,1048,0,0,780,7776,0,0,0
-4,r8937440-n43543,0,27630,1623559901,1048,0,0,780,7776,0,0,0
-4,r8937440-n43543,0,27640,1623559911,1048,0,0,780,7776,0,0,0
-4,r8937440-n43543,0,27650,1623559921,1048,0,0,780,7776,0,0,0
-4,r8937440-n43543,0,27660,1623559931,1048,0,0,780,7776,0,0,0
-4,r8937440-n43543,0,27670,1623559941,1048,0,0,780,7776,0,0,0
-4,r8937440-n43543,0,27680,1623559951,1048,0,0,780,7776,0,0,0
-4,r8937440-n43543,0,27690,1623559961,1048,0,0,780,7776,0,0,0
-4,r8937440-n43543,0,27700,1623559971,1048,0,0,780,7776,0,0,0
-4,r8937440-n43543,0,27710,1623559981,1048,0,0,780,7776,0,0,0
-4,r8937440-n43543,0,27720,1623559991,1048,0,0,780,7776,0,0,0
-4,r8937440-n43543,0,27730,1623560001,1048,0,0,780,7776,0,0,0
-4,r8937440-n43543,0,27740,1623560011,1048,0,0,780,7776,0,0,0
-4,r8937440-n43543,0,27750,1623560021,1048,0,0,780,7776,0,0,0
-4,r8937440-n43543,0,27760,1623560031,1048,0,0,780,7776,0,0,0
-4,r8937440-n43543,0,27770,1623560041,1048,0,0,780,7776,0,0,0
-4,r8937440-n43543,0,27780,1623560051,1048,0,0,780,7776,0,0,0
-4,r8937440-n43543,0,27790,1623560061,1048,0,0,780,7776,0,0,0
-4,r8937440-n43543,0,27800,1623560071,1048,0,0,780,7776,0,0,0
-4,r8937440-n43543,0,27810,1623560081,1048,0,0,780,7776,0,0,0
-4,r8937440-n43543,0,27820,1623560091,1048,0,0,780,7776,0,0,0
-4,r8937440-n43543,0,27830,1623560101,1048,0,0,780,7776,0,0,0
-4,r8937440-n43543,0,27840,1623560111,1048,0,0,780,7776,0,0,0
-4,r8937440-n43543,0,27850,1623560121,1048,0,0,780,7776,0,0,0
-4,r8937440-n43543,0,27860,1623560131,1048,0,0,780,7776,0,0,0
-4,r8937440-n43543,0,27870,1623560141,1048,0,0,780,7776,0,0,0
-4,r8937440-n43543,0,27880,1623560151,1048,0,0,780,7776,0,0,0
-4,r8937440-n43543,0,27890,1623560161,1048,0,0,780,7776,0,0,0
-4,r8937440-n43543,0,27900,1623560171,1048,0,0,780,7776,0,0,0
-4,r8937440-n43543,0,27910,1623560181,1048,0,0,780,7776,0,0,0
-4,r8937440-n43543,0,27920,1623560191,1048,0,0,780,7776,0,0,0
-4,r8937440-n43543,0,27930,1623560201,1048,0,0,780,7776,0,0,0
-4,r8937440-n43543,0,27940,1623560211,1048,0,0,780,7776,0,0,0
-4,r8937440-n43543,0,27950,1623560221,1048,0,0,780,7776,0,0,0
-4,r8937440-n43543,0,27960,1623560231,1048,0,0,780,7776,0,0,0
-4,r8937440-n43543,0,27970,1623560241,1048,0,0,780,7776,0,0,0
-4,r8937440-n43543,0,27980,1623560251,1048,0,0,780,7776,0,0,0
-4,r8937440-n43543,0,27990,1623560261,1048,0,0,780,7776,0,0,0
-4,r8937440-n43543,0,28000,1623560271,1048,0,0,780,7776,0,0,0
-4,r8937440-n43543,0,28010,1623560281,1048,0,0,780,7776,0,0,0
-4,r8937440-n43543,0,28020,1623560291,1048,0,0,780,7776,0,0,0
-4,r8937440-n43543,0,28030,1623560301,1048,0,0,780,7776,0,0,0
-4,r8937440-n43543,0,28040,1623560311,1048,0,0,780,7776,0,0,0
-4,r8937440-n43543,0,28050,1623560321,1048,0,0,780,7776,0,0,0
-4,r8937440-n43543,0,28060,1623560331,1048,0,0,780,7776,0,0,0
-4,r8937440-n43543,0,28070,1623560341,1048,0,0,780,7776,0,0,0
-4,r8937440-n43543,0,28080,1623560351,1048,0,0,780,7776,0,0,0
-4,r8937440-n43543,0,28090,1623560361,1048,0,0,780,7776,0,0,0
-4,r8937440-n43543,0,28100,1623560371,1048,0,0,780,7776,0,0,0
-4,r8937440-n43543,0,28110,1623560381,1048,0,0,780,7776,0,0,0
-4,r8937440-n43543,0,28120,1623560391,1048,0,0,780,7776,0,0,0
-4,r8937440-n43543,0,28130,1623560401,1048,0,0,780,7776,0,0,0
-4,r8937440-n43543,0,28140,1623560411,1048,0,0,780,7776,0,0,0
-4,r8937440-n43543,0,28150,1623560421,1048,0,0,780,7776,0,0,0
-4,r8937440-n43543,0,28160,1623560431,1048,0,0,780,7776,0,0,0
-4,r8937440-n43543,0,28170,1623560441,1048,0,0,780,7776,0,0,0
-4,r8937440-n43543,0,28180,1623560451,1048,0,0,780,7776,0,0,0
-4,r8937440-n43543,0,28190,1623560461,1048,0,0,780,7776,0,0,0
-4,r8937440-n43543,0,28200,1623560471,1048,0,0,780,7776,0,0,0
-4,r8937440-n43543,0,28210,1623560481,1048,0,0,780,7776,0,0,0
-4,r8937440-n43543,0,28220,1623560491,1048,0,0,780,7776,0,0,0
-4,r8937440-n43543,0,28230,1623560501,1048,0,0,780,7776,0,0,0
-4,r8937440-n43543,0,28240,1623560511,1048,0,0,780,7776,0,0,0
-4,r8937440-n43543,0,28250,1623560521,1048,0,0,780,7776,0,0,0
-4,r8937440-n43543,0,28260,1623560531,1048,0,0,780,7776,0,0,0
-4,r8937440-n43543,0,28270,1623560541,1048,0,0,780,7776,0,0,0
-4,r8937440-n43543,0,28280,1623560551,1048,0,0,780,7776,0,0,0
-4,r8937440-n43543,0,28290,1623560561,1048,0,0,780,7776,0,0,0
-4,r8937440-n43543,0,28300,1623560571,1048,0,0,780,7776,0,0,0
-4,r8937440-n43543,0,28310,1623560581,1048,0,0,780,7776,0,0,0
-4,r8937440-n43543,0,28320,1623560591,1048,0,0,780,7776,0,0,0
-4,r8937440-n43543,0,28330,1623560601,1048,0,0,780,7776,0,0,0
-4,r8937440-n43543,0,28340,1623560611,1048,0,0,780,7776,0,0,0
-4,r8937440-n43543,0,28350,1623560621,1048,0,0,780,7776,0,0,0
-4,r8937440-n43543,0,28360,1623560631,1048,0,0,780,7776,0,0,0
-4,r8937440-n43543,0,28370,1623560641,1048,0,0,780,7776,0,0,0
-4,r8937440-n43543,0,28380,1623560651,1048,0,0,780,7776,0,0,0
-4,r8937440-n43543,0,28390,1623560661,1048,0,0,780,7776,0,0,0
-4,r8937440-n43543,0,28400,1623560671,1048,0,0,780,7776,0,0,0
-4,r8937440-n43543,0,28410,1623560681,1048,0,0,780,7776,0,0,0
-4,r8937440-n43543,0,28420,1623560691,1048,0,0,780,7776,0,0,0
-4,r8937440-n43543,0,28430,1623560701,1048,0,0,780,7776,0,0,0
-4,r8937440-n43543,0,28440,1623560711,1048,0,0,780,7776,0,0,0
-4,r8937440-n43543,0,28450,1623560721,1048,0,0,780,7776,0,0,0
-4,r8937440-n43543,0,28460,1623560731,1048,0,0,780,7776,0,0,0
-4,r8937440-n43543,0,28470,1623560741,1048,0,0,780,7776,0,0,0
-4,r8937440-n43543,0,28480,1623560751,1048,0,0,780,7776,0,0,0
-4,r8937440-n43543,0,28490,1623560761,1048,0,0,780,7776,0,0,0
-4,r8937440-n43543,0,28500,1623560771,1048,0,0,780,7776,0,0,0
-4,r8937440-n43543,0,28510,1623560781,1048,0,0,780,7776,0,0,0
-4,r8937440-n43543,0,28520,1623560791,1048,0,0,780,7776,0,0,0
-4,r8937440-n43543,0,28530,1623560801,1048,0,0,780,7776,0,0,0
-4,r8937440-n43543,0,28540,1623560811,1048,0,0,780,7776,0,0,0
-4,r8937440-n43543,0,28550,1623560821,1048,0,0,780,7776,0,0,0
-4,r8937440-n43543,0,28560,1623560831,1048,0,0,780,7776,0,0,0
-4,r8937440-n43543,0,28570,1623560841,1048,0,0,780,7776,0,0,0
-4,r8937440-n43543,0,28580,1623560851,1048,0,0,780,7776,0,0,0
-4,r8937440-n43543,0,28590,1623560861,1048,0,0,780,7776,0,0,0
-4,r8937440-n43543,0,28600,1623560871,1048,0,0,780,7776,0,0,0
-4,r8937440-n43543,0,28610,1623560881,1048,0,0,780,7776,0,0,0
-4,r8937440-n43543,0,28620,1623560891,1048,0,0,780,7776,0,0,0
-4,r8937440-n43543,0,28630,1623560901,1048,0,0,780,7776,0,0,0
-4,r8937440-n43543,0,28640,1623560911,1048,0,0,780,7776,0,0,0
-4,r8937440-n43543,0,28650,1623560921,1048,0,0,780,7776,0,0,0
-4,r8937440-n43543,0,28660,1623560931,1048,0,0,780,7776,0,0,0
-4,r8937440-n43543,0,28670,1623560941,1048,0,0,780,7776,0,0,0
-4,r8937440-n43543,0,28680,1623560951,1048,0,0,780,7776,0,0,0
-4,r8937440-n43543,0,28690,1623560961,1048,0,0,780,7776,0,0,0
-4,r8937440-n43543,0,28700,1623560971,1048,0,0,780,7776,0,0,0
-4,r8937440-n43543,0,28710,1623560981,1048,0,0,780,7776,0,0,0
-4,r8937440-n43543,0,28720,1623560991,1048,0,0,780,7776,0,0,0
-4,r8937440-n43543,0,28730,1623561001,1048,0,0,780,7776,0,0,0
-4,r8937440-n43543,0,28740,1623561011,1048,0,0,780,7776,0,0,0
-4,r8937440-n43543,0,28750,1623561021,1048,0,0,780,7776,0,0,0
-4,r8937440-n43543,0,28760,1623561031,1048,0,0,780,7776,0,0,0
-4,r8937440-n43543,0,28770,1623561041,1048,0,0,780,7776,0,0,0
-4,r8937440-n43543,0,28780,1623561051,1048,0,0,780,7776,0,0,0
-4,r8937440-n43543,0,28790,1623561061,1048,0,0,780,7776,0,0,0
-4,r8937440-n43543,0,28800,1623561071,1048,0,0,780,7776,0,0,0
-4,r8937440-n43543,0,28810,1623561081,1048,0,0,780,7776,0,0,0
-4,r8937440-n43543,0,28820,1623561091,1048,0,0,780,7776,0,0,0
-4,r8937440-n43543,0,28830,1623561101,1048,0,0,780,7776,0,0,0
-4,r8937440-n43543,0,28840,1623561111,1048,0,0,780,7776,0,0,0
-4,r8937440-n43543,0,28850,1623561121,1048,0,0,780,7776,0,0,0
-4,r8937440-n43543,0,28860,1623561131,1048,0,0,780,7776,0,0,0
-4,r8937440-n43543,0,28870,1623561141,1048,0,0,780,7776,0,0,0
-4,r8937440-n43543,0,28880,1623561151,1048,0,0,780,7776,0,0,0
-4,r8937440-n43543,0,28890,1623561161,1048,0,0,780,7776,0,0,0
-4,r8937440-n43543,0,28900,1623561171,1048,0,0,780,7776,0,0,0
-4,r8937440-n43543,0,28910,1623561181,1048,0,0,780,7776,0,0,0
-4,r8937440-n43543,0,28920,1623561191,1048,0,0,780,7776,0,0,0
-4,r8937440-n43543,0,28930,1623561201,1048,0,0,780,7776,0,0,0
-4,r8937440-n43543,0,28940,1623561211,1048,0,0,780,7776,0,0,0
-4,r8937440-n43543,0,28950,1623561221,1048,0,0,780,7776,0,0,0
-4,r8937440-n43543,0,28960,1623561231,1048,0,0,780,7776,0,0,0
-4,r8937440-n43543,0,28970,1623561241,1048,0,0,780,7776,0,0,0
-4,r8937440-n43543,0,28980,1623561251,1048,0,0,780,7776,0,0,0
-4,r8937440-n43543,0,28990,1623561261,1048,0,0,780,7776,0,0,0
-4,r8937440-n43543,0,29000,1623561271,1048,0,0,780,7776,0,0,0
-4,r8937440-n43543,0,29010,1623561281,1048,0,0,780,7776,0,0,0
-4,r8937440-n43543,0,29020,1623561291,1048,0,0,780,7776,0,0,0
-4,r8937440-n43543,0,29030,1623561301,1048,0,0,780,7776,0,0,0
-4,r8937440-n43543,0,29040,1623561311,1048,0,0,780,7776,0,0,0
-4,r8937440-n43543,0,29050,1623561321,1048,0,0,780,7776,0,0,0
-4,r8937440-n43543,0,29060,1623561331,1048,0,0,780,7776,0,0,0
-4,r8937440-n43543,0,29070,1623561341,1048,0,0,780,7776,0,0,0
-4,r8937440-n43543,0,29080,1623561351,1048,0,0,780,7776,0,0,0
-4,r8937440-n43543,0,29090,1623561361,1048,0,0,780,7776,0,0,0
-4,r8937440-n43543,0,29100,1623561371,1048,0,0,780,7776,0,0,0
-4,r8937440-n43543,0,29110,1623561381,1048,0,0,780,7776,0,0,0
-4,r8937440-n43543,0,29120,1623561391,1048,0,0,780,7776,0,0,0
-4,r8937440-n43543,0,29130,1623561401,1048,0,0,780,7776,0,0,0
-4,r8937440-n43543,0,29140,1623561411,1048,0,0,780,7776,0,0,0
-4,r8937440-n43543,0,29150,1623561421,1048,0,0,780,7776,0,0,0
-4,r8937440-n43543,0,29160,1623561431,1048,0,0,780,7776,0,0,0
-4,r8937440-n43543,0,29170,1623561441,1048,0,0,780,7776,0,0,0
-4,r8937440-n43543,0,29180,1623561451,1048,0,0,780,7776,0,0,0
-4,r8937440-n43543,0,29190,1623561461,1048,0,0,780,7776,0,0,0
-4,r8937440-n43543,0,29200,1623561471,1048,0,0,780,7776,0,0,0
-4,r8937440-n43543,0,29210,1623561481,1048,0,0,780,7776,0,0,0
-4,r8937440-n43543,0,29220,1623561491,1048,0,0,780,7776,0,0,0
-4,r8937440-n43543,0,29230,1623561501,1048,0,0,780,7776,0,0,0
-4,r8937440-n43543,0,29240,1623561511,1048,0,0,780,7776,0,0,0
-4,r8937440-n43543,0,29250,1623561521,1048,0,0,780,7776,0,0,0
-4,r8937440-n43543,0,29260,1623561531,1048,0,0,780,7776,0,0,0
-4,r8937440-n43543,0,29270,1623561541,1048,0,0,780,7776,0,0,0
-4,r8937440-n43543,0,29280,1623561551,1048,0,0,780,7776,0,0,0
-4,r8937440-n43543,0,29290,1623561561,1048,0,0,780,7776,0,0,0
-4,r8937440-n43543,0,29300,1623561571,1048,0,0,780,7776,0,0,0
-4,r8937440-n43543,0,29310,1623561581,1048,0,0,780,7776,0,0,0
-4,r8937440-n43543,0,29320,1623561591,1048,0,0,780,7776,0,0,0
-4,r8937440-n43543,0,29330,1623561601,1048,0,0,780,7776,0,0,0
-4,r8937440-n43543,0,29340,1623561611,1048,0,0,780,7776,0,0,0
-4,r8937440-n43543,0,29350,1623561621,1048,0,0,780,7776,0,0,0
-4,r8937440-n43543,0,29360,1623561631,1048,0,0,780,7776,0,0,0
-4,r8937440-n43543,0,29370,1623561641,1048,0,0,780,7776,0,0,0
-4,r8937440-n43543,0,29380,1623561651,1048,0,0,780,7776,0,0,0
-4,r8937440-n43543,0,29390,1623561661,1048,0,0,780,7776,0,0,0
-4,r8937440-n43543,0,29400,1623561671,1048,0,0,780,7776,0,0,0
-4,r8937440-n43543,0,29410,1623561681,1048,0,0,780,7776,0,0,0
-4,r8937440-n43543,0,29420,1623561691,1048,0,0,780,7776,0,0,0
-4,r8937440-n43543,0,29430,1623561701,1048,0,0,780,7776,0,0,0
-4,r8937440-n43543,0,29440,1623561711,1048,0,0,780,7776,0,0,0
-4,r8937440-n43543,0,29450,1623561721,1048,0,0,780,7776,0,0,0
-4,r8937440-n43543,0,29460,1623561731,1048,0,0,780,7776,0,0,0
-4,r8937440-n43543,0,29470,1623561741,1048,0,0,780,7776,0,0,0
-4,r8937440-n43543,0,29480,1623561751,1048,0,0,780,7776,0,0,0
-4,r8937440-n43543,0,29490,1623561761,1048,0,0,780,7776,0,0,0
-4,r8937440-n43543,0,29500,1623561771,1048,0,0,780,7776,0,0,0
-4,r8937440-n43543,0,29510,1623561781,1048,0,0,780,7776,0,0,0
-4,r8937440-n43543,0,29520,1623561791,1048,0,0,780,7776,0,0,0
-4,r8937440-n43543,0,29530,1623561801,1048,0,0,780,7776,0,0,0
-4,r8937440-n43543,0,29540,1623561811,1048,0,0,780,7776,0,0,0
-4,r8937440-n43543,0,29550,1623561821,1048,0,0,780,7776,0,0,0
-4,r8937440-n43543,0,29560,1623561831,1048,0,0,780,7776,0,0,0
-4,r8937440-n43543,0,29570,1623561841,1048,0,0,780,7776,0,0,0
-4,r8937440-n43543,0,29580,1623561851,1048,0,0,780,7776,0,0,0
-4,r8937440-n43543,0,29590,1623561861,1048,0,0,780,7776,0,0,0
-4,r8937440-n43543,0,29600,1623561871,1048,0,0,780,7776,0,0,0
-4,r8937440-n43543,0,29610,1623561881,1048,0,0,780,7776,0,0,0
-4,r8937440-n43543,0,29620,1623561891,1048,0,0,780,7776,0,0,0
-4,r8937440-n43543,0,29630,1623561901,1048,0,0,780,7776,0,0,0
-4,r8937440-n43543,0,29640,1623561911,1048,0,0,780,7776,0,0,0
-4,r8937440-n43543,0,29650,1623561921,1048,0,0,780,7776,0,0,0
-4,r8937440-n43543,0,29660,1623561931,1048,0,0,780,7776,0,0,0
-4,r8937440-n43543,0,29670,1623561941,1048,0,0,780,7776,0,0,0
-4,r8937440-n43543,0,29680,1623561951,1048,0,0,780,7776,0,0,0
-4,r8937440-n43543,0,29690,1623561961,1048,0,0,780,7776,0,0,0
-4,r8937440-n43543,0,29700,1623561971,1048,0,0,780,7776,0,0,0
-4,r8937440-n43543,0,29710,1623561981,1048,0,0,780,7776,0,0,0
-4,r8937440-n43543,0,29720,1623561991,1048,0,0,780,7776,0,0,0
-4,r8937440-n43543,0,29730,1623562001,1048,0,0,780,7776,0,0,0
-4,r8937440-n43543,0,29740,1623562011,1048,0,0,780,7776,0,0,0
-4,r8937440-n43543,0,29750,1623562021,1048,0,0,780,7776,0,0,0
-4,r8937440-n43543,0,29760,1623562031,1048,0,0,780,7776,0,0,0
-4,r8937440-n43543,0,29770,1623562041,1048,0,0,780,7776,0,0,0
-4,r8937440-n43543,0,29780,1623562051,1048,0,0,780,7776,0,0,0
-4,r8937440-n43543,0,29790,1623562061,1048,0,0,780,7776,0,0,0
-4,r8937440-n43543,0,29800,1623562071,1048,0,0,780,7776,0,0,0
-4,r8937440-n43543,0,29810,1623562081,1048,0,0,780,7776,0,0,0
-4,r8937440-n43543,0,29820,1623562091,1048,0,0,780,7776,0,0,0
-4,r8937440-n43543,0,29830,1623562101,1048,0,0,780,7776,0,0,0
-4,r8937440-n43543,0,29840,1623562111,1048,0,0,780,7776,0,0,0
-4,r8937440-n43543,0,29850,1623562121,1048,0,0,780,7776,0,0,0
-4,r8937440-n43543,0,29860,1623562131,1048,0,0,780,7776,0,0,0
-4,r8937440-n43543,0,29870,1623562141,1048,0,0,780,7776,0,0,0
-4,r8937440-n43543,0,29880,1623562151,1048,0,0,780,7776,0,0,0
-4,r8937440-n43543,0,29890,1623562161,1048,0,0,780,7776,0,0,0
-4,r8937440-n43543,0,29900,1623562171,1048,0,0,780,7776,0,0,0
-4,r8937440-n43543,0,29910,1623562181,1048,0,0,780,7776,0,0,0
-4,r8937440-n43543,0,29920,1623562191,1048,0,0,780,7776,0,0,0
-4,r8937440-n43543,0,29930,1623562201,1048,0,0,780,7776,0,0,0
-4,r8937440-n43543,0,29940,1623562211,1048,0,0,780,7776,0,0,0
-4,r8937440-n43543,0,29950,1623562221,1048,0,0,780,7776,0,0,0
-4,r8937440-n43543,0,29960,1623562231,1048,0,0,780,7776,0,0,0
-4,r8937440-n43543,0,29970,1623562241,1048,0,0,780,7776,0,0,0
-4,r8937440-n43543,0,29980,1623562251,1048,0,0,780,7776,0,0,0
-4,r8937440-n43543,0,29990,1623562261,1048,0,0,780,7776,0,0,0
-4,r8937440-n43543,0,30000,1623562271,1048,0,0,780,7776,0,0,0
-4,r8937440-n43543,0,30010,1623562281,1048,0,0,780,7776,0,0,0
-4,r8937440-n43543,0,30020,1623562291,1048,0,0,780,7776,0,0,0
-4,r8937440-n43543,0,30030,1623562301,1048,0,0,780,7776,0,0,0
-4,r8937440-n43543,0,30040,1623562311,1048,0,0,780,7776,0,0,0
-4,r8937440-n43543,0,30050,1623562321,1048,0,0,780,7776,0,0,0
-4,r8937440-n43543,0,30060,1623562331,1048,0,0,780,7776,0,0,0
-4,r8937440-n43543,0,30070,1623562341,1048,0,0,780,7776,0,0,0
-4,r8937440-n43543,0,30080,1623562351,1048,0,0,780,7776,0,0,0
-4,r8937440-n43543,0,30090,1623562361,1048,0,0,780,7776,0,0,0
-4,r8937440-n43543,0,30100,1623562371,1048,0,0,780,7776,0,0,0
-4,r8937440-n43543,0,30110,1623562381,1048,0,0,780,7776,0,0,0
-4,r8937440-n43543,0,30120,1623562391,1048,0,0,780,7776,0,0,0
-4,r8937440-n43543,0,30130,1623562401,1048,0,0,780,7776,0,0,0
-4,r8937440-n43543,0,30140,1623562411,1048,0,0,780,7776,0,0,0
-4,r8937440-n43543,0,30150,1623562421,1048,0,0,780,7776,0,0,0
-4,r8937440-n43543,0,30160,1623562431,1048,0,0,780,7776,0,0,0
-4,r8937440-n43543,0,30170,1623562441,1048,0,0,780,7776,0,0,0
-4,r8937440-n43543,0,30180,1623562451,1048,0,0,780,7776,0,0,0
-4,r8937440-n43543,0,30190,1623562461,1048,0,0,780,7776,0,0,0
-4,r8937440-n43543,0,30200,1623562471,1048,0,0,780,7776,0,0,0
-4,r8937440-n43543,0,30210,1623562481,1048,0,0,780,7776,0,0,0
-4,r8937440-n43543,0,30220,1623562491,1048,0,0,780,7776,0,0,0
-4,r8937440-n43543,0,30230,1623562501,1048,0,0,780,7776,0,0,0
-4,r8937440-n43543,0,30240,1623562511,1048,0,0,780,7776,0,0,0
-4,r8937440-n43543,0,30250,1623562521,1048,0,0,780,7776,0,0,0
-4,r8937440-n43543,0,30260,1623562531,1048,0,0,780,7776,0,0,0
-4,r8937440-n43543,0,30270,1623562541,1048,0,0,780,7776,0,0,0
-4,r8937440-n43543,0,30280,1623562551,1048,0,0,780,7776,0,0,0
-4,r8937440-n43543,0,30290,1623562561,1048,0,0,780,7776,0,0,0
-4,r8937440-n43543,0,30300,1623562571,1048,0,0,780,7776,0,0,0
-4,r8937440-n43543,0,30310,1623562581,1048,0,0,780,7776,0,0,0
-4,r8937440-n43543,0,30320,1623562591,1048,0,0,780,7776,0,0,0
-4,r8937440-n43543,0,30330,1623562601,1048,0,0,780,7776,0,0,0
-4,r8937440-n43543,0,30340,1623562611,1048,0,0,780,7776,0,0,0
-4,r8937440-n43543,0,30350,1623562621,1048,0,0,780,7776,0,0,0
-4,r8937440-n43543,0,30360,1623562631,1048,0,0,780,7776,0,0,0
-4,r8937440-n43543,0,30370,1623562641,1048,0,0,780,7776,0,0,0
-4,r8937440-n43543,0,30380,1623562651,1048,0,0,780,7776,0,0,0
-4,r8937440-n43543,0,30390,1623562661,1048,0,0,780,7776,0,0,0
-4,r8937440-n43543,0,30400,1623562671,1048,0,0,780,7776,0,0,0
-4,r8937440-n43543,0,30410,1623562681,1048,0,0,780,7776,0,0,0
-4,r8937440-n43543,0,30420,1623562691,1048,0,0,780,7776,0,0,0
-4,r8937440-n43543,0,30430,1623562701,1048,0,0,780,7776,0,0,0
-4,r8937440-n43543,0,30440,1623562711,1048,0,0,780,7776,0,0,0
-4,r8937440-n43543,0,30450,1623562721,1048,0,0,780,7776,0,0,0
-4,r8937440-n43543,0,30460,1623562731,1048,0,0,780,7776,0,0,0
-4,r8937440-n43543,0,30470,1623562741,1048,0,0,780,7776,0,0,0
-4,r8937440-n43543,0,30480,1623562751,1048,0,0,780,7776,0,0,0
-4,r8937440-n43543,0,30490,1623562761,1048,0,0,780,7776,0,0,0
-4,r8937440-n43543,0,30500,1623562771,1048,0,0,780,7776,0,0,0
-4,r8937440-n43543,0,30510,1623562781,1048,0,0,780,7776,0,0,0
-4,r8937440-n43543,0,30520,1623562791,1048,0,0,780,7776,0,0,0
-4,r8937440-n43543,0,30530,1623562801,1048,0,0,780,7776,0,0,0
-4,r8937440-n43543,0,30540,1623562811,1048,0,0,780,7776,0,0,0
-4,r8937440-n43543,0,30550,1623562821,1048,0,0,780,7776,0,0,0
-4,r8937440-n43543,0,30560,1623562831,1048,0,0,780,7776,0,0,0
-4,r8937440-n43543,0,30570,1623562841,1048,0,0,780,7776,0,0,0
-4,r8937440-n43543,0,30580,1623562851,1048,0,0,780,7776,0,0,0
-4,r8937440-n43543,0,30590,1623562861,1048,0,0,780,7776,0,0,0
-4,r8937440-n43543,0,30600,1623562871,1048,0,0,780,7776,0,0,0
-4,r8937440-n43543,0,30610,1623562881,1048,0,0,780,7776,0,0,0
-4,r8937440-n43543,0,30620,1623562891,1048,0,0,780,7776,0,0,0
-4,r8937440-n43543,0,30630,1623562901,1048,0,0,780,7776,0,0,0
-4,r8937440-n43543,0,30640,1623562911,1048,0,0,780,7776,0,0,0
-4,r8937440-n43543,0,30650,1623562921,1048,0,0,780,7776,0,0,0
-4,r8937440-n43543,0,30660,1623562931,1048,0,0,780,7776,0,0,0
-4,r8937440-n43543,0,30670,1623562941,1048,0,0,780,7776,0,0,0
-4,r8937440-n43543,0,30680,1623562951,1048,0,0,780,7776,0,0,0
-4,r8937440-n43543,0,30690,1623562961,1048,0,0,780,7776,0,0,0
-4,r8937440-n43543,0,30700,1623562971,1048,0,0,780,7776,0,0,0
-4,r8937440-n43543,0,30710,1623562981,1048,0,0,780,7776,0,0,0
-4,r8937440-n43543,0,30720,1623562991,1048,0,0,780,7776,0,0,0
-4,r8937440-n43543,0,30730,1623563001,1048,0,0,780,7776,0,0,0
-4,r8937440-n43543,0,30740,1623563011,1048,0,0,780,7776,0,0,0
-4,r8937440-n43543,0,30750,1623563021,1048,0,0,780,7776,0,0,0
-4,r8937440-n43543,0,30760,1623563031,1048,0,0,780,7776,0,0,0
-4,r8937440-n43543,0,30770,1623563041,1048,0,0,780,7776,0,0,0
-4,r8937440-n43543,0,30780,1623563051,1048,0,0,780,7776,0,0,0
-4,r8937440-n43543,0,30790,1623563061,1048,0,0,780,7776,0,0,0
-4,r8937440-n43543,0,30800,1623563071,1048,0,0,780,7776,0,0,0
-4,r8937440-n43543,0,30810,1623563081,1048,0,0,780,7776,0,0,0
-4,r8937440-n43543,0,30820,1623563091,1048,0,0,780,7776,0,0,0
-4,r8937440-n43543,0,30830,1623563101,1048,0,0,780,7776,0,0,0
-4,r8937440-n43543,0,30840,1623563111,1048,0,0,780,7776,0,0,0
-4,r8937440-n43543,0,30850,1623563121,1048,0,0,780,7776,0,0,0
-4,r8937440-n43543,0,30860,1623563131,1048,0,0,780,7776,0,0,0
-4,r8937440-n43543,0,30870,1623563141,1048,0,0,780,7776,0,0,0
-4,r8937440-n43543,0,30880,1623563151,1048,0,0,780,7776,0,0,0
-4,r8937440-n43543,0,30890,1623563161,1048,0,0,780,7776,0,0,0
-4,r8937440-n43543,0,30900,1623563171,1048,0,0,780,7776,0,0,0
-4,r8937440-n43543,0,30910,1623563181,1048,0,0,780,7776,0,0,0
-4,r8937440-n43543,0,30920,1623563191,1048,0,0,780,7776,0,0,0
-4,r8937440-n43543,0,30930,1623563201,1048,0,0,780,7776,0,0,0
-4,r8937440-n43543,0,30940,1623563211,1048,0,0,780,7776,0,0,0
-4,r8937440-n43543,0,30950,1623563221,1048,0,0,780,7776,0,0,0
-4,r8937440-n43543,0,30960,1623563231,1048,0,0,780,7776,0,0,0
-4,r8937440-n43543,0,30970,1623563241,1048,0,0,780,7776,0,0,0
-4,r8937440-n43543,0,30980,1623563251,1048,0,0,780,7776,0,0,0
-4,r8937440-n43543,0,30990,1623563261,1048,0,0,780,7776,0,0,0
-4,r8937440-n43543,0,31000,1623563271,1048,0,0,780,7776,0,0,0
-4,r8937440-n43543,0,31010,1623563281,1048,0,0,780,7776,0,0,0
-4,r8937440-n43543,0,31020,1623563291,1048,0,0,780,7776,0,0,0
-4,r8937440-n43543,0,31030,1623563301,1048,0,0,780,7776,0,0,0
-4,r8937440-n43543,0,31040,1623563311,1048,0,0,780,7776,0,0,0
-4,r8937440-n43543,0,31050,1623563321,1048,0,0,780,7776,0,0,0
-4,r8937440-n43543,0,31060,1623563331,1048,0,0,780,7776,0,0,0
-4,r8937440-n43543,0,31070,1623563341,1048,0,0,780,7776,0,0,0
-4,r8937440-n43543,0,31080,1623563351,1048,0,0,780,7776,0,0,0
-4,r8937440-n43543,0,31090,1623563361,1048,0,0,780,7776,0,0,0
-4,r8937440-n43543,0,31100,1623563371,1048,0,0,780,7776,0,0,0
-4,r8937440-n43543,0,31110,1623563381,1048,0,0,780,7776,0,0,0
-4,r8937440-n43543,0,31120,1623563391,1048,0,0,780,7776,0,0,0
-4,r8937440-n43543,0,31130,1623563401,1048,0,0,780,7776,0,0,0
-4,r8937440-n43543,0,31140,1623563411,1048,0,0,780,7776,0,0,0
-4,r8937440-n43543,0,31150,1623563421,1048,0,0,780,7776,0,0,0
-4,r8937440-n43543,0,31160,1623563431,1048,0,0,780,7776,0,0,0
-4,r8937440-n43543,0,31170,1623563441,1048,0,0,780,7776,0,0,0
-4,r8937440-n43543,0,31180,1623563451,1048,0,0,780,7776,0,0,0
-4,r8937440-n43543,0,31190,1623563461,1048,0,0,780,7776,0,0,0
-4,r8937440-n43543,0,31200,1623563471,1048,0,0,780,7776,0,0,0
-4,r8937440-n43543,0,31210,1623563481,1048,0,0,780,7776,0,0,0
-4,r8937440-n43543,0,31220,1623563491,1048,0,0,780,7776,0,0,0
-4,r8937440-n43543,0,31230,1623563501,1048,0,0,780,7776,0,0,0
-4,r8937440-n43543,0,31240,1623563511,1048,0,0,780,7776,0,0,0
-4,r8937440-n43543,0,31250,1623563521,1048,0,0,780,7776,0,0,0
-4,r8937440-n43543,0,31260,1623563531,1048,0,0,780,7776,0,0,0
-4,r8937440-n43543,0,31270,1623563541,1048,0,0,780,7776,0,0,0
-4,r8937440-n43543,0,31280,1623563551,1048,0,0,780,7776,0,0,0
-4,r8937440-n43543,0,31290,1623563561,1048,0,0,780,7776,0,0,0
-4,r8937440-n43543,0,31300,1623563571,1048,0,0,780,7776,0,0,0
-4,r8937440-n43543,0,31310,1623563581,1048,0,0,780,7776,0,0,0
-4,r8937440-n43543,0,31320,1623563591,1048,0,0,780,7776,0,0,0
-4,r8937440-n43543,0,31330,1623563601,1048,0,0,780,7776,0,0,0
-4,r8937440-n43543,0,31340,1623563611,1048,0,0,780,7776,0,0,0
-4,r8937440-n43543,0,31350,1623563621,1048,0,0,780,7776,0,0,0
-4,r8937440-n43543,0,31360,1623563631,1048,0,0,780,7776,0,0,0
-4,r8937440-n43543,0,31370,1623563641,1048,0,0,780,7776,0,0,0
-4,r8937440-n43543,0,31380,1623563651,1048,0,0,780,7776,0,0,0
-4,r8937440-n43543,0,31390,1623563661,1048,0,0,780,7776,0,0,0
-4,r8937440-n43543,0,31400,1623563671,1048,0,0,780,7776,0,0,0
-4,r8937440-n43543,0,31410,1623563681,1048,0,0,780,7776,0,0,0
-4,r8937440-n43543,0,31420,1623563691,1048,0,0,780,7776,0,0,0
-4,r8937440-n43543,0,31430,1623563701,1048,0,0,780,7776,0,0,0
-4,r8937440-n43543,0,31440,1623563711,1048,0,0,780,7776,0,0,0
-4,r8937440-n43543,0,31450,1623563721,1048,0,0,780,7776,0,0,0
-4,r8937440-n43543,0,31460,1623563731,1048,0,0,780,7776,0,0,0
-4,r8937440-n43543,0,31470,1623563741,1048,0,0,780,7776,0,0,0
-4,r8937440-n43543,0,31480,1623563751,1048,0,0,780,7776,0,0,0
-4,r8937440-n43543,0,31490,1623563761,1048,0,0,780,7776,0,0,0
-4,r8937440-n43543,0,31500,1623563771,1048,0,0,780,7776,0,0,0
-4,r8937440-n43543,0,31510,1623563781,1048,0,0,780,7776,0,0,0
-4,r8937440-n43543,0,31520,1623563791,1048,0,0,780,7776,0,0,0
-4,r8937440-n43543,0,31530,1623563801,1048,0,0,780,7776,0,0,0
-4,r8937440-n43543,0,31540,1623563811,1048,0,0,780,7776,0,0,0
-4,r8937440-n43543,0,31550,1623563821,1048,0,0,780,7776,0,0,0
-4,r8937440-n43543,0,31560,1623563831,1048,0,0,780,7776,0,0,0
-4,r8937440-n43543,0,31570,1623563841,1048,0,0,780,7776,0,0,0
-4,r8937440-n43543,0,31580,1623563851,1048,0,0,780,7776,0,0,0
-4,r8937440-n43543,0,31590,1623563861,1048,0,0,780,7776,0,0,0
-4,r8937440-n43543,0,31600,1623563871,1048,0,0,780,7776,0,0,0
-4,r8937440-n43543,0,31610,1623563881,1048,0,0,780,7776,0,0,0
-4,r8937440-n43543,0,31620,1623563891,1048,0,0,780,7776,0,0,0
-4,r8937440-n43543,0,31630,1623563901,1048,0,0,780,7776,0,0,0
-4,r8937440-n43543,0,31640,1623563911,1048,0,0,780,7776,0,0,0
-4,r8937440-n43543,0,31650,1623563921,1048,0,0,780,7776,0,0,0
-4,r8937440-n43543,0,31660,1623563931,1048,0,0,780,7776,0,0,0
-4,r8937440-n43543,0,31670,1623563941,1048,0,0,780,7776,0,0,0
-4,r8937440-n43543,0,31680,1623563951,1048,0,0,780,7776,0,0,0
-4,r8937440-n43543,0,31690,1623563961,1048,0,0,780,7776,0,0,0
-4,r8937440-n43543,0,31700,1623563971,1048,0,0,780,7776,0,0,0
-4,r8937440-n43543,0,31710,1623563981,1048,0,0,780,7776,0,0,0
-4,r8937440-n43543,0,31720,1623563991,1048,0,0,780,7776,0,0,0
-4,r8937440-n43543,0,31730,1623564001,1048,0,0,780,7776,0,0,0
-4,r8937440-n43543,0,31740,1623564011,1048,0,0,780,7776,0,0,0
-4,r8937440-n43543,0,31750,1623564021,1048,0,0,780,7776,0,0,0
-4,r8937440-n43543,0,31760,1623564031,1048,0,0,780,7776,0,0,0
-4,r8937440-n43543,0,31770,1623564041,1048,0,0,780,7776,0,0,0
-4,r8937440-n43543,0,31780,1623564051,1048,0,0,780,7776,0,0,0
-4,r8937440-n43543,0,31790,1623564061,1048,0,0,780,7776,0,0,0
-4,r8937440-n43543,0,31800,1623564071,1048,0,0,780,7776,0,0,0
-4,r8937440-n43543,0,31810,1623564081,1048,0,0,780,7776,0,0,0
-4,r8937440-n43543,0,31820,1623564091,1048,0,0,780,7776,0,0,0
-4,r8937440-n43543,0,31830,1623564101,1048,0,0,780,7776,0,0,0
-4,r8937440-n43543,0,31840,1623564111,1048,0,0,780,7776,0,0,0
-4,r8937440-n43543,0,31850,1623564121,1048,0,0,780,7776,0,0,0
-4,r8937440-n43543,0,31860,1623564131,1048,0,0,780,7776,0,0,0
-4,r8937440-n43543,0,31870,1623564141,1048,0,0,780,7776,0,0,0
-4,r8937440-n43543,0,31880,1623564151,1048,0,0,780,7776,0,0,0
-4,r8937440-n43543,0,31890,1623564161,1048,0,0,780,7776,0,0,0
-4,r8937440-n43543,0,31900,1623564171,1048,0,0,780,7776,0,0,0
-4,r8937440-n43543,0,31910,1623564181,1048,0,0,780,7776,0,0,0
-4,r8937440-n43543,0,31920,1623564191,1048,0,0,780,7776,0,0,0
-4,r8937440-n43543,0,31930,1623564201,1048,0,0,780,7776,0,0,0
-4,r8937440-n43543,0,31940,1623564211,1048,0,0,780,7776,0,0,0
-4,r8937440-n43543,0,31950,1623564221,1048,0,0,780,7776,0,0,0
-4,r8937440-n43543,0,31960,1623564231,1048,0,0,780,7776,0,0,0
-4,r8937440-n43543,0,31970,1623564241,1048,0,0,780,7776,0,0,0
-4,r8937440-n43543,0,31980,1623564251,1048,0,0,780,7776,0,0,0
-4,r8937440-n43543,0,31990,1623564261,1048,0,0,780,7776,0,0,0
-4,r8937440-n43543,0,32000,1623564271,1048,0,0,780,7776,0,0,0
-4,r8937440-n43543,0,32010,1623564281,1048,0,0,780,7776,0,0,0
-4,r8937440-n43543,0,32020,1623564291,1048,0,0,780,7776,0,0,0
-4,r8937440-n43543,0,32030,1623564301,1048,0,0,780,7776,0,0,0
-4,r8937440-n43543,0,32040,1623564311,1048,0,0,780,7776,0,0,0
-4,r8937440-n43543,0,32050,1623564321,1048,0,0,780,7776,0,0,0
-4,r8937440-n43543,0,32060,1623564331,1048,0,0,780,7776,0,0,0
-4,r8937440-n43543,0,32070,1623564341,1048,0,0,780,7776,0,0,0
-4,r8937440-n43543,0,32080,1623564351,1048,0,0,780,7776,0,0,0
-4,r8937440-n43543,0,32090,1623564361,1048,0,0,780,7776,0,0,0
-4,r8937440-n43543,0,32100,1623564371,1048,0,0,780,7776,0,0,0
-4,r8937440-n43543,0,32110,1623564381,1048,0,0,780,7776,0,0,0
-4,r8937440-n43543,0,32120,1623564391,1048,0,0,780,7776,0,0,0
-4,r8937440-n43543,0,32130,1623564401,1048,0,0,780,7776,0,0,0
-4,r8937440-n43543,0,32140,1623564411,1048,0,0,780,7776,0,0,0
-4,r8937440-n43543,0,32150,1623564421,1048,0,0,780,7776,0,0,0
-4,r8937440-n43543,0,32160,1623564431,1048,0,0,780,7776,0,0,0
-4,r8937440-n43543,0,32170,1623564441,1048,0,0,780,7776,0,0,0
-4,r8937440-n43543,0,32180,1623564451,1048,0,0,780,7776,0,0,0
-4,r8937440-n43543,0,32190,1623564461,1048,0,0,780,7776,0,0,0
-4,r8937440-n43543,0,32200,1623564471,1048,0,0,780,7776,0,0,0
-4,r8937440-n43543,0,32210,1623564481,1048,0,0,780,7776,0,0,0
-4,r8937440-n43543,0,32220,1623564491,1048,0,0,780,7776,0,0,0
-4,r8937440-n43543,0,32230,1623564501,1048,0,0,780,7776,0,0,0
-4,r8937440-n43543,0,32240,1623564511,1048,0,0,780,7776,0,0,0
-4,r8937440-n43543,0,32250,1623564521,1048,0,0,780,7776,0,0,0
-4,r8937440-n43543,0,32260,1623564531,1048,0,0,780,7776,0,0,0
-4,r8937440-n43543,0,32270,1623564541,1048,0,0,780,7776,0,0,0
-4,r8937440-n43543,0,32280,1623564551,1048,0,0,780,7776,0,0,0
-4,r8937440-n43543,0,32290,1623564561,1048,0,0,780,7776,0,0,0
-4,r8937440-n43543,0,32300,1623564571,1048,0,0,780,7776,0,0,0
-4,r8937440-n43543,0,32310,1623564581,1048,0,0,780,7776,0,0,0
-4,r8937440-n43543,0,32320,1623564591,1048,0,0,780,7776,0,0,0
-4,r8937440-n43543,0,32330,1623564601,1048,0,0,780,7776,0,0,0
-4,r8937440-n43543,0,32340,1623564611,1048,0,0,780,7776,0,0,0
-4,r8937440-n43543,0,32350,1623564621,1048,0,0,780,7776,0,0,0
-4,r8937440-n43543,0,32360,1623564631,1048,0,0,780,7776,0,0,0
-4,r8937440-n43543,0,32370,1623564641,1048,0,0,780,7776,0,0,0
-4,r8937440-n43543,0,32380,1623564651,1048,0,0,780,7776,0,0,0
-4,r8937440-n43543,0,32390,1623564661,1048,0,0,780,7776,0,0,0
-4,r8937440-n43543,0,32400,1623564671,1048,0,0,780,7776,0,0,0
-4,r8937440-n43543,0,32410,1623564681,1048,0,0,780,7776,0,0,0
-4,r8937440-n43543,0,32420,1623564691,1048,0,0,780,7776,0,0,0
-4,r8937440-n43543,0,32430,1623564701,1048,0,0,780,7776,0,0,0
-4,r8937440-n43543,0,32440,1623564711,1048,0,0,780,7776,0,0,0
-4,r8937440-n43543,0,32450,1623564721,1048,0,0,780,7776,0,0,0
-4,r8937440-n43543,0,32460,1623564731,1048,0,0,780,7776,0,0,0
-4,r8937440-n43543,0,32470,1623564741,1048,0,0,780,7776,0,0,0
-4,r8937440-n43543,0,32480,1623564751,1048,0,0,780,7776,0,0,0
-4,r8937440-n43543,0,32490,1623564761,1048,0,0,780,7776,0,0,0
-4,r8937440-n43543,0,32500,1623564771,1048,0,0,780,7776,0,0,0
-4,r8937440-n43543,0,32510,1623564781,1048,0,0,780,7776,0,0,0
-4,r8937440-n43543,0,32520,1623564791,1048,0,0,780,7776,0,0,0
-4,r8937440-n43543,0,32530,1623564801,1048,0,0,780,7776,0,0,0
-4,r8937440-n43543,0,32540,1623564811,1048,0,0,780,7776,0,0,0
-4,r8937440-n43543,0,32550,1623564821,1048,0,0,780,7776,0,0,0
-4,r8937440-n43543,0,32560,1623564831,1048,0,0,780,7776,0,0,0
-4,r8937440-n43543,0,32570,1623564841,1048,0,0,780,7776,0,0,0
-4,r8937440-n43543,0,32580,1623564851,1048,0,0,780,7776,0,0,0
-4,r8937440-n43543,0,32590,1623564861,1048,0,0,780,7776,0,0,0
-4,r8937440-n43543,0,32600,1623564871,1048,0,0,780,7776,0,0,0
-4,r8937440-n43543,0,32610,1623564881,1048,0,0,780,7776,0,0,0
-4,r8937440-n43543,0,32620,1623564891,1048,0,0,780,7776,0,0,0
-4,r8937440-n43543,0,32630,1623564901,1048,0,0,780,7776,0,0,0
-4,r8937440-n43543,0,32640,1623564911,1048,0,0,780,7776,0,0,0
-4,r8937440-n43543,0,32650,1623564921,1048,0,0,780,7776,0,0,0
-4,r8937440-n43543,0,32660,1623564931,1048,0,0,780,7776,0,0,0
-4,r8937440-n43543,0,32670,1623564941,1048,0,0,780,7776,0,0,0
-4,r8937440-n43543,0,32680,1623564951,1048,0,0,780,7776,0,0,0
-4,r8937440-n43543,0,32690,1623564961,1048,0,0,780,7776,0,0,0
-4,r8937440-n43543,0,32700,1623564971,1048,0,0,780,7776,0,0,0
-4,r8937440-n43543,0,32710,1623564981,1048,0,0,780,7776,0,0,0
-4,r8937440-n43543,0,32720,1623564991,1048,0,0,780,7776,0,0,0
-4,r8937440-n43543,0,32730,1623565001,1048,0,0,780,7776,0,0,0
-4,r8937440-n43543,0,32740,1623565011,1048,0,0,780,7776,0,0,0
-4,r8937440-n43543,0,32750,1623565021,1048,0,0,780,7776,0,0,0
-4,r8937440-n43543,0,32760,1623565031,1048,0,0,780,7776,0,0,0
-4,r8937440-n43543,0,32770,1623565041,1048,0,0,780,7776,0,0,0
-4,r8937440-n43543,0,32780,1623565051,1048,0,0,780,7776,0,0,0
-4,r8937440-n43543,0,32790,1623565061,1048,0,0,780,7776,0,0,0
-4,r8937440-n43543,0,32800,1623565071,1048,0,0,780,7776,0,0,0
-4,r8937440-n43543,0,32810,1623565081,1048,0,0,780,7776,0,0,0
-4,r8937440-n43543,0,32820,1623565091,1048,0,0,780,7776,0,0,0
-4,r8937440-n43543,0,32830,1623565101,1048,0,0,780,7776,0,0,0
-4,r8937440-n43543,0,32840,1623565111,1048,0,0,780,7776,0,0,0
-4,r8937440-n43543,0,32850,1623565121,1048,0,0,780,7776,0,0,0
-4,r8937440-n43543,0,32860,1623565131,1048,0,0,780,7776,0,0,0
-4,r8937440-n43543,0,32870,1623565141,1048,0,0,780,7776,0,0,0
-4,r8937440-n43543,0,32880,1623565151,1048,0,0,780,7776,0,0,0
-4,r8937440-n43543,0,32890,1623565161,1048,0,0,780,7776,0,0,0
-4,r8937440-n43543,0,32900,1623565171,1048,0,0,780,7776,0,0,0
-4,r8937440-n43543,0,32910,1623565181,1048,0,0,780,7776,0,0,0
-4,r8937440-n43543,0,32920,1623565191,1048,0,0,780,7776,0,0,0
-4,r8937440-n43543,0,32930,1623565201,1048,0,0,780,7776,0,0,0
-4,r8937440-n43543,0,32940,1623565211,1048,0,0,780,7776,0,0,0
-4,r8937440-n43543,0,32950,1623565221,1048,0,0,780,7776,0,0,0
-4,r8937440-n43543,0,32960,1623565231,1048,0,0,780,7776,0,0,0
-4,r8937440-n43543,0,32970,1623565241,1048,0,0,780,7776,0,0,0
-4,r8937440-n43543,0,32980,1623565251,1048,0,0,780,7776,0,0,0
-4,r8937440-n43543,0,32990,1623565261,1048,0,0,780,7776,0,0,0
-4,r8937440-n43543,0,33000,1623565271,1048,0,0,780,7776,0,0,0
-4,r8937440-n43543,0,33010,1623565281,1048,0,0,780,7776,0,0,0
-4,r8937440-n43543,0,33020,1623565291,1048,0,0,780,7776,0,0,0
-4,r8937440-n43543,0,33030,1623565301,1048,0,0,780,7776,0,0,0
-4,r8937440-n43543,0,33040,1623565311,1048,0,0,780,7776,0,0,0
-4,r8937440-n43543,0,33050,1623565321,1048,0,0,780,7776,0,0,0
-4,r8937440-n43543,0,33060,1623565331,1048,0,0,780,7776,0,0,0
-4,r8937440-n43543,0,33070,1623565341,1048,0,0,780,7776,0,0,0
-4,r8937440-n43543,0,33080,1623565351,1048,0,0,780,7776,0,0,0
-4,r8937440-n43543,0,33090,1623565361,1048,0,0,780,7776,0,0,0
-4,r8937440-n43543,0,33100,1623565371,1048,0,0,780,7776,0,0,0
-4,r8937440-n43543,0,33110,1623565381,1048,0,0,780,7776,0,0,0
-4,r8937440-n43543,0,33120,1623565391,1048,0,0,780,7776,0,0,0
-4,r8937440-n43543,0,33130,1623565401,1048,0,0,780,7776,0,0,0
-4,r8937440-n43543,0,33140,1623565411,1048,0,0,780,7776,0,0,0
-4,r8937440-n43543,0,33150,1623565421,1048,0,0,780,7776,0,0,0
-4,r8937440-n43543,0,33160,1623565431,1048,0,0,780,7776,0,0,0
-4,r8937440-n43543,0,33170,1623565441,1048,0,0,780,7776,0,0,0
-4,r8937440-n43543,0,33180,1623565451,1048,0,0,780,7776,0,0,0
-4,r8937440-n43543,0,33190,1623565461,1048,0,0,780,7776,0,0,0
-4,r8937440-n43543,0,33200,1623565471,1048,0,0,780,7776,0,0,0
-4,r8937440-n43543,0,33210,1623565481,1048,0,0,780,7776,0,0,0
-4,r8937440-n43543,0,33220,1623565491,1048,0,0,780,7776,0,0,0
-4,r8937440-n43543,0,33230,1623565501,1048,0,0,780,7776,0,0,0
-4,r8937440-n43543,0,33240,1623565511,1048,0,0,780,7776,0,0,0
-4,r8937440-n43543,0,33250,1623565521,1048,0,0,780,7776,0,0,0
-4,r8937440-n43543,0,33260,1623565531,1048,0,0,780,7776,0,0,0
-4,r8937440-n43543,0,33270,1623565541,1048,0,0,780,7776,0,0,0
-4,r8937440-n43543,0,33280,1623565551,1048,0,0,780,7776,0,0,0
-4,r8937440-n43543,0,33290,1623565561,1048,0,0,780,7776,0,0,0
-4,r8937440-n43543,0,33300,1623565571,1048,0,0,780,7776,0,0,0
-4,r8937440-n43543,0,33310,1623565581,1048,0,0,780,7776,0,0,0
-4,r8937440-n43543,0,33320,1623565591,1048,0,0,780,7776,0,0,0
-4,r8937440-n43543,0,33330,1623565601,1048,0,0,780,7776,0,0,0
-4,r8937440-n43543,0,33340,1623565611,1048,0,0,780,7776,0,0,0
-4,r8937440-n43543,0,33350,1623565621,1048,0,0,780,7776,0,0,0
-4,r8937440-n43543,0,33360,1623565631,1048,0,0,780,7776,0,0,0
-4,r8937440-n43543,0,33370,1623565641,1048,0,0,780,7776,0,0,0
-4,r8937440-n43543,0,33380,1623565651,1048,0,0,780,7776,0,0,0
-4,r8937440-n43543,0,33390,1623565661,1048,0,0,780,7776,0,0,0
-4,r8937440-n43543,0,33400,1623565671,1048,0,0,780,7776,0,0,0
-4,r8937440-n43543,0,33410,1623565681,1048,0,0,780,7776,0,0,0
-4,r8937440-n43543,0,33420,1623565691,1048,0,0,780,7776,0,0,0
-4,r8937440-n43543,0,33430,1623565701,1048,0,0,780,7776,0,0,0
-4,r8937440-n43543,0,33440,1623565711,1048,0,0,780,7776,0,0,0
-4,r8937440-n43543,0,33450,1623565721,1048,0,0,780,7776,0,0,0
-4,r8937440-n43543,0,33460,1623565731,1048,0,0,780,7776,0,0,0
-4,r8937440-n43543,0,33470,1623565741,1048,0,0,780,7776,0,0,0
-4,r8937440-n43543,0,33480,1623565751,1048,0,0,780,7776,0,0,0
-4,r8937440-n43543,0,33490,1623565761,1048,0,0,780,7776,0,0,0
-4,r8937440-n43543,0,33500,1623565771,1048,0,0,780,7776,0,0,0
-4,r8937440-n43543,0,33510,1623565781,1048,0,0,780,7776,0,0,0
-4,r8937440-n43543,0,33520,1623565791,1048,0,0,780,7776,0,0,0
-4,r8937440-n43543,0,33530,1623565801,1048,0,0,780,7776,0,0,0
-4,r8937440-n43543,0,33540,1623565811,1048,0,0,780,7776,0,0,0
-4,r8937440-n43543,0,33550,1623565821,1048,0,0,780,7776,0,0,0
-4,r8937440-n43543,0,33560,1623565831,1048,0,0,780,7776,0,0,0
-4,r8937440-n43543,0,33570,1623565841,1048,0,0,780,7776,0,0,0
-4,r8937440-n43543,0,33580,1623565851,1048,0,0,780,7776,0,0,0
-4,r8937440-n43543,0,33590,1623565861,1048,0,0,780,7776,0,0,0
-4,r8937440-n43543,0,33600,1623565871,1048,0,0,780,7776,0,0,0
-4,r8937440-n43543,0,33610,1623565881,1048,0,0,780,7776,0,0,0
-4,r8937440-n43543,0,33620,1623565891,1048,0,0,780,7776,0,0,0
-4,r8937440-n43543,0,33630,1623565901,1048,0,0,780,7776,0,0,0
-4,r8937440-n43543,0,33640,1623565911,1048,0,0,780,7776,0,0,0
-4,r8937440-n43543,0,33650,1623565921,1048,0,0,780,7776,0,0,0
-4,r8937440-n43543,0,33660,1623565931,1048,0,0,780,7776,0,0,0
-4,r8937440-n43543,0,33670,1623565941,1048,0,0,780,7776,0,0,0
-4,r8937440-n43543,0,33680,1623565951,1048,0,0,780,7776,0,0,0
-4,r8937440-n43543,0,33690,1623565961,1048,0,0,780,7776,0,0,0
-4,r8937440-n43543,0,33700,1623565971,1048,0,0,780,7776,0,0,0
-4,r8937440-n43543,0,33710,1623565981,1048,0,0,780,7776,0,0,0
-4,r8937440-n43543,0,33720,1623565991,1048,0,0,780,7776,0,0,0
-4,r8937440-n43543,0,33730,1623566001,1048,0,0,780,7776,0,0,0
-4,r8937440-n43543,0,33740,1623566011,1048,0,0,780,7776,0,0,0
-4,r8937440-n43543,0,33750,1623566021,1048,0,0,780,7776,0,0,0
-4,r8937440-n43543,0,33760,1623566031,1048,0,0,780,7776,0,0,0
-4,r8937440-n43543,0,33770,1623566041,1048,0,0,780,7776,0,0,0
-4,r8937440-n43543,0,33780,1623566051,1048,0,0,780,7776,0,0,0
-4,r8937440-n43543,0,33790,1623566061,1048,0,0,780,7776,0,0,0
-4,r8937440-n43543,0,33800,1623566071,1048,0,0,780,7776,0,0,0
-4,r8937440-n43543,0,33810,1623566081,1048,0,0,780,7776,0,0,0
-4,r8937440-n43543,0,33820,1623566091,1048,0,0,780,7776,0,0,0
-4,r8937440-n43543,0,33830,1623566101,1048,0,0,780,7776,0,0,0
-4,r8937440-n43543,0,33840,1623566111,1048,0,0,780,7776,0,0,0
-4,r8937440-n43543,0,33850,1623566121,1048,0,0,780,7776,0,0,0
-4,r8937440-n43543,0,33860,1623566131,1048,0,0,780,7776,0,0,0
-4,r8937440-n43543,0,33870,1623566141,1048,0,0,780,7776,0,0,0
-4,r8937440-n43543,0,33880,1623566151,1048,0,0,780,7776,0,0,0
-4,r8937440-n43543,0,33890,1623566161,1048,0,0,780,7776,0,0,0
-4,r8937440-n43543,0,33900,1623566171,1048,0,0,780,7776,0,0,0
-4,r8937440-n43543,0,33910,1623566181,1048,0,0,780,7776,0,0,0
-4,r8937440-n43543,0,33920,1623566191,1048,0,0,780,7776,0,0,0
-4,r8937440-n43543,0,33930,1623566201,1048,0,0,780,7776,0,0,0
-4,r8937440-n43543,0,33940,1623566211,1048,0,0,780,7776,0,0,0
-4,r8937440-n43543,0,33950,1623566221,1048,0,0,780,7776,0,0,0
-4,r8937440-n43543,0,33960,1623566231,1048,0,0,780,7776,0,0,0
-4,r8937440-n43543,0,33970,1623566241,1048,0,0,780,7776,0,0,0
-4,r8937440-n43543,0,33980,1623566251,1048,0,0,780,7776,0,0,0
-4,r8937440-n43543,0,33990,1623566261,1048,0,0,780,7776,0,0,0
-4,r8937440-n43543,0,34000,1623566271,1048,0,0,780,7776,0,0,0
-4,r8937440-n43543,0,34010,1623566281,1048,0,0,780,7776,0,0,0
-4,r8937440-n43543,0,34020,1623566291,1048,0,0,780,7776,0,0,0
-4,r8937440-n43543,0,34030,1623566301,1048,0,0,780,7776,0,0,0
-4,r8937440-n43543,0,34040,1623566311,1048,0,0,780,7776,0,0,0
-4,r8937440-n43543,0,34050,1623566321,1048,0,0,780,7776,0,0,0
-4,r8937440-n43543,0,34060,1623566331,1048,0,0,780,7776,0,0,0
-4,r8937440-n43543,0,34070,1623566341,1048,0,0,780,7776,0,0,0
-4,r8937440-n43543,0,34080,1623566351,1048,0,0,780,7776,0,0,0
-4,r8937440-n43543,0,34090,1623566361,1048,0,0,780,7776,0,0,0
-4,r8937440-n43543,0,34100,1623566371,1048,0,0,780,7776,0,0,0
-4,r8937440-n43543,0,34110,1623566381,1048,0,0,780,7776,0,0,0
-4,r8937440-n43543,0,34120,1623566391,1048,0,0,780,7776,0,0,0
-4,r8937440-n43543,0,34130,1623566401,1048,0,0,780,7776,0,0,0
-4,r8937440-n43543,0,34140,1623566411,1048,0,0,780,7776,0,0,0
-4,r8937440-n43543,0,34150,1623566421,1048,0,0,780,7776,0,0,0
-4,r8937440-n43543,0,34160,1623566431,1048,0,0,780,7776,0,0,0
-4,r8937440-n43543,0,34170,1623566441,1048,0,0,780,7776,0,0,0
-4,r8937440-n43543,0,34180,1623566451,1048,0,0,780,7776,0,0,0
-4,r8937440-n43543,0,34190,1623566461,1048,0,0,780,7776,0,0,0
-4,r8937440-n43543,0,34200,1623566471,1048,0,0,780,7776,0,0,0
-4,r8937440-n43543,0,34210,1623566481,1048,0,0,780,7776,0,0,0
-4,r8937440-n43543,0,34220,1623566491,1048,0,0,780,7776,0,0,0
-4,r8937440-n43543,0,34230,1623566501,1048,0,0,780,7776,0,0,0
-4,r8937440-n43543,0,34240,1623566511,1048,0,0,780,7776,0,0,0
-4,r8937440-n43543,0,34250,1623566521,1048,0,0,780,7776,0,0,0
-4,r8937440-n43543,0,34260,1623566531,1048,0,0,780,7776,0,0,0
-4,r8937440-n43543,0,34270,1623566541,1048,0,0,780,7776,0,0,0
-4,r8937440-n43543,0,34280,1623566551,1048,0,0,780,7776,0,0,0
-4,r8937440-n43543,0,34290,1623566561,1048,0,0,780,7776,0,0,0
-4,r8937440-n43543,0,34300,1623566571,1048,0,0,780,7776,0,0,0
-4,r8937440-n43543,0,34310,1623566581,1048,0,0,780,7776,0,0,0
-4,r8937440-n43543,0,34320,1623566591,1048,0,0,780,7776,0,0,0
-4,r8937440-n43543,0,34330,1623566601,1048,0,0,780,7776,0,0,0
-4,r8937440-n43543,0,34340,1623566611,1048,0,0,780,7776,0,0,0
-4,r8937440-n43543,0,34350,1623566621,1048,0,0,780,7776,0,0,0
-4,r8937440-n43543,0,34360,1623566631,1048,0,0,780,7776,0,0,0
-4,r8937440-n43543,0,34370,1623566641,1048,0,0,780,7776,0,0,0
-4,r8937440-n43543,0,34380,1623566651,1048,0,0,780,7776,0,0,0
-4,r8937440-n43543,0,34390,1623566661,1048,0,0,780,7776,0,0,0
-4,r8937440-n43543,0,34400,1623566671,1048,0,0,780,7776,0,0,0
-4,r8937440-n43543,0,34410,1623566681,1048,0,0,780,7776,0,0,0
-4,r8937440-n43543,0,34420,1623566691,1048,0,0,780,7776,0,0,0
-4,r8937440-n43543,0,34430,1623566701,1048,0,0,780,7776,0,0,0
-4,r8937440-n43543,0,34440,1623566711,1048,0,0,780,7776,0,0,0
-4,r8937440-n43543,0,34450,1623566721,1048,0,0,780,7776,0,0,0
-4,r8937440-n43543,0,34460,1623566731,1048,0,0,780,7776,0,0,0
-4,r8937440-n43543,0,34470,1623566741,1048,0,0,780,7776,0,0,0
-4,r8937440-n43543,0,34480,1623566751,1048,0,0,780,7776,0,0,0
-4,r8937440-n43543,0,34490,1623566761,1048,0,0,780,7776,0,0,0
-4,r8937440-n43543,0,34500,1623566771,1048,0,0,780,7776,0,0,0
-4,r8937440-n43543,0,34510,1623566781,1048,0,0,780,7776,0,0,0
-4,r8937440-n43543,0,34520,1623566791,1048,0,0,780,7776,0,0,0
-4,r8937440-n43543,0,34530,1623566801,1048,0,0,780,7776,0,0,0
-4,r8937440-n43543,0,34540,1623566811,1048,0,0,780,7776,0,0,0
-4,r8937440-n43543,0,34550,1623566821,1048,0,0,780,7776,0,0,0
-4,r8937440-n43543,0,34560,1623566831,1048,0,0,780,7776,0,0,0
-4,r8937440-n43543,0,34570,1623566841,1048,0,0,780,7776,0,0,0
-4,r8937440-n43543,0,34580,1623566851,1048,0,0,780,7776,0,0,0
-4,r8937440-n43543,0,34590,1623566861,1048,0,0,780,7776,0,0,0
-4,r8937440-n43543,0,34600,1623566871,1048,0,0,780,7776,0,0,0
-4,r8937440-n43543,0,34610,1623566881,1048,0,0,780,7776,0,0,0
-4,r8937440-n43543,0,34620,1623566891,1048,0,0,780,7776,0,0,0
-4,r8937440-n43543,0,34630,1623566901,1048,0,0,780,7776,0,0,0
-4,r8937440-n43543,0,34640,1623566911,1048,0,0,780,7776,0,0,0
-4,r8937440-n43543,0,34650,1623566921,1048,0,0,780,7776,0,0,0
-4,r8937440-n43543,0,34660,1623566931,1048,0,0,780,7776,0,0,0
-4,r8937440-n43543,0,34670,1623566941,1048,0,0,780,7776,0,0,0
-4,r8937440-n43543,0,34680,1623566951,1048,0,0,780,7776,0,0,0
-4,r8937440-n43543,0,34690,1623566961,1048,0,0,780,7776,0,0,0
-4,r8937440-n43543,0,34700,1623566971,1048,0,0,780,7776,0,0,0
-4,r8937440-n43543,0,34710,1623566981,1048,0,0,780,7776,0,0,0
-4,r8937440-n43543,0,34720,1623566991,1048,0,0,780,7776,0,0,0
-4,r8937440-n43543,0,34730,1623567001,1048,0,0,780,7776,0,0,0
-4,r8937440-n43543,0,34740,1623567011,1048,0,0,780,7776,0,0,0
-4,r8937440-n43543,0,34750,1623567021,1048,0,0,780,7776,0,0,0
-4,r8937440-n43543,0,34760,1623567031,1048,0,0,780,7776,0,0,0
-4,r8937440-n43543,0,34770,1623567041,1048,0,0,780,7776,0,0,0
-4,r8937440-n43543,0,34780,1623567051,1048,0,0,780,7776,0,0,0
-4,r8937440-n43543,0,34790,1623567061,1048,0,0,780,7776,0,0,0
-4,r8937440-n43543,0,34800,1623567071,1048,0,0,780,7776,0,0,0
-4,r8937440-n43543,0,34810,1623567081,1048,0,0,780,7776,0,0,0
-4,r8937440-n43543,0,34820,1623567091,1048,0,0,780,7776,0,0,0
-4,r8937440-n43543,0,34830,1623567101,1048,0,0,780,7776,0,0,0
-4,r8937440-n43543,0,34840,1623567111,1048,0,0,780,7776,0,0,0
-4,r8937440-n43543,0,34850,1623567121,1048,0,0,780,7776,0,0,0
-4,r8937440-n43543,0,34860,1623567131,1048,0,0,780,7776,0,0,0
-4,r8937440-n43543,0,34870,1623567141,1048,0,0,780,7776,0,0,0
-4,r8937440-n43543,0,34880,1623567151,1048,0,0,780,7776,0,0,0
-4,r8937440-n43543,0,34890,1623567161,1048,0,0,780,7776,0,0,0
-4,r8937440-n43543,0,34900,1623567171,1048,0,0,780,7776,0,0,0
-4,r8937440-n43543,0,34910,1623567181,1048,0,0,780,7776,0,0,0
-4,r8937440-n43543,0,34920,1623567191,1048,0,0,780,7776,0,0,0
-4,r8937440-n43543,0,34930,1623567201,1048,0,0,780,7776,0,0,0
-4,r8937440-n43543,0,34940,1623567211,1048,0,0,780,7776,0,0,0
-4,r8937440-n43543,0,34950,1623567221,1048,0,0,780,7776,0,0,0
-4,r8937440-n43543,0,34960,1623567231,1048,0,0,780,7776,0,0,0
-4,r8937440-n43543,0,34970,1623567241,1048,0,0,780,7776,0,0,0
-4,r8937440-n43543,0,34980,1623567251,1048,0,0,780,7776,0,0,0
-4,r8937440-n43543,0,34990,1623567261,1048,0,0,780,7776,0,0,0
-4,r8937440-n43543,0,35000,1623567271,1048,0,0,780,7776,0,0,0
-4,r8937440-n43543,0,35010,1623567281,1048,0,0,780,7776,0,0,0
-4,r8937440-n43543,0,35020,1623567291,1048,0,0,780,7776,0,0,0
-4,r8937440-n43543,0,35030,1623567301,1048,0,0,780,7776,0,0,0
-4,r8937440-n43543,0,35040,1623567311,1048,0,0,780,7776,0,0,0
-4,r8937440-n43543,0,35050,1623567321,1048,0,0,780,7776,0,0,0
-4,r8937440-n43543,0,35060,1623567331,1048,0,0,780,7776,0,0,0
-4,r8937440-n43543,0,35070,1623567341,1048,0,0,780,7776,0,0,0
-4,r8937440-n43543,0,35080,1623567351,1048,0,0,780,7776,0,0,0
-4,r8937440-n43543,0,35090,1623567361,1048,0,0,780,7776,0,0,0
-4,r8937440-n43543,0,35100,1623567371,1048,0,0,780,7776,0,0,0
-4,r8937440-n43543,0,35110,1623567381,1048,0,0,780,7776,0,0,0
-4,r8937440-n43543,0,35120,1623567391,1048,0,0,780,7776,0,0,0
-4,r8937440-n43543,0,35130,1623567401,1048,0,0,780,7776,0,0,0
-4,r8937440-n43543,0,35140,1623567411,1048,0,0,780,7776,0,0,0
-4,r8937440-n43543,0,35150,1623567421,1048,0,0,780,7776,0,0,0
-4,r8937440-n43543,0,35160,1623567431,1048,0,0,780,7776,0,0,0
-4,r8937440-n43543,0,35170,1623567441,1048,0,0,780,7776,0,0,0
-4,r8937440-n43543,0,35180,1623567451,1048,0,0,780,7776,0,0,0
-4,r8937440-n43543,0,35190,1623567461,1048,0,0,780,7776,0,0,0
-4,r8937440-n43543,0,35200,1623567471,1048,0,0,780,7776,0,0,0
-4,r8937440-n43543,0,35210,1623567481,1048,0,0,780,7776,0,0,0
-4,r8937440-n43543,0,35220,1623567491,1048,0,0,780,7776,0,0,0
-4,r8937440-n43543,0,35230,1623567501,1048,0,0,780,7776,0,0,0
-4,r8937440-n43543,0,35240,1623567511,1048,0,0,780,7776,0,0,0
-4,r8937440-n43543,0,35250,1623567521,1048,0,0,780,7776,0,0,0
-4,r8937440-n43543,0,35260,1623567531,1048,0,0,780,7776,0,0,0
-4,r8937440-n43543,0,35270,1623567541,1048,0,0,780,7776,0,0,0
-4,r8937440-n43543,0,35280,1623567551,1048,0,0,780,7776,0,0,0
-4,r8937440-n43543,0,35290,1623567561,1048,0,0,780,7776,0,0,0
-4,r8937440-n43543,0,35300,1623567571,1048,0,0,780,7776,0,0,0
-4,r8937440-n43543,0,35310,1623567581,1048,0,0,780,7776,0,0,0
-4,r8937440-n43543,0,35320,1623567591,1048,0,0,780,7776,0,0,0
-4,r8937440-n43543,0,35330,1623567601,1048,0,0,780,7776,0,0,0
-4,r8937440-n43543,0,35340,1623567611,1048,0,0,780,7776,0,0,0
-4,r8937440-n43543,0,35350,1623567621,1048,0,0,780,7776,0,0,0
-4,r8937440-n43543,0,35360,1623567631,1048,0,0,780,7776,0,0,0
-4,r8937440-n43543,0,35370,1623567641,1048,0,0,780,7776,0,0,0
-4,r8937440-n43543,0,35380,1623567651,1048,0,0,780,7776,0,0,0
-4,r8937440-n43543,0,35390,1623567661,1048,0,0,780,7776,0,0,0
-4,r8937440-n43543,0,35400,1623567671,1048,0,0,780,7776,0,0,0
-4,r8937440-n43543,0,35410,1623567681,1048,0,0,780,7776,0,0,0
-4,r8937440-n43543,0,35420,1623567691,1048,0,0,780,7776,0,0,0
-4,r8937440-n43543,0,35430,1623567701,1048,0,0,780,7776,0,0,0
-4,r8937440-n43543,0,35440,1623567711,1048,0,0,780,7776,0,0,0
-4,r8937440-n43543,0,35450,1623567721,1048,0,0,780,7776,0,0,0
-4,r8937440-n43543,0,35460,1623567731,1048,0,0,780,7776,0,0,0
-4,r8937440-n43543,0,35470,1623567741,1048,0,0,780,7776,0,0,0
-4,r8937440-n43543,0,35480,1623567751,1048,0,0,780,7776,0,0,0
-4,r8937440-n43543,0,35490,1623567761,1048,0,0,780,7776,0,0,0
-4,r8937440-n43543,0,35500,1623567771,1048,0,0,780,7776,0,0,0
-4,r8937440-n43543,0,35510,1623567781,1048,0,0,780,7776,0,0,0
-4,r8937440-n43543,0,35520,1623567791,1048,0,0,780,7776,0,0,0
-4,r8937440-n43543,0,35530,1623567801,1048,0,0,780,7776,0,0,0
-4,r8937440-n43543,0,35540,1623567811,1048,0,0,780,7776,0,0,0
-4,r8937440-n43543,0,35550,1623567821,1048,0,0,780,7776,0,0,0
-4,r8937440-n43543,0,35560,1623567831,1048,0,0,780,7776,0,0,0
-4,r8937440-n43543,0,35570,1623567841,1048,0,0,780,7776,0,0,0
-4,r8937440-n43543,0,35580,1623567851,1048,0,0,780,7776,0,0,0
-4,r8937440-n43543,0,35590,1623567861,1048,0,0,780,7776,0,0,0
-4,r8937440-n43543,0,35600,1623567871,1048,0,0,780,7776,0,0,0
-4,r8937440-n43543,0,35610,1623567881,1048,0,0,780,7776,0,0,0
-4,r8937440-n43543,0,35620,1623567891,1048,0,0,780,7776,0,0,0
-4,r8937440-n43543,0,35630,1623567901,1048,0,0,780,7776,0,0,0
-4,r8937440-n43543,0,35640,1623567911,1048,0,0,780,7776,0,0,0
-4,r8937440-n43543,0,35650,1623567921,1048,0,0,780,7776,0,0,0
-4,r8937440-n43543,0,35660,1623567931,1048,0,0,780,7776,0,0,0
-4,r8937440-n43543,0,35670,1623567941,1048,0,0,780,7776,0,0,0
-4,r8937440-n43543,0,35680,1623567951,1048,0,0,780,7776,0,0,0
-4,r8937440-n43543,0,35690,1623567961,1048,0,0,780,7776,0,0,0
-4,r8937440-n43543,0,35700,1623567971,1048,0,0,780,7776,0,0,0
-4,r8937440-n43543,0,35710,1623567981,1048,0,0,780,7776,0,0,0
-4,r8937440-n43543,0,35720,1623567991,1048,0,0,780,7776,0,0,0
-4,r8937440-n43543,0,35730,1623568001,1048,0,0,780,7776,0,0,0
-4,r8937440-n43543,0,35740,1623568011,1048,0,0,780,7776,0,0,0
-4,r8937440-n43543,0,35750,1623568021,1048,0,0,780,7776,0,0,0
-4,r8937440-n43543,0,35760,1623568031,1048,0,0,780,7776,0,0,0
-4,r8937440-n43543,0,35770,1623568041,1048,0,0,780,7776,0,0,0
-4,r8937440-n43543,0,35780,1623568051,1048,0,0,780,7776,0,0,0
-4,r8937440-n43543,0,35790,1623568061,1048,0,0,780,7776,0,0,0
-4,r8937440-n43543,0,35800,1623568071,1048,0,0,780,7776,0,0,0
-4,r8937440-n43543,0,35810,1623568081,1048,0,0,780,7776,0,0,0
-4,r8937440-n43543,0,35820,1623568091,1048,0,0,780,7776,0,0,0
-4,r8937440-n43543,0,35830,1623568101,1048,0,0,780,7776,0,0,0
-4,r8937440-n43543,0,35840,1623568111,1048,0,0,780,7776,0,0,0
-4,r8937440-n43543,0,35850,1623568121,1048,0,0,780,7776,0,0,0
-4,r8937440-n43543,0,35860,1623568131,1048,0,0,780,7776,0,0,0
-4,r8937440-n43543,0,35870,1623568141,1048,0,0,780,7776,0,0,0
-4,r8937440-n43543,0,35880,1623568151,1048,0,0,780,7776,0,0,0
-4,r8937440-n43543,0,35890,1623568161,1048,0,0,780,7776,0,0,0
-4,r8937440-n43543,0,35900,1623568171,1048,0,0,780,7776,0,0,0
-4,r8937440-n43543,0,35910,1623568181,1048,0,0,780,7776,0,0,0
-4,r8937440-n43543,0,35920,1623568191,1048,0,0,780,7776,0,0,0
-4,r8937440-n43543,0,35930,1623568201,1048,0,0,780,7776,0,0,0
-4,r8937440-n43543,0,35940,1623568211,1048,0,0,780,7776,0,0,0
-4,r8937440-n43543,0,35950,1623568221,1048,0,0,780,7776,0,0,0
-4,r8937440-n43543,0,35960,1623568231,1048,0,0,780,7776,0,0,0
-4,r8937440-n43543,0,35970,1623568241,1048,0,0,780,7776,0,0,0
-4,r8937440-n43543,0,35980,1623568251,1048,0,0,780,7776,0,0,0
-4,r8937440-n43543,0,35990,1623568261,1048,0,0,780,7776,0,0,0
-4,r8937440-n43543,0,36000,1623568271,1048,0,0,780,7776,0,0,0
-4,r8937440-n43543,0,36010,1623568281,1048,0,0,780,7776,0,0,0
-4,r8937440-n43543,0,36020,1623568291,1048,0,0,780,7776,0,0,0
-4,r8937440-n43543,0,36030,1623568301,1048,0,0,780,7776,0,0,0
-4,r8937440-n43543,0,36040,1623568311,1048,0,0,780,7776,0,0,0
-4,r8937440-n43543,0,36050,1623568321,1048,0,0,780,7776,0,0,0
-4,r8937440-n43543,0,36060,1623568331,1048,0,0,780,7776,0,0,0
-4,r8937440-n43543,0,36070,1623568341,1048,0,0,780,7776,0,0,0
-4,r8937440-n43543,0,36080,1623568351,1048,0,0,780,7776,0,0,0
-4,r8937440-n43543,0,36090,1623568361,1048,0,0,780,7776,0,0,0
-4,r8937440-n43543,0,36100,1623568371,1048,0,0,780,7776,0,0,0
-4,r8937440-n43543,0,36110,1623568381,1048,0,0,780,7776,0,0,0
-4,r8937440-n43543,0,36120,1623568391,1048,0,0,780,7776,0,0,0
-4,r8937440-n43543,0,36130,1623568401,1048,0,0,780,7776,0,0,0
-4,r8937440-n43543,0,36140,1623568411,1048,0,0,780,7776,0,0,0
-4,r8937440-n43543,0,36150,1623568421,1048,0,0,780,7776,0,0,0
-4,r8937440-n43543,0,36160,1623568431,1048,0,0,780,7776,0,0,0
-4,r8937440-n43543,0,36170,1623568441,1048,0,0,780,7776,0,0,0
-4,r8937440-n43543,0,36180,1623568451,1048,0,0,780,7776,0,0,0
-4,r8937440-n43543,0,36190,1623568461,1048,0,0,780,7776,0,0,0
-4,r8937440-n43543,0,36200,1623568471,1048,0,0,780,7776,0,0,0
-4,r8937440-n43543,0,36210,1623568481,1048,0,0,780,7776,0,0,0
-4,r8937440-n43543,0,36220,1623568491,1048,0,0,780,7776,0,0,0
-4,r8937440-n43543,0,36230,1623568501,1048,0,0,780,7776,0,0,0
-4,r8937440-n43543,0,36240,1623568511,1048,0,0,780,7776,0,0,0
-4,r8937440-n43543,0,36250,1623568521,1048,0,0,780,7776,0,0,0
-4,r8937440-n43543,0,36260,1623568531,1048,0,0,780,7776,0,0,0
-4,r8937440-n43543,0,36270,1623568541,1048,0,0,780,7776,0,0,0
-4,r8937440-n43543,0,36280,1623568551,1048,0,0,780,7776,0,0,0
-4,r8937440-n43543,0,36290,1623568561,1048,0,0,780,7776,0,0,0
-4,r8937440-n43543,0,36300,1623568571,1048,0,0,780,7776,0,0,0
-4,r8937440-n43543,0,36310,1623568581,1048,0,0,780,7776,0,0,0
-4,r8937440-n43543,0,36320,1623568591,1048,0,0,780,7776,0,0,0
-4,r8937440-n43543,0,36330,1623568601,1048,0,0,780,7776,0,0,0
-4,r8937440-n43543,0,36340,1623568611,1048,0,0,780,7776,0,0,0
-4,r8937440-n43543,0,36350,1623568621,1048,0,0,780,7776,0,0,0
-4,r8937440-n43543,0,36360,1623568631,1048,0,0,780,7776,0,0,0
-4,r8937440-n43543,0,36370,1623568641,1048,0,0,780,7776,0,0,0
-4,r8937440-n43543,0,36380,1623568651,1048,0,0,780,7776,0,0,0
-4,r8937440-n43543,0,36390,1623568661,1048,0,0,780,7776,0,0,0
-4,r8937440-n43543,0,36400,1623568671,1048,0,0,780,7776,0,0,0
-4,r8937440-n43543,0,36410,1623568681,1048,0,0,780,7776,0,0,0
-4,r8937440-n43543,0,36420,1623568691,1048,0,0,780,7776,0,0,0
-4,r8937440-n43543,0,36430,1623568701,1048,0,0,780,7776,0,0,0
-4,r8937440-n43543,0,36440,1623568711,1048,0,0,780,7776,0,0,0
-4,r8937440-n43543,0,36450,1623568721,1048,0,0,780,7776,0,0,0
-4,r8937440-n43543,0,36460,1623568731,1048,0,0,780,7776,0,0,0
-4,r8937440-n43543,0,36470,1623568741,1048,0,0,780,7776,0,0,0
-4,r8937440-n43543,0,36480,1623568751,1048,0,0,780,7776,0,0,0
-4,r8937440-n43543,0,36490,1623568761,1048,0,0,780,7776,0,0,0
-4,r8937440-n43543,0,36500,1623568771,1048,0,0,780,7776,0,0,0
-4,r8937440-n43543,0,36510,1623568781,1048,0,0,780,7776,0,0,0
-4,r8937440-n43543,0,36520,1623568791,1048,0,0,780,7776,0,0,0
-4,r8937440-n43543,0,36530,1623568801,1048,0,0,780,7776,0,0,0
-4,r8937440-n43543,0,36540,1623568811,1048,0,0,780,7776,0,0,0
-4,r8937440-n43543,0,36550,1623568821,1048,0,0,780,7776,0,0,0
-4,r8937440-n43543,0,36560,1623568831,1048,0,0,780,7776,0,0,0
-4,r8937440-n43543,0,36570,1623568841,1048,0,0,780,7776,0,0,0
-4,r8937440-n43543,0,36580,1623568851,1048,0,0,780,7776,0,0,0
-4,r8937440-n43543,0,36590,1623568861,1048,0,0,780,7776,0,0,0
-4,r8937440-n43543,0,36600,1623568871,1048,0,0,780,7776,0,0,0
-4,r8937440-n43543,0,36610,1623568881,1048,0,0,780,7776,0,0,0
-4,r8937440-n43543,0,36620,1623568891,1048,0,0,780,7776,0,0,0
-4,r8937440-n43543,0,36630,1623568901,1048,0,0,780,7776,0,0,0
-4,r8937440-n43543,0,36640,1623568911,1048,0,0,780,7776,0,0,0
-4,r8937440-n43543,0,36650,1623568921,1048,0,0,780,7776,0,0,0
-4,r8937440-n43543,0,36660,1623568931,1048,0,0,780,7776,0,0,0
-4,r8937440-n43543,0,36670,1623568941,1048,0,0,780,7776,0,0,0
-4,r8937440-n43543,0,36680,1623568951,1048,0,0,780,7776,0,0,0
-4,r8937440-n43543,0,36690,1623568961,1048,0,0,780,7776,0,0,0
-4,r8937440-n43543,0,36700,1623568971,1048,0,0,780,7776,0,0,0
-4,r8937440-n43543,0,36710,1623568981,1048,0,0,780,7776,0,0,0
-4,r8937440-n43543,0,36720,1623568991,1048,0,0,780,7776,0,0,0
-4,r8937440-n43543,0,36730,1623569001,1048,0,0,780,7776,0,0,0
-4,r8937440-n43543,0,36740,1623569011,1048,0,0,780,7776,0,0,0
-4,r8937440-n43543,0,36750,1623569021,1048,0,0,780,7776,0,0,0
-4,r8937440-n43543,0,36760,1623569031,1048,0,0,780,7776,0,0,0
-4,r8937440-n43543,0,36770,1623569041,1048,0,0,780,7776,0,0,0
-4,r8937440-n43543,0,36780,1623569051,1048,0,0,780,7776,0,0,0
-4,r8937440-n43543,0,36790,1623569061,1048,0,0,780,7776,0,0,0
-4,r8937440-n43543,0,36800,1623569071,1048,0,0,780,7776,0,0,0
-4,r8937440-n43543,0,36810,1623569081,1048,0,0,780,7776,0,0,0
-4,r8937440-n43543,0,36820,1623569091,1048,0,0,780,7776,0,0,0
-4,r8937440-n43543,0,36830,1623569101,1048,0,0,780,7776,0,0,0
-4,r8937440-n43543,0,36840,1623569111,1048,0,0,780,7776,0,0,0
-4,r8937440-n43543,0,36850,1623569121,1048,0,0,780,7776,0,0,0
-4,r8937440-n43543,0,36860,1623569131,1048,0,0,780,7776,0,0,0
-4,r8937440-n43543,0,36870,1623569141,1048,0,0,780,7776,0,0,0
-4,r8937440-n43543,0,36880,1623569151,1048,0,0,780,7776,0,0,0
-4,r8937440-n43543,0,36890,1623569161,1048,0,0,780,7776,0,0,0
-4,r8937440-n43543,0,36900,1623569171,1048,0,0,780,7776,0,0,0
-4,r8937440-n43543,0,36910,1623569181,1048,0,0,780,7776,0,0,0
-4,r8937440-n43543,0,36920,1623569191,1048,0,0,780,7776,0,0,0
-4,r8937440-n43543,0,36930,1623569201,1048,0,0,780,7776,0,0,0
-4,r8937440-n43543,0,36940,1623569211,1048,0,0,780,7776,0,0,0
-4,r8937440-n43543,0,36950,1623569221,1048,0,0,780,7776,0,0,0
-4,r8937440-n43543,0,36960,1623569231,1048,0,0,780,7776,0,0,0
-4,r8937440-n43543,0,36970,1623569241,1048,0,0,780,7776,0,0,0
-4,r8937440-n43543,0,36980,1623569251,1048,0,0,780,7776,0,0,0
-4,r8937440-n43543,0,36990,1623569261,1048,0,0,780,7776,0,0,0
-4,r8937440-n43543,0,37000,1623569271,1048,0,0,780,7776,0,0,0
-4,r8937440-n43543,0,37010,1623569281,1048,0,0,780,7776,0,0,0
-4,r8937440-n43543,0,37020,1623569291,1048,0,0,780,7776,0,0,0
-4,r8937440-n43543,0,37030,1623569301,1048,0,0,780,7776,0,0,0
-4,r8937440-n43543,0,37040,1623569311,1048,0,0,780,7776,0,0,0
-4,r8937440-n43543,0,37050,1623569321,1048,0,0,780,7776,0,0,0
-4,r8937440-n43543,0,37060,1623569331,1048,0,0,780,7776,0,0,0
-4,r8937440-n43543,0,37070,1623569341,1048,0,0,780,7776,0,0,0
-4,r8937440-n43543,0,37080,1623569351,1048,0,0,780,7776,0,0,0
-4,r8937440-n43543,0,37090,1623569361,1048,0,0,780,7776,0,0,0
-4,r8937440-n43543,0,37100,1623569371,1048,0,0,780,7776,0,0,0
-4,r8937440-n43543,0,37110,1623569381,1048,0,0,780,7776,0,0,0
-4,r8937440-n43543,0,37120,1623569391,1048,0,0,780,7776,0,0,0
-4,r8937440-n43543,0,37130,1623569401,1048,0,0,780,7776,0,0,0
-4,r8937440-n43543,0,37140,1623569411,1048,0,0,780,7776,0,0,0
-4,r8937440-n43543,0,37150,1623569421,1048,0,0,780,7776,0,0,0
-4,r8937440-n43543,0,37160,1623569431,1048,0,0,780,7776,0,0,0
-4,r8937440-n43543,0,37170,1623569441,1048,0,0,780,7776,0,0,0
-4,r8937440-n43543,0,37180,1623569451,1048,0,0,780,7776,0,0,0
-4,r8937440-n43543,0,37190,1623569461,1048,0,0,780,7776,0,0,0
-4,r8937440-n43543,0,37200,1623569471,1048,0,0,780,7776,0,0,0
-4,r8937440-n43543,0,37210,1623569481,1048,0,0,780,7776,0,0,0
-4,r8937440-n43543,0,37220,1623569491,1048,0,0,780,7776,0,0,0
-4,r8937440-n43543,0,37230,1623569501,1048,0,0,780,7776,0,0,0
-4,r8937440-n43543,0,37240,1623569511,1048,0,0,780,7776,0,0,0
-4,r8937440-n43543,0,37250,1623569521,1048,0,0,780,7776,0,0,0
-4,r8937440-n43543,0,37260,1623569531,1048,0,0,780,7776,0,0,0
-4,r8937440-n43543,0,37270,1623569541,1048,0,0,780,7776,0,0,0
-4,r8937440-n43543,0,37280,1623569551,1048,0,0,780,7776,0,0,0
-4,r8937440-n43543,0,37290,1623569561,1048,0,0,780,7776,0,0,0
-4,r8937440-n43543,0,37300,1623569571,1048,0,0,780,7776,0,0,0
-4,r8937440-n43543,0,37310,1623569581,1048,0,0,780,7776,0,0,0
-4,r8937440-n43543,0,37320,1623569591,1048,0,0,780,7776,0,0,0
-4,r8937440-n43543,0,37330,1623569601,1048,0,0,780,7776,0,0,0
-4,r8937440-n43543,0,37340,1623569611,1048,0,0,780,7776,0,0,0
-4,r8937440-n43543,0,37350,1623569621,1048,0,0,780,7776,0,0,0
-4,r8937440-n43543,0,37360,1623569631,1048,0,0,780,7776,0,0,0
-4,r8937440-n43543,0,37370,1623569641,1048,0,0,780,7776,0,0,0
-4,r8937440-n43543,0,37380,1623569651,1048,0,0,780,7776,0,0,0
-4,r8937440-n43543,0,37390,1623569661,1048,0,0,780,7776,0,0,0
-4,r8937440-n43543,0,37400,1623569671,1048,0,0,780,7776,0,0,0
-4,r8937440-n43543,0,37410,1623569681,1048,0,0,780,7776,0,0,0
-4,r8937440-n43543,0,37420,1623569691,1048,0,0,780,7776,0,0,0
-4,r8937440-n43543,0,37430,1623569701,1048,0,0,780,7776,0,0,0
-4,r8937440-n43543,0,37440,1623569711,1048,0,0,780,7776,0,0,0
-4,r8937440-n43543,0,37450,1623569721,1048,0,0,780,7776,0,0,0
-4,r8937440-n43543,0,37460,1623569731,1048,0,0,780,7776,0,0,0
-4,r8937440-n43543,0,37470,1623569741,1048,0,0,780,7776,0,0,0
-4,r8937440-n43543,0,37480,1623569751,1048,0,0,780,7776,0,0,0
-4,r8937440-n43543,0,37490,1623569761,1048,0,0,780,7776,0,0,0
-4,r8937440-n43543,0,37500,1623569771,1048,0,0,780,7776,0,0,0
-4,r8937440-n43543,0,37510,1623569781,1048,0,0,780,7776,0,0,0
-4,r8937440-n43543,0,37520,1623569791,1048,0,0,780,7776,0,0,0
-4,r8937440-n43543,0,37530,1623569801,1048,0,0,780,7776,0,0,0
-4,r8937440-n43543,0,37540,1623569811,1048,0,0,780,7776,0,0,0
-4,r8937440-n43543,0,37550,1623569821,1048,0,0,780,7776,0,0,0
-4,r8937440-n43543,0,37560,1623569831,1048,0,0,780,7776,0,0,0
-4,r8937440-n43543,0,37570,1623569841,1048,0,0,780,7776,0,0,0
-4,r8937440-n43543,0,37580,1623569851,1048,0,0,780,7776,0,0,0
-4,r8937440-n43543,0,37590,1623569861,1048,0,0,780,7776,0,0,0
-4,r8937440-n43543,0,37600,1623569871,1048,0,0,780,7776,0,0,0
-4,r8937440-n43543,0,37610,1623569881,1048,0,0,780,7776,0,0,0
-4,r8937440-n43543,0,37620,1623569891,1048,0,0,780,7776,0,0,0
-4,r8937440-n43543,0,37630,1623569901,1048,0,0,780,7776,0,0,0
-4,r8937440-n43543,0,37640,1623569911,1048,0,0,780,7776,0,0,0
-4,r8937440-n43543,0,37650,1623569921,1048,0,0,780,7776,0,0,0
-4,r8937440-n43543,0,37660,1623569931,1048,0,0,780,7776,0,0,0
-4,r8937440-n43543,0,37670,1623569941,1048,0,0,780,7776,0,0,0
-4,r8937440-n43543,0,37680,1623569951,1048,0,0,780,7776,0,0,0
-4,r8937440-n43543,0,37690,1623569961,1048,0,0,780,7776,0,0,0
-4,r8937440-n43543,0,37700,1623569971,1048,0,0,780,7776,0,0,0
-4,r8937440-n43543,0,37710,1623569981,1048,0,0,780,7776,0,0,0
-4,r8937440-n43543,0,37720,1623569991,1048,0,0,780,7776,0,0,0
-4,r8937440-n43543,0,37730,1623570001,1048,0,0,780,7776,0,0,0
-4,r8937440-n43543,0,37740,1623570011,1048,0,0,780,7776,0,0,0
-4,r8937440-n43543,0,37750,1623570021,1048,0,0,780,7776,0,0,0
-4,r8937440-n43543,0,37760,1623570031,1048,0,0,780,7776,0,0,0
-4,r8937440-n43543,0,37770,1623570041,1048,0,0,780,7776,0,0,0
-4,r8937440-n43543,0,37780,1623570051,1048,0,0,780,7776,0,0,0
-4,r8937440-n43543,0,37790,1623570061,1048,0,0,780,7776,0,0,0
-4,r8937440-n43543,0,37800,1623570071,1048,0,0,780,7776,0,0,0
-4,r8937440-n43543,0,37810,1623570081,1048,0,0,780,7776,0,0,0
-4,r8937440-n43543,0,37820,1623570091,1048,0,0,780,7776,0,0,0
-4,r8937440-n43543,0,37830,1623570101,1048,0,0,780,7776,0,0,0
-4,r8937440-n43543,0,37840,1623570111,1048,0,0,780,7776,0,0,0
-4,r8937440-n43543,0,37850,1623570121,1048,0,0,780,7776,0,0,0
-4,r8937440-n43543,0,37860,1623570131,1048,0,0,780,7776,0,0,0
-4,r8937440-n43543,0,37870,1623570141,1048,0,0,780,7776,0,0,0
-4,r8937440-n43543,0,37880,1623570151,1048,0,0,780,7776,0,0,0
-4,r8937440-n43543,0,37890,1623570161,1048,0,0,780,7776,0,0,0
-4,r8937440-n43543,0,37900,1623570171,1048,0,0,780,7776,0,0,0
-4,r8937440-n43543,0,37910,1623570181,1048,0,0,780,7776,0,0,0
-4,r8937440-n43543,0,37920,1623570191,1048,0,0,780,7776,0,0,0
-4,r8937440-n43543,0,37930,1623570201,1048,0,0,780,7776,0,0,0
-4,r8937440-n43543,0,37940,1623570211,1048,0,0,780,7776,0,0,0
-4,r8937440-n43543,0,37950,1623570221,1048,0,0,780,7776,0,0,0
-4,r8937440-n43543,0,37960,1623570231,1048,0,0,780,7776,0,0,0
-4,r8937440-n43543,0,37970,1623570241,1048,0,0,780,7776,0,0,0
-4,r8937440-n43543,0,37980,1623570251,1048,0,0,780,7776,0,0,0
-4,r8937440-n43543,0,37990,1623570261,1048,0,0,780,7776,0,0,0
-4,r8937440-n43543,0,38000,1623570271,1048,0,0,780,7776,0,0,0
-4,r8937440-n43543,0,38010,1623570281,1048,0,0,780,7776,0,0,0
-4,r8937440-n43543,0,38020,1623570291,1048,0,0,780,7776,0,0,0
-4,r8937440-n43543,0,38030,1623570301,1048,0,0,780,7776,0,0,0
-4,r8937440-n43543,0,38040,1623570311,1048,0,0,780,7776,0,0,0
-4,r8937440-n43543,0,38050,1623570321,1048,0,0,780,7776,0,0,0
-4,r8937440-n43543,0,38060,1623570331,1048,0,0,780,7776,0,0,0
-4,r8937440-n43543,0,38070,1623570341,1048,0,0,780,7776,0,0,0
-4,r8937440-n43543,0,38080,1623570351,1048,0,0,780,7776,0,0,0
-4,r8937440-n43543,0,38090,1623570361,1048,0,0,780,7776,0,0,0
-4,r8937440-n43543,0,38100,1623570371,1048,0,0,780,7776,0,0,0
-4,r8937440-n43543,0,38110,1623570381,1048,0,0,780,7776,0,0,0
-4,r8937440-n43543,0,38120,1623570391,1048,0,0,780,7776,0,0,0
-4,r8937440-n43543,0,38130,1623570401,1048,0,0,780,7776,0,0,0
-4,r8937440-n43543,0,38140,1623570411,1048,0,0,780,7776,0,0,0
-4,r8937440-n43543,0,38150,1623570421,1048,0,0,780,7776,0,0,0
-4,r8937440-n43543,0,38160,1623570431,1048,0,0,780,7776,0,0,0
-4,r8937440-n43543,0,38170,1623570441,1048,0,0,780,7776,0,0,0
-4,r8937440-n43543,0,38180,1623570451,1048,0,0,780,7776,0,0,0
-4,r8937440-n43543,0,38190,1623570461,1048,0,0,780,7776,0,0,0
-4,r8937440-n43543,0,38200,1623570471,1048,0,0,780,7776,0,0,0
-4,r8937440-n43543,0,38210,1623570481,1048,0,0,780,7776,0,0,0
-4,r8937440-n43543,0,38220,1623570491,1048,0,0,780,7776,0,0,0
-4,r8937440-n43543,0,38230,1623570501,1048,0,0,780,7776,0,0,0
-4,r8937440-n43543,0,38240,1623570511,1048,0,0,780,7776,0,0,0
-4,r8937440-n43543,0,38250,1623570521,1048,0,0,780,7776,0,0,0
-4,r8937440-n43543,0,38260,1623570531,1048,0,0,780,7776,0,0,0
-4,r8937440-n43543,0,38270,1623570541,1048,0,0,780,7776,0,0,0
-4,r8937440-n43543,0,38280,1623570551,1048,0,0,780,7776,0,0,0
-4,r8937440-n43543,0,38290,1623570561,1048,0,0,780,7776,0,0,0
-4,r8937440-n43543,0,38300,1623570571,1048,0,0,780,7776,0,0,0
-4,r8937440-n43543,0,38310,1623570581,1048,0,0,780,7776,0,0,0
-4,r8937440-n43543,0,38320,1623570591,1048,0,0,780,7776,0,0,0
-4,r8937440-n43543,0,38330,1623570601,1048,0,0,780,7776,0,0,0
-4,r8937440-n43543,0,38340,1623570611,1048,0,0,780,7776,0,0,0
-4,r8937440-n43543,0,38350,1623570621,1048,0,0,780,7776,0,0,0
-4,r8937440-n43543,0,38360,1623570631,1048,0,0,780,7776,0,0,0
-4,r8937440-n43543,0,38370,1623570641,1048,0,0,780,7776,0,0,0
-4,r8937440-n43543,0,38380,1623570651,1048,0,0,780,7776,0,0,0
-4,r8937440-n43543,0,38390,1623570661,1048,0,0,780,7776,0,0,0
-4,r8937440-n43543,0,38400,1623570671,1048,0,0,780,7776,0,0,0
-4,r8937440-n43543,0,38410,1623570681,1048,0,0,780,7776,0,0,0
-4,r8937440-n43543,0,38420,1623570691,1048,0,0,780,7776,0,0,0
-4,r8937440-n43543,0,38430,1623570701,1048,0,0,780,7776,0,0,0
-4,r8937440-n43543,0,38440,1623570711,1048,0,0,780,7776,0,0,0
-4,r8937440-n43543,0,38450,1623570721,1048,0,0,780,7776,0,0,0
-4,r8937440-n43543,0,38460,1623570731,1048,0,0,780,7776,0,0,0
-4,r8937440-n43543,0,38470,1623570741,1048,0,0,780,7776,0,0,0
-4,r8937440-n43543,0,38480,1623570751,1048,0,0,780,7776,0,0,0
-4,r8937440-n43543,0,38490,1623570761,1048,0,0,780,7776,0,0,0
-4,r8937440-n43543,0,38500,1623570771,1048,0,0,780,7776,0,0,0
-4,r8937440-n43543,0,38510,1623570781,1048,0,0,780,7776,0,0,0
-4,r8937440-n43543,0,38520,1623570791,1048,0,0,780,7776,0,0,0
-4,r8937440-n43543,0,38530,1623570801,1048,0,0,780,7776,0,0,0
-4,r8937440-n43543,0,38540,1623570811,1048,0,0,780,7776,0,0,0
-4,r8937440-n43543,0,38550,1623570821,1048,0,0,780,7776,0,0,0
-4,r8937440-n43543,0,38560,1623570831,1048,0,0,780,7776,0,0,0
-4,r8937440-n43543,0,38570,1623570841,1048,0,0,780,7776,0,0,0
-4,r8937440-n43543,0,38580,1623570851,1048,0,0,780,7776,0,0,0
-4,r8937440-n43543,0,38590,1623570861,1048,0,0,780,7776,0,0,0
-4,r8937440-n43543,0,38600,1623570871,1048,0,0,780,7776,0,0,0
-4,r8937440-n43543,0,38610,1623570881,1048,0,0,780,7776,0,0,0
-4,r8937440-n43543,0,38620,1623570891,1048,0,0,780,7776,0,0,0
-4,r8937440-n43543,0,38630,1623570901,1048,0,0,780,7776,0,0,0
-4,r8937440-n43543,0,38640,1623570911,1048,0,0,780,7776,0,0,0
-4,r8937440-n43543,0,38650,1623570921,1048,0,0,780,7776,0,0,0
-4,r8937440-n43543,0,38660,1623570931,1048,0,0,780,7776,0,0,0
-4,r8937440-n43543,0,38670,1623570941,1048,0,0,780,7776,0,0,0
-4,r8937440-n43543,0,38680,1623570951,1048,0,0,780,7776,0,0,0
-4,r8937440-n43543,0,38690,1623570961,1048,0,0,780,7776,0,0,0
-4,r8937440-n43543,0,38700,1623570971,1048,0,0,780,7776,0,0,0
-4,r8937440-n43543,0,38710,1623570981,1048,0,0,780,7776,0,0,0
-4,r8937440-n43543,0,38720,1623570991,1048,0,0,780,7776,0,0,0
-4,r8937440-n43543,0,38730,1623571001,1048,0,0,780,7776,0,0,0
-4,r8937440-n43543,0,38740,1623571011,1048,0,0,780,7776,0,0,0
-4,r8937440-n43543,0,38750,1623571021,1048,0,0,780,7776,0,0,0
-4,r8937440-n43543,0,38760,1623571031,1048,0,0,780,7776,0,0,0
-4,r8937440-n43543,0,38770,1623571041,1048,0,0,780,7776,0,0,0
-4,r8937440-n43543,0,38780,1623571051,1048,0,0,780,7776,0,0,0
-4,r8937440-n43543,0,38790,1623571061,1048,0,0,780,7776,0,0,0
-4,r8937440-n43543,0,38800,1623571071,1048,0,0,780,7776,0,0,0
-4,r8937440-n43543,0,38810,1623571081,1048,0,0,780,7776,0,0,0
-4,r8937440-n43543,0,38820,1623571091,1048,0,0,780,7776,0,0,0
-4,r8937440-n43543,0,38830,1623571101,1048,0,0,780,7776,0,0,0
-4,r8937440-n43543,0,38840,1623571111,1048,0,0,780,7776,0,0,0
-4,r8937440-n43543,0,38850,1623571121,1048,0,0,780,7776,0,0,0
-4,r8937440-n43543,0,38860,1623571131,1048,0,0,780,7776,0,0,0
-4,r8937440-n43543,0,38870,1623571141,1048,0,0,780,7776,0,0,0
-4,r8937440-n43543,0,38880,1623571151,1048,0,0,780,7776,0,0,0
-4,r8937440-n43543,0,38890,1623571161,1048,0,0,780,7776,0,0,0
-4,r8937440-n43543,0,38900,1623571171,1048,0,0,780,7776,0,0,0
-4,r8937440-n43543,0,38910,1623571181,1048,0,0,780,7776,0,0,0
-4,r8937440-n43543,0,38920,1623571191,1048,0,0,780,7776,0,0,0
-4,r8937440-n43543,0,38930,1623571201,1048,0,0,780,7776,0,0,0
-4,r8937440-n43543,0,38940,1623571211,1048,0,0,780,7776,0,0,0
-4,r8937440-n43543,0,38950,1623571221,1048,0,0,780,7776,0,0,0
-4,r8937440-n43543,0,38960,1623571231,1048,0,0,780,7776,0,0,0
-4,r8937440-n43543,0,38970,1623571241,1048,0,0,780,7776,0,0,0
-4,r8937440-n43543,0,38980,1623571251,1048,0,0,780,7776,0,0,0
-4,r8937440-n43543,0,38990,1623571261,1048,0,0,780,7776,0,0,0
-4,r8937440-n43543,0,39000,1623571271,1048,0,0,780,7776,0,0,0
-4,r8937440-n43543,0,39010,1623571281,1048,0,0,780,7776,0,0,0
-4,r8937440-n43543,0,39020,1623571291,1048,0,0,780,7776,0,0,0
-4,r8937440-n43543,0,39030,1623571301,1048,0,0,780,7776,0,0,0
-4,r8937440-n43543,0,39040,1623571311,1048,0,0,780,7776,0,0,0
-4,r8937440-n43543,0,39050,1623571321,1048,0,0,780,7776,0,0,0
-4,r8937440-n43543,0,39060,1623571331,1048,0,0,780,7776,0,0,0
-4,r8937440-n43543,0,39070,1623571341,1048,0,0,780,7776,0,0,0
-4,r8937440-n43543,0,39080,1623571351,1048,0,0,780,7776,0,0,0
-4,r8937440-n43543,0,39090,1623571361,1048,0,0,780,7776,0,0,0
-4,r8937440-n43543,0,39100,1623571371,1048,0,0,780,7776,0,0,0
-4,r8937440-n43543,0,39110,1623571381,1048,0,0,780,7776,0,0,0
-4,r8937440-n43543,0,39120,1623571391,1048,0,0,780,7776,0,0,0
-4,r8937440-n43543,0,39130,1623571401,1048,0,0,780,7776,0,0,0
-4,r8937440-n43543,0,39140,1623571411,1048,0,0,780,7776,0,0,0
-4,r8937440-n43543,0,39150,1623571421,1048,0,0,780,7776,0,0,0
-4,r8937440-n43543,0,39160,1623571431,1048,0,0,780,7776,0,0,0
-4,r8937440-n43543,0,39170,1623571441,1048,0,0,780,7776,0,0,0
-4,r8937440-n43543,0,39180,1623571451,1048,0,0,780,7776,0,0,0
-4,r8937440-n43543,0,39190,1623571461,1048,0,0,780,7776,0,0,0
-4,r8937440-n43543,0,39200,1623571471,1048,0,0,780,7776,0,0,0
-4,r8937440-n43543,0,39210,1623571481,1048,0,0,780,7776,0,0,0
-4,r8937440-n43543,0,39220,1623571491,1048,0,0,780,7776,0,0,0
-4,r8937440-n43543,0,39230,1623571501,1048,0,0,780,7776,0,0,0
-4,r8937440-n43543,0,39240,1623571511,1048,0,0,780,7776,0,0,0
-4,r8937440-n43543,0,39250,1623571521,1048,0,0,780,7776,0,0,0
-4,r8937440-n43543,0,39260,1623571531,1048,0,0,780,7776,0,0,0
-4,r8937440-n43543,0,39270,1623571541,1048,0,0,780,7776,0,0,0
-4,r8937440-n43543,0,39280,1623571551,1048,0,0,780,7776,0,0,0
-4,r8937440-n43543,0,39290,1623571561,1048,0,0,780,7776,0,0,0
-4,r8937440-n43543,0,39300,1623571571,1048,0,0,780,7776,0,0,0
-4,r8937440-n43543,0,39310,1623571581,1048,0,0,780,7776,0,0,0
-4,r8937440-n43543,0,39320,1623571591,1048,0,0,780,7776,0,0,0
-4,r8937440-n43543,0,39330,1623571601,1048,0,0,780,7776,0,0,0
-4,r8937440-n43543,0,39340,1623571611,1048,0,0,780,7776,0,0,0
-4,r8937440-n43543,0,39350,1623571621,1048,0,0,780,7776,0,0,0
-4,r8937440-n43543,0,39360,1623571631,1048,0,0,780,7776,0,0,0
-4,r8937440-n43543,0,39370,1623571641,1048,0,0,780,7776,0,0,0
-4,r8937440-n43543,0,39380,1623571651,1048,0,0,780,7776,0,0,0
-4,r8937440-n43543,0,39390,1623571661,1048,0,0,780,7776,0,0,0
-4,r8937440-n43543,0,39400,1623571671,1048,0,0,780,7776,0,0,0
-4,r8937440-n43543,0,39410,1623571681,1048,0,0,780,7776,0,0,0
-4,r8937440-n43543,0,39420,1623571691,1048,0,0,780,7776,0,0,0
-4,r8937440-n43543,0,39430,1623571701,1048,0,0,780,7776,0,0,0
-4,r8937440-n43543,0,39440,1623571711,1048,0,0,780,7776,0,0,0
-4,r8937440-n43543,0,39450,1623571721,1048,0,0,780,7776,0,0,0
-4,r8937440-n43543,0,39460,1623571731,1048,0,0,780,7776,0,0,0
-4,r8937440-n43543,0,39470,1623571741,1048,0,0,780,7776,0,0,0
-4,r8937440-n43543,0,39480,1623571751,1048,0,0,780,7776,0,0,0
-4,r8937440-n43543,0,39490,1623571761,1048,0,0,780,7776,0,0,0
-4,r8937440-n43543,0,39500,1623571771,1048,0,0,780,7776,0,0,0
-4,r8937440-n43543,0,39510,1623571781,1048,0,0,780,7776,0,0,0
-4,r8937440-n43543,0,39520,1623571791,1048,0,0,780,7776,0,0,0
-4,r8937440-n43543,0,39530,1623571801,1048,0,0,780,7776,0,0,0
-4,r8937440-n43543,0,39540,1623571811,1048,0,0,780,7776,0,0,0
-4,r8937440-n43543,0,39550,1623571821,1048,0,0,780,7776,0,0,0
-4,r8937440-n43543,0,39560,1623571831,1048,0,0,780,7776,0,0,0
-4,r8937440-n43543,0,39570,1623571841,1048,0,0,780,7776,0,0,0
-4,r8937440-n43543,0,39580,1623571851,1048,0,0,780,7776,0,0,0
-4,r8937440-n43543,0,39590,1623571861,1048,0,0,780,7776,0,0,0
-4,r8937440-n43543,0,39600,1623571871,1048,0,0,780,7776,0,0,0
-4,r8937440-n43543,0,39610,1623571881,1048,0,0,780,7776,0,0,0
-4,r8937440-n43543,0,39620,1623571891,1048,0,0,780,7776,0,0,0
-4,r8937440-n43543,0,39630,1623571901,1048,0,0,780,7776,0,0,0
-4,r8937440-n43543,0,39640,1623571911,1048,0,0,780,7776,0,0,0
-4,r8937440-n43543,0,39650,1623571921,1048,0,0,780,7776,0,0,0
-4,r8937440-n43543,0,39660,1623571931,1048,0,0,780,7776,0,0,0
-4,r8937440-n43543,0,39670,1623571941,1048,0,0,780,7776,0,0,0
-4,r8937440-n43543,0,39680,1623571951,1048,0,0,780,7776,0,0,0
-4,r8937440-n43543,0,39690,1623571961,1048,0,0,780,7776,0,0,0
-4,r8937440-n43543,0,39700,1623571971,1048,0,0,780,7776,0,0,0
-4,r8937440-n43543,0,39710,1623571981,1048,0,0,780,7776,0,0,0
-4,r8937440-n43543,0,39720,1623571991,1048,0,0,780,7776,0,0,0
-4,r8937440-n43543,0,39730,1623572001,1048,0,0,780,7776,0,0,0
-4,r8937440-n43543,0,39740,1623572011,1048,0,0,780,7776,0,0,0
-4,r8937440-n43543,0,39750,1623572021,1048,0,0,780,7776,0,0,0
-4,r8937440-n43543,0,39760,1623572031,1048,0,0,780,7776,0,0,0
-4,r8937440-n43543,0,39770,1623572041,1048,0,0,780,7776,0,0,0
-4,r8937440-n43543,0,39780,1623572051,1048,0,0,780,7776,0,0,0
-4,r8937440-n43543,0,39790,1623572061,1048,0,0,780,7776,0,0,0
-4,r8937440-n43543,0,39800,1623572071,1048,0,0,780,7776,0,0,0
-4,r8937440-n43543,0,39810,1623572081,1048,0,0,780,7776,0,0,0
-4,r8937440-n43543,0,39820,1623572091,1048,0,0,780,7776,0,0,0
-4,r8937440-n43543,0,39830,1623572101,1048,0,0,780,7776,0,0,0
-4,r8937440-n43543,0,39840,1623572111,1048,0,0,780,7776,0,0,0
-4,r8937440-n43543,0,39850,1623572121,1048,0,0,780,7776,0,0,0
-4,r8937440-n43543,0,39860,1623572131,1048,0,0,780,7776,0,0,0
-4,r8937440-n43543,0,39870,1623572141,1048,0,0,780,7776,0,0,0
-4,r8937440-n43543,0,39880,1623572151,1048,0,0,780,7776,0,0,0
-4,r8937440-n43543,0,39890,1623572161,1048,0,0,780,7776,0,0,0
-4,r8937440-n43543,0,39900,1623572171,1048,0,0,780,7776,0,0,0
-4,r8937440-n43543,0,39910,1623572181,1048,0,0,780,7776,0,0,0
-4,r8937440-n43543,0,39920,1623572191,1048,0,0,780,7776,0,0,0
-4,r8937440-n43543,0,39930,1623572201,1048,0,0,780,7776,0,0,0
-4,r8937440-n43543,0,39940,1623572211,1048,0,0,780,7776,0,0,0
-4,r8937440-n43543,0,39950,1623572221,1048,0,0,780,7776,0,0,0
-4,r8937440-n43543,0,39960,1623572231,1048,0,0,780,7776,0,0,0
-4,r8937440-n43543,0,39970,1623572241,1048,0,0,780,7776,0,0,0
-4,r8937440-n43543,0,39980,1623572251,1048,0,0,780,7776,0,0,0
-4,r8937440-n43543,0,39990,1623572261,1048,0,0,780,7776,0,0,0
-4,r8937440-n43543,0,40000,1623572271,1048,0,0,780,7776,0,0,0
-4,r8937440-n43543,0,40010,1623572281,1048,0,0,780,7776,0,0,0
-4,r8937440-n43543,0,40020,1623572291,1048,0,0,780,7776,0,0,0
-4,r8937440-n43543,0,40030,1623572301,1048,0,0,780,7776,0,0,0
-4,r8937440-n43543,0,40040,1623572311,1048,0,0,780,7776,0,0,0
-4,r8937440-n43543,0,40050,1623572321,1048,0,0,780,7776,0,0,0
-4,r8937440-n43543,0,40060,1623572331,1048,0,0,780,7776,0,0,0
-4,r8937440-n43543,0,40070,1623572341,1048,0,0,780,7776,0,0,0
-4,r8937440-n43543,0,40080,1623572351,1048,0,0,780,7776,0,0,0
-4,r8937440-n43543,0,40090,1623572361,1048,0,0,780,7776,0,0,0
-4,r8937440-n43543,0,40100,1623572371,1048,0,0,780,7776,0,0,0
-4,r8937440-n43543,0,40110,1623572381,1048,0,0,780,7776,0,0,0
-4,r8937440-n43543,0,40120,1623572391,1048,0,0,780,7776,0,0,0
-4,r8937440-n43543,0,40130,1623572401,1048,0,0,780,7776,0,0,0
-4,r8937440-n43543,0,40140,1623572411,1048,0,0,780,7776,0,0,0
-4,r8937440-n43543,0,40150,1623572421,1048,0,0,780,7776,0,0,0
-4,r8937440-n43543,0,40160,1623572431,1048,0,0,780,7776,0,0,0
-4,r8937440-n43543,0,40170,1623572441,1048,0,0,780,7776,0,0,0
-4,r8937440-n43543,0,40180,1623572451,1048,0,0,780,7776,0,0,0
-4,r8937440-n43543,0,40190,1623572461,1048,0,0,780,7776,0,0,0
-4,r8937440-n43543,0,40200,1623572471,1048,0,0,780,7776,0,0,0
-4,r8937440-n43543,0,40210,1623572481,1048,0,0,780,7776,0,0,0
-4,r8937440-n43543,0,40220,1623572491,1048,0,0,780,7776,0,0,0
-4,r8937440-n43543,0,40230,1623572501,1048,0,0,780,7776,0,0,0
-4,r8937440-n43543,0,40240,1623572511,1048,0,0,780,7776,0,0,0
-4,r8937440-n43543,0,40250,1623572521,1048,0,0,780,7776,0,0,0
-4,r8937440-n43543,0,40260,1623572531,1048,0,0,780,7776,0,0,0
-4,r8937440-n43543,0,40270,1623572541,1048,0,0,780,7776,0,0,0
-4,r8937440-n43543,0,40280,1623572551,1048,0,0,780,7776,0,0,0
-4,r8937440-n43543,0,40290,1623572561,1048,0,0,780,7776,0,0,0
-4,r8937440-n43543,0,40300,1623572571,1048,0,0,780,7776,0,0,0
-4,r8937440-n43543,0,40310,1623572581,1048,0,0,780,7776,0,0,0
-4,r8937440-n43543,0,40320,1623572591,1048,0,0,780,7776,0,0,0
-4,r8937440-n43543,0,40330,1623572601,1048,0,0,780,7776,0,0,0
-4,r8937440-n43543,0,40340,1623572611,1048,0,0,780,7776,0,0,0
-4,r8937440-n43543,0,40350,1623572621,1048,0,0,780,7776,0,0,0
-4,r8937440-n43543,0,40360,1623572631,1048,0,0,780,7776,0,0,0
-4,r8937440-n43543,0,40370,1623572641,1048,0,0,780,7776,0,0,0
-4,r8937440-n43543,0,40380,1623572651,1048,0,0,780,7776,0,0,0
-4,r8937440-n43543,0,40390,1623572661,1048,0,0,780,7776,0,0,0
-4,r8937440-n43543,0,40400,1623572671,1048,0,0,780,7776,0,0,0
-4,r8937440-n43543,0,40410,1623572681,1048,0,0,780,7776,0,0,0
-4,r8937440-n43543,0,40420,1623572691,1048,0,0,780,7776,0,0,0
-4,r8937440-n43543,0,40430,1623572701,1048,0,0,780,7776,0,0,0
-4,r8937440-n43543,0,40440,1623572711,1048,0,0,780,7776,0,0,0
-4,r8937440-n43543,0,40450,1623572721,1048,0,0,780,7776,0,0,0
-4,r8937440-n43543,0,40460,1623572731,1048,0,0,780,7776,0,0,0
-4,r8937440-n43543,0,40470,1623572741,1048,0,0,780,7776,0,0,0
-4,r8937440-n43543,0,40480,1623572751,1048,0,0,780,7776,0,0,0
-4,r8937440-n43543,0,40490,1623572761,1048,0,0,780,7776,0,0,0
-4,r8937440-n43543,0,40500,1623572771,1048,0,0,780,7776,0,0,0
-4,r8937440-n43543,0,40510,1623572781,1048,0,0,780,7776,0,0,0
-4,r8937440-n43543,0,40520,1623572791,1048,0,0,780,7776,0,0,0
-4,r8937440-n43543,0,40530,1623572801,1048,0,0,780,7776,0,0,0
-4,r8937440-n43543,0,40540,1623572811,1048,0,0,780,7776,0,0,0
-4,r8937440-n43543,0,40550,1623572821,1048,0,0,780,7776,0,0,0
-4,r8937440-n43543,0,40560,1623572831,1048,0,0,780,7776,0,0,0
-4,r8937440-n43543,0,40570,1623572841,1048,0,0,780,7776,0,0,0
-4,r8937440-n43543,0,40580,1623572851,1048,0,0,780,7776,0,0,0
-4,r8937440-n43543,0,40590,1623572861,1048,0,0,780,7776,0,0,0
-4,r8937440-n43543,0,40600,1623572871,1048,0,0,780,7776,0,0,0
-4,r8937440-n43543,0,40610,1623572881,1048,0,0,780,7776,0,0,0
-4,r8937440-n43543,0,40620,1623572891,1048,0,0,780,7776,0,0,0
-4,r8937440-n43543,0,40630,1623572901,1048,0,0,780,7776,0,0,0
-4,r8937440-n43543,0,40640,1623572911,1048,0,0,780,7776,0,0,0
-4,r8937440-n43543,0,40650,1623572921,1048,0,0,780,7776,0,0,0
-4,r8937440-n43543,0,40660,1623572931,1048,0,0,780,7776,0,0,0
-4,r8937440-n43543,0,40670,1623572941,1048,0,0,780,7776,0,0,0
-4,r8937440-n43543,0,40680,1623572951,1048,0,0,780,7776,0,0,0
-4,r8937440-n43543,0,40690,1623572961,1048,0,0,780,7776,0,0,0
-4,r8937440-n43543,0,40700,1623572971,1048,0,0,780,7776,0,0,0
-4,r8937440-n43543,0,40710,1623572981,1048,0,0,780,7776,0,0,0
-4,r8937440-n43543,0,40720,1623572991,1048,0,0,780,7776,0,0,0
-4,r8937440-n43543,0,40730,1623573001,1048,0,0,780,7776,0,0,0
-4,r8937440-n43543,0,40740,1623573011,1048,0,0,780,7776,0,0,0
-4,r8937440-n43543,0,40750,1623573021,1048,0,0,780,7776,0,0,0
-4,r8937440-n43543,0,40760,1623573031,1048,0,0,780,7776,0,0,0
-4,r8937440-n43543,0,40770,1623573041,1048,0,0,780,7776,0,0,0
-4,r8937440-n43543,0,40780,1623573051,1048,0,0,780,7776,0,0,0
-4,r8937440-n43543,0,40790,1623573061,1048,0,0,780,7776,0,0,0
-4,r8937440-n43543,0,40800,1623573071,1048,0,0,780,7776,0,0,0
-4,r8937440-n43543,0,40810,1623573081,1048,0,0,780,7776,0,0,0
-4,r8937440-n43543,0,40820,1623573091,1048,0,0,780,7776,0,0,0
-4,r8937440-n43543,0,40830,1623573101,1048,0,0,780,7776,0,0,0
-4,r8937440-n43543,0,40840,1623573111,1048,0,0,780,7776,0,0,0
-4,r8937440-n43543,0,40850,1623573121,1048,0,0,780,7776,0,0,0
-4,r8937440-n43543,0,40860,1623573131,1048,0,0,780,7776,0,0,0
-4,r8937440-n43543,0,40870,1623573141,1048,0,0,780,7776,0,0,0
-4,r8937440-n43543,0,40880,1623573151,1048,0,0,780,7776,0,0,0
-4,r8937440-n43543,0,40890,1623573161,1048,0,0,780,7776,0,0,0
-4,r8937440-n43543,0,40900,1623573171,1048,0,0,780,7776,0,0,0
-4,r8937440-n43543,0,40910,1623573181,1048,0,0,780,7776,0,0,0
-4,r8937440-n43543,0,40920,1623573191,1048,0,0,780,7776,0,0,0
-4,r8937440-n43543,0,40930,1623573201,1048,0,0,780,7776,0,0,0
-4,r8937440-n43543,0,40940,1623573211,1048,0,0,780,7776,0,0,0
-4,r8937440-n43543,0,40950,1623573221,1048,0,0,780,7776,0,0,0
-4,r8937440-n43543,0,40960,1623573231,1048,0,0,780,7776,0,0,0
-4,r8937440-n43543,0,40970,1623573241,1048,0,0,780,7776,0,0,0
-4,r8937440-n43543,0,40980,1623573251,1048,0,0,780,7776,0,0,0
-4,r8937440-n43543,0,40990,1623573261,1048,0,0,780,7776,0,0,0
-4,r8937440-n43543,0,41000,1623573271,1048,0,0,780,7776,0,0,0
-4,r8937440-n43543,0,41010,1623573281,1048,0,0,780,7776,0,0,0
-4,r8937440-n43543,0,41020,1623573291,1048,0,0,780,7776,0,0,0
-4,r8937440-n43543,0,41030,1623573301,1048,0,0,780,7776,0,0,0
-4,r8937440-n43543,0,41040,1623573311,1048,0,0,780,7776,0,0,0
-4,r8937440-n43543,0,41050,1623573321,1048,0,0,780,7776,0,0,0
-4,r8937440-n43543,0,41060,1623573331,1048,0,0,780,7776,0,0,0
-4,r8937440-n43543,0,41070,1623573341,1048,0,0,780,7776,0,0,0
-4,r8937440-n43543,0,41080,1623573351,1048,0,0,780,7776,0,0,0
-4,r8937440-n43543,0,41090,1623573361,1048,0,0,780,7776,0,0,0
-4,r8937440-n43543,0,41100,1623573371,1048,0,0,780,7776,0,0,0
-4,r8937440-n43543,0,41110,1623573381,1048,0,0,780,7776,0,0,0
-4,r8937440-n43543,0,41120,1623573391,1048,0,0,780,7776,0,0,0
-4,r8937440-n43543,0,41130,1623573401,1048,0,0,780,7776,0,0,0
-4,r8937440-n43543,0,41140,1623573411,1048,0,0,780,7776,0,0,0
-4,r8937440-n43543,0,41150,1623573421,1048,0,0,780,7776,0,0,0
-4,r8937440-n43543,0,41160,1623573431,1048,0,0,780,7776,0,0,0
-4,r8937440-n43543,0,41170,1623573441,1048,0,0,780,7776,0,0,0
-4,r8937440-n43543,0,41180,1623573451,1048,0,0,780,7776,0,0,0
-4,r8937440-n43543,0,41190,1623573461,1048,0,0,780,7776,0,0,0
-4,r8937440-n43543,0,41200,1623573471,1048,0,0,780,7776,0,0,0
-4,r8937440-n43543,0,41210,1623573481,1048,0,0,780,7776,0,0,0
-4,r8937440-n43543,0,41220,1623573491,1048,0,0,780,7776,0,0,0
-4,r8937440-n43543,0,41230,1623573501,1048,0,0,780,7776,0,0,0
-4,r8937440-n43543,0,41240,1623573511,1048,0,0,780,7776,0,0,0
-4,r8937440-n43543,0,41250,1623573521,1048,0,0,780,7776,0,0,0
-4,r8937440-n43543,0,41260,1623573531,1048,0,0,780,7776,0,0,0
-4,r8937440-n43543,0,41270,1623573541,1048,0,0,780,7776,0,0,0
-4,r8937440-n43543,0,41280,1623573551,1048,0,0,780,7776,0,0,0
-4,r8937440-n43543,0,41290,1623573561,1048,0,0,780,7776,0,0,0
-4,r8937440-n43543,0,41300,1623573571,1048,0,0,780,7776,0,0,0
-4,r8937440-n43543,0,41310,1623573581,1048,0,0,780,7776,0,0,0
-4,r8937440-n43543,0,41320,1623573591,1048,0,0,780,7776,0,0,0
-4,r8937440-n43543,0,41330,1623573601,1048,0,0,780,7776,0,0,0
-4,r8937440-n43543,0,41340,1623573611,1048,0,0,780,7776,0,0,0
-4,r8937440-n43543,0,41350,1623573621,1048,0,0,780,7776,0,0,0
-4,r8937440-n43543,0,41360,1623573631,1048,0,0,780,7776,0,0,0
-4,r8937440-n43543,0,41370,1623573641,1048,0,0,780,7776,0,0,0
-4,r8937440-n43543,0,41380,1623573651,1048,0,0,780,7776,0,0,0
-4,r8937440-n43543,0,41390,1623573661,1048,0,0,780,7776,0,0,0
-4,r8937440-n43543,0,41400,1623573671,1048,0,0,780,7776,0,0,0
-4,r8937440-n43543,0,41410,1623573681,1048,0,0,780,7776,0,0,0
-4,r8937440-n43543,0,41420,1623573691,1048,0,0,780,7776,0,0,0
-4,r8937440-n43543,0,41430,1623573701,1048,0,0,780,7776,0,0,0
-4,r8937440-n43543,0,41440,1623573711,1048,0,0,780,7776,0,0,0
-4,r8937440-n43543,0,41450,1623573721,1048,0,0,780,7776,0,0,0
-4,r8937440-n43543,0,41460,1623573731,1048,0,0,780,7776,0,0,0
-4,r8937440-n43543,0,41470,1623573741,1048,0,0,780,7776,0,0,0
-4,r8937440-n43543,0,41480,1623573751,1048,0,0,780,7776,0,0,0
-4,r8937440-n43543,0,41490,1623573761,1048,0,0,780,7776,0,0,0
-4,r8937440-n43543,0,41500,1623573771,1048,0,0,780,7776,0,0,0
-4,r8937440-n43543,0,41510,1623573781,1048,0,0,780,7776,0,0,0
-4,r8937440-n43543,0,41520,1623573791,1048,0,0,780,7776,0,0,0
-4,r8937440-n43543,0,41530,1623573801,1048,0,0,780,7776,0,0,0
-4,r8937440-n43543,0,41540,1623573811,1048,0,0,780,7776,0,0,0
-4,r8937440-n43543,0,41550,1623573821,1048,0,0,780,7776,0,0,0
-4,r8937440-n43543,0,41560,1623573831,1048,0,0,780,7776,0,0,0
-4,r8937440-n43543,0,41570,1623573841,1048,0,0,780,7776,0,0,0
-4,r8937440-n43543,0,41580,1623573851,1048,0,0,780,7776,0,0,0
-4,r8937440-n43543,0,41590,1623573861,1048,0,0,780,7776,0,0,0
-4,r8937440-n43543,0,41600,1623573871,1048,0,0,780,7776,0,0,0
-4,r8937440-n43543,0,41610,1623573881,1048,0,0,780,7776,0,0,0
-4,r8937440-n43543,0,41620,1623573891,1048,0,0,780,7776,0,0,0
-4,r8937440-n43543,0,41630,1623573901,1048,0,0,780,7776,0,0,0
-4,r8937440-n43543,0,41640,1623573911,1048,0,0,780,7776,0,0,0
-4,r8937440-n43543,0,41650,1623573921,1048,0,0,780,7776,0,0,0
-4,r8937440-n43543,0,41660,1623573931,1048,0,0,780,7776,0,0,0
-4,r8937440-n43543,0,41670,1623573941,1048,0,0,780,7776,0,0,0
-4,r8937440-n43543,0,41680,1623573951,1048,0,0,780,7776,0,0,0
-4,r8937440-n43543,0,41690,1623573961,1048,0,0,780,7776,0,0,0
-4,r8937440-n43543,0,41700,1623573971,1048,0,0,780,7776,0,0,0
-4,r8937440-n43543,0,41710,1623573981,1048,0,0,780,7776,0,0,0
-4,r8937440-n43543,0,41720,1623573991,1048,0,0,780,7776,0,0,0
-4,r8937440-n43543,0,41730,1623574001,1048,0,0,780,7776,0,0,0
-4,r8937440-n43543,0,41740,1623574011,1048,0,0,780,7776,0,0,0
-4,r8937440-n43543,0,41750,1623574021,1048,0,0,780,7776,0,0,0
-4,r8937440-n43543,0,41760,1623574031,1048,0,0,780,7776,0,0,0
-4,r8937440-n43543,0,41770,1623574041,1048,0,0,780,7776,0,0,0
-4,r8937440-n43543,0,41780,1623574051,1048,0,0,780,7776,0,0,0
-4,r8937440-n43543,0,41790,1623574061,1048,0,0,780,7776,0,0,0
-4,r8937440-n43543,0,41800,1623574071,1048,0,0,780,7776,0,0,0
-4,r8937440-n43543,0,41810,1623574081,1048,0,0,780,7776,0,0,0
-4,r8937440-n43543,0,41820,1623574091,1048,0,0,780,7776,0,0,0
-4,r8937440-n43543,0,41830,1623574101,1048,0,0,780,7776,0,0,0
-4,r8937440-n43543,0,41840,1623574111,1048,0,0,780,7776,0,0,0
-4,r8937440-n43543,0,41850,1623574121,1048,0,0,780,7776,0,0,0
-4,r8937440-n43543,0,41860,1623574131,1048,0,0,780,7776,0,0,0
-4,r8937440-n43543,0,41870,1623574141,1048,0,0,780,7776,0,0,0
-4,r8937440-n43543,0,41880,1623574151,1048,0,0,780,7776,0,0,0
-4,r8937440-n43543,0,41890,1623574161,1048,0,0,780,7776,0,0,0
-4,r8937440-n43543,0,41900,1623574171,1048,0,0,780,7776,0,0,0
-4,r8937440-n43543,0,41910,1623574181,1048,0,0,780,7776,0,0,0
-4,r8937440-n43543,0,41920,1623574191,1048,0,0,780,7776,0,0,0
-4,r8937440-n43543,0,41930,1623574201,1048,0,0,780,7776,0,0,0
-4,r8937440-n43543,0,41940,1623574211,1048,0,0,780,7776,0,0,0
-4,r8937440-n43543,0,41950,1623574221,1048,0,0,780,7776,0,0,0
-4,r8937440-n43543,0,41960,1623574231,1048,0,0,780,7776,0,0,0
-4,r8937440-n43543,0,41970,1623574241,1048,0,0,780,7776,0,0,0
-4,r8937440-n43543,0,41980,1623574251,1048,0,0,780,7776,0,0,0
-4,r8937440-n43543,0,41990,1623574261,1048,0,0,780,7776,0,0,0
-4,r8937440-n43543,0,42000,1623574271,1048,0,0,780,7776,0,0,0
-4,r8937440-n43543,0,42010,1623574281,1048,0,0,780,7776,0,0,0
-4,r8937440-n43543,0,42020,1623574291,1048,0,0,780,7776,0,0,0
-4,r8937440-n43543,0,42030,1623574301,1048,0,0,780,7776,0,0,0
-4,r8937440-n43543,0,42040,1623574311,1048,0,0,780,7776,0,0,0
-4,r8937440-n43543,0,42050,1623574321,1048,0,0,780,7776,0,0,0
-4,r8937440-n43543,0,42060,1623574331,1048,0,0,780,7776,0,0,0
-4,r8937440-n43543,0,42070,1623574341,1048,0,0,780,7776,0,0,0
-4,r8937440-n43543,0,42080,1623574351,1048,0,0,780,7776,0,0,0
-4,r8937440-n43543,0,42090,1623574361,1048,0,0,780,7776,0,0,0
-4,r8937440-n43543,0,42100,1623574371,1048,0,0,780,7776,0,0,0
-4,r8937440-n43543,0,42110,1623574381,1048,0,0,780,7776,0,0,0
-4,r8937440-n43543,0,42120,1623574391,1048,0,0,780,7776,0,0,0
-4,r8937440-n43543,0,42130,1623574401,1048,0,0,780,7776,0,0,0
-4,r8937440-n43543,0,42140,1623574411,1048,0,0,780,7776,0,0,0
-4,r8937440-n43543,0,42150,1623574421,1048,0,0,780,7776,0,0,0
-4,r8937440-n43543,0,42160,1623574431,1048,0,0,780,7776,0,0,0
-4,r8937440-n43543,0,42170,1623574441,1048,0,0,780,7776,0,0,0
-4,r8937440-n43543,0,42180,1623574451,1048,0,0,780,7776,0,0,0
-4,r8937440-n43543,0,42190,1623574461,1048,0,0,780,7776,0,0,0
-4,r8937440-n43543,0,42200,1623574471,1048,0,0,780,7776,0,0,0
-4,r8937440-n43543,0,42210,1623574481,1048,0,0,780,7776,0,0,0
-4,r8937440-n43543,0,42220,1623574491,1048,0,0,780,7776,0,0,0
-4,r8937440-n43543,0,42230,1623574501,1048,0,0,780,7776,0,0,0
-4,r8937440-n43543,0,42240,1623574511,1048,0,0,780,7776,0,0,0
-4,r8937440-n43543,0,42250,1623574521,1048,0,0,780,7776,0,0,0
-4,r8937440-n43543,0,42260,1623574531,1048,0,0,780,7776,0,0,0
-4,r8937440-n43543,0,42270,1623574541,1048,0,0,780,7776,0,0,0
-4,r8937440-n43543,0,42280,1623574551,1048,0,0,780,7776,0,0,0
-4,r8937440-n43543,0,42290,1623574561,1048,0,0,780,7776,0,0,0
-4,r8937440-n43543,0,42300,1623574571,1048,0,0,780,7776,0,0,0
-4,r8937440-n43543,0,42310,1623574581,1048,0,0,780,7776,0,0,0
-4,r8937440-n43543,0,42320,1623574591,1048,0,0,780,7776,0,0,0
-4,r8937440-n43543,0,42330,1623574601,1048,0,0,780,7776,0,0,0
-4,r8937440-n43543,0,42340,1623574611,1048,0,0,780,7776,0,0,0
-4,r8937440-n43543,0,42350,1623574621,1048,0,0,780,7776,0,0,0
-4,r8937440-n43543,0,42360,1623574631,1048,0,0,780,7776,0,0,0
-4,r8937440-n43543,0,42370,1623574641,1048,0,0,780,7776,0,0,0
-4,r8937440-n43543,0,42380,1623574651,1048,0,0,780,7776,0,0,0
-4,r8937440-n43543,0,42390,1623574661,1048,0,0,780,7776,0,0,0
-4,r8937440-n43543,0,42400,1623574671,1048,0,0,780,7776,0,0,0
-4,r8937440-n43543,0,42410,1623574681,1048,0,0,780,7776,0,0,0
-4,r8937440-n43543,0,42420,1623574691,1048,0,0,780,7776,0,0,0
-4,r8937440-n43543,0,42430,1623574701,1048,0,0,780,7776,0,0,0
-4,r8937440-n43543,0,42440,1623574711,1048,0,0,780,7776,0,0,0
-4,r8937440-n43543,0,42450,1623574721,1048,0,0,780,7776,0,0,0
-4,r8937440-n43543,0,42460,1623574731,1048,0,0,780,7776,0,0,0
-4,r8937440-n43543,0,42470,1623574741,1048,0,0,780,7776,0,0,0
-4,r8937440-n43543,0,42480,1623574751,1048,0,0,780,7776,0,0,0
-4,r8937440-n43543,0,42490,1623574761,1048,0,0,780,7776,0,0,0
-4,r8937440-n43543,0,42500,1623574771,1048,0,0,780,7776,0,0,0
-4,r8937440-n43543,0,42510,1623574781,1048,0,0,780,7776,0,0,0
-4,r8937440-n43543,0,42520,1623574791,1048,0,0,780,7776,0,0,0
-4,r8937440-n43543,0,42530,1623574801,1048,0,0,780,7776,0,0,0
-4,r8937440-n43543,0,42540,1623574811,1048,0,0,780,7776,0,0,0
-4,r8937440-n43543,0,42550,1623574821,1048,0,0,780,7776,0,0,0
-4,r8937440-n43543,0,42560,1623574831,1048,0,0,780,7776,0,0,0
-4,r8937440-n43543,0,42570,1623574841,1048,0,0,780,7776,0,0,0
-4,r8937440-n43543,0,42580,1623574851,1048,0,0,780,7776,0,0,0
-4,r8937440-n43543,0,42590,1623574861,1048,0,0,780,7776,0,0,0
-4,r8937440-n43543,0,42600,1623574871,1048,0,0,780,7776,0,0,0
-4,r8937440-n43543,0,42610,1623574881,1048,0,0,780,7776,0,0,0
-4,r8937440-n43543,0,42620,1623574891,1048,0,0,780,7776,0,0,0
-4,r8937440-n43543,0,42630,1623574901,1048,0,0,780,7776,0,0,0
-4,r8937440-n43543,0,42640,1623574911,1048,0,0,780,7776,0,0,0
-4,r8937440-n43543,0,42650,1623574921,1048,0,0,780,7776,0,0,0
-4,r8937440-n43543,0,42660,1623574931,1048,0,0,780,7776,0,0,0
-4,r8937440-n43543,0,42670,1623574941,1048,0,0,780,7776,0,0,0
-4,r8937440-n43543,0,42680,1623574951,1048,0,0,780,7776,0,0,0
-4,r8937440-n43543,0,42690,1623574961,1048,0,0,780,7776,0,0,0
-4,r8937440-n43543,0,42700,1623574971,1048,0,0,780,7776,0,0,0
-4,r8937440-n43543,0,42710,1623574981,1048,0,0,780,7776,0,0,0
-4,r8937440-n43543,0,42720,1623574991,1048,0,0,780,7776,0,0,0
-4,r8937440-n43543,0,42730,1623575001,1048,0,0,780,7776,0,0,0
-4,r8937440-n43543,0,42740,1623575011,1048,0,0,780,7776,0,0,0
-4,r8937440-n43543,0,42750,1623575021,1048,0,0,780,7776,0,0,0
-4,r8937440-n43543,0,42760,1623575031,1048,0,0,780,7776,0,0,0
-4,r8937440-n43543,0,42770,1623575041,1048,0,0,780,7776,0,0,0
-4,r8937440-n43543,0,42780,1623575051,1048,0,0,780,7776,0,0,0
-4,r8937440-n43543,0,42790,1623575061,1048,0,0,780,7776,0,0,0
-4,r8937440-n43543,0,42795,1623575066,1048,0,0,780,7776,0,0,0
batch,r8937440-n43543,0,0,1623532271,1226,0,0,4748,201088,0,0,0
batch,r8937440-n43543,0,10,1623532281,1226,14.36,143.6,1200880,20556980,7,47.284919,8.128551
batch,r8937440-n43543,0,20,1623532291,1226,24.85,248.5,2654708,54341504,7,252.740339,0.127806
batch,r8937440-n43543,0,30,1623532301,1226,23.49,234.9,5778808,57747952,7,1086.672377,0.003768
batch,r8937440-n43543,0,40,1623532311,1226,40.59,405.9,6086164,58010096,7,665.846298,0.000639
batch,r8937440-n43543,0,50,1623532321,1226,40.55,405.5,6229572,58042868,7,663.900499,0.000544
batch,r8937440-n43543,0,60,1623532331,1226,40.24,402.4,6356984,58305012,7,654.005813,0.000553
batch,r8937440-n43543,0,70,1623532341,1226,40.74,407.4,6366332,58305012,7,665.699068,0.000443
batch,r8937440-n43543,0,80,1623532351,1226,40.35,403.5,6408656,58337780,7,668.898941,0.000553
batch,r8937440-n43543,0,90,1623532361,1226,40.2,402,6459312,58337780,7,669.511777,0.000553
batch,r8937440-n43543,0,100,1623532371,1226,36.57,365.7,6466608,58337780,7,541.587034,0.000443
batch,r8937440-n43543,0,110,1623532381,1226,41.97,419.7,6503988,58337780,7,706.601851,0.000553
batch,r8937440-n43543,0,120,1623532391,1226,40.02,400.2,6510372,58403316,7,664.758158,0.000553
batch,r8937440-n43543,0,130,1623532401,1226,37.95,379.5,6522792,58403316,7,613.999178,0.000443
batch,r8937440-n43543,0,140,1623532411,1226,39.59,395.9,6551348,58403316,7,637.930439,0.000553
batch,r8937440-n43543,0,150,1623532421,1226,41.22,412.2,6570284,58403316,7,708.764276,0.000553
batch,r8937440-n43543,0,160,1623532431,1226,40.06,400.6,6588992,58403316,7,654.423132,0.000443
batch,r8937440-n43543,0,170,1623532441,1226,40.52,405.2,6596252,58403316,7,638.448226,0.000553
batch,r8937440-n43543,0,180,1623532451,1226,25.29,252.9,6601080,58403316,7,324.000146,0.000332
batch,r8937440-n43543,0,190,1623532461,1226,39.85,398.5,6617964,58403316,7,705.730501,0.000443
batch,r8937440-n43543,0,200,1623532471,1226,40.61,406.1,6627008,58403316,7,646.289595,0.000553
batch,r8937440-n43543,0,210,1623532481,1226,39.93,399.3,6634744,58403316,7,661.187152,0.000443
batch,r8937440-n43543,0,220,1623532491,1226,41.05,410.5,6647928,58534388,7,670.721618,0.000553
batch,r8937440-n43543,0,230,1623532501,1226,40.32,403.2,6654160,58534388,7,662.174994,0.000553
batch,r8937440-n43543,0,240,1623532511,1226,40.32,403.2,6665936,58534388,7,641.755856,0.000553
batch,r8937440-n43543,0,250,1623532521,1226,39.94,399.4,6672080,58534388,7,664.983486,0.000444
batch,r8937440-n43543,0,260,1623532531,1226,40.69,406.9,6687296,58534388,7,681.605906,0.000563
batch,r8937440-n43543,0,270,1623532541,1226,40.28,402.8,6696460,58534388,7,670.621308,0.000563
batch,r8937440-n43543,0,280,1623532551,1226,40.5,405,6727452,58557180,7,672.9732,0.000563
batch,r8937440-n43543,0,290,1623532561,1226,39.87,398.7,6733604,58557180,7,655.788156,0.00045
batch,r8937440-n43543,0,300,1623532571,1226,40.35,403.5,6741180,58557180,7,673.103809,0.000563
batch,r8937440-n43543,0,310,1623532581,1226,40.04,400.4,6753696,58557180,7,666.423788,0.000563
batch,r8937440-n43543,0,320,1623532591,1226,40.67,406.7,6759848,58557180,7,672.488686,0.000563
batch,r8937440-n43543,0,330,1623532601,1226,39.88,398.8,6770040,58557180,7,685.225131,0.00045
batch,r8937440-n43543,0,340,1623532611,1226,40.25,402.5,6776220,58557180,7,655.119756,0.000563
batch,r8937440-n43543,0,350,1623532621,1226,40.22,402.2,6784416,58557180,7,671.949275,0.000563
batch,r8937440-n43543,0,360,1623532631,1226,40.61,406.1,6790560,58557180,7,659.623658,0.000563
batch,r8937440-n43543,0,370,1623532641,1226,40.54,405.4,6798776,58557180,7,686.828536,0.00045
batch,r8937440-n43543,0,380,1623532651,1226,40.03,400.3,6804920,58557180,7,676.307677,0.000563
batch,r8937440-n43543,0,390,1623532661,1226,39.96,399.6,6813128,58557180,7,654.653568,0.000563
batch,r8937440-n43543,0,400,1623532671,1226,39.97,399.7,6818484,58557180,7,660.329876,0.000563
batch,r8937440-n43543,0,410,1623532681,1226,39.77,397.7,6827484,58819580,7,662.263551,0.00045
batch,r8937440-n43543,0,420,1623532691,1226,40.24,402.4,6836504,58822420,7,682.176144,0.000563
batch,r8937440-n43543,0,430,1623532701,1226,40.19,401.9,6850476,58822420,7,657.331054,0.000563
batch,r8937440-n43543,0,440,1623532711,1226,40.52,405.2,6856624,58822420,7,677.865711,0.000563
batch,r8937440-n43543,0,450,1623532721,1226,40.14,401.4,6864840,58822420,7,668.777587,0.00045
batch,r8937440-n43543,0,460,1623532731,1226,40.46,404.6,6870992,58822420,7,681.425252,0.000563
batch,r8937440-n43543,0,470,1623532741,1226,40.39,403.9,6879196,58822420,7,668.25771,0.000563
batch,r8937440-n43543,0,480,1623532751,1226,40.26,402.6,6885352,58822420,7,631.198514,0.000563
batch,r8937440-n43543,0,490,1623532761,1226,40.39,403.9,6893220,58822420,7,693.835786,0.00045
batch,r8937440-n43543,0,500,1623532771,1226,40.69,406.9,6901428,58822420,7,673.097576,0.000563
batch,r8937440-n43543,0,510,1623532781,1226,41.3,413,6922560,58822420,7,625.126972,0.000563
batch,r8937440-n43543,0,520,1623532791,1226,35.17,351.7,6928732,58822420,7,508.348364,0.00045
batch,r8937440-n43543,0,530,1623532801,1226,41.679,416.79,6938048,58822420,7,716.808805,0.00045
batch,r8937440-n43543,0,540,1623532811,1226,40.891,408.91,6944432,58822420,7,689.11389,0.000563
batch,r8937440-n43543,0,550,1623532821,1226,41.03,410.3,6952640,58822420,7,679.784845,0.000563
batch,r8937440-n43543,0,560,1623532831,1226,40.32,403.2,6959456,58822420,7,664.621956,0.000563
batch,r8937440-n43543,0,570,1623532841,1226,40.49,404.9,6967664,58822420,7,666.471554,0.00045
batch,r8937440-n43543,0,580,1623532851,1226,38.78,387.8,6973856,58822420,7,619.564871,0.000563
batch,r8937440-n43543,0,590,1623532861,1226,40.2,402,6980012,58822420,7,684.106749,0.000563
batch,r8937440-n43543,0,600,1623532871,1226,40.25,402.5,6988336,58822420,7,661.138675,0.000563
batch,r8937440-n43543,0,610,1623532881,1226,40.4,404,6994504,58822420,7,640.999419,0.00045
batch,r8937440-n43543,0,620,1623532891,1226,40.81,408.1,7002732,58822420,7,671.271848,0.000563
batch,r8937440-n43543,0,630,1623532901,1226,40.25,402.5,7008896,58822420,7,648.494371,0.000563
batch,r8937440-n43543,0,640,1623532911,1226,40.64,406.4,7024084,58826260,7,681.824712,0.000563
batch,r8937440-n43543,0,650,1623532921,1226,40.36,403.6,7030252,58826260,7,669.072279,0.00045
batch,r8937440-n43543,0,660,1623532931,1226,36.16,361.6,7036420,58826260,7,530.321941,0.000563
batch,r8937440-n43543,0,670,1623532941,1226,41.34,413.4,7044724,58826260,7,717.081934,0.00045
batch,r8937440-n43543,0,680,1623532951,1226,40.96,409.6,7050888,58826260,7,678.86409,0.000563
batch,r8937440-n43543,0,690,1623532961,1226,40.61,406.1,7059100,58826260,7,678.232828,0.000563
batch,r8937440-n43543,0,700,1623532971,1226,35.89,358.9,7065280,58826260,7,521.798941,0.00045
batch,r8937440-n43543,0,710,1623532981,1226,38.65,386.5,7071448,58826260,7,619.220503,0.000563
batch,r8937440-n43543,0,720,1623532991,1226,39.85,398.5,7078416,58826260,7,650.968008,0.00045
batch,r8937440-n43543,0,730,1623533001,1226,39.98,399.8,7086620,58826260,7,698.393656,0.000563
batch,r8937440-n43543,0,740,1623533011,1226,40.37,403.7,7096428,58826260,7,658.414092,0.00045
batch,r8937440-n43543,0,750,1623533021,1226,40.41,404.1,7104656,58826260,7,673.821272,0.000563
batch,r8937440-n43543,0,760,1623533031,1226,38.96,389.6,7110988,58826260,7,597.783641,0.000563
batch,r8937440-n43543,0,770,1623533041,1226,41.9,419,7119336,58826260,7,728.871248,0.000563
batch,r8937440-n43543,0,780,1623533051,1226,39.92,399.2,7125492,59350548,7,670.309804,0.00045
batch,r8937440-n43543,0,790,1623533061,1226,40.56,405.6,7133736,59350548,7,652.260951,0.000563
batch,r8937440-n43543,0,800,1623533071,1226,40.47,404.7,7139920,59350548,7,665.087241,0.000563
batch,r8937440-n43543,0,810,1623533081,1226,40.35,403.5,7148144,59350548,7,669.588059,0.00045
batch,r8937440-n43543,0,820,1623533091,1226,40.46,404.6,7165316,59350548,7,677.940399,0.000563
batch,r8937440-n43543,0,830,1623533101,1226,34.6,346,7171708,59350548,7,501.894262,0.000563
batch,r8937440-n43543,0,840,1623533111,1226,43.19,431.9,7181260,59350548,7,751.040103,0.00045
batch,r8937440-n43543,0,850,1623533121,1226,40.16,401.6,7187440,59350548,7,681.770621,0.000563
batch,r8937440-n43543,0,860,1623533131,1226,40.06,400.6,7196196,59350548,7,664.756588,0.000563
batch,r8937440-n43543,0,870,1623533141,1226,39.67,396.7,7202356,59350548,7,657.655597,0.00045
batch,r8937440-n43543,0,880,1623533151,1226,40.4,404,7210580,59350548,7,682.180928,0.000563
batch,r8937440-n43543,0,890,1623533161,1226,40.61,406.1,7216748,59350548,7,669.207374,0.000563
batch,r8937440-n43543,0,900,1623533171,11,40.26,402.6,7224960,59350548,7,689.546683,0.000563
batch,r8937440-n43543,0,910,1623533181,25,40.35,403.5,7231132,59350548,7,647.837131,0.00045
batch,r8937440-n43543,0,920,1623533191,38,40.18,401.8,7244476,59350548,7,691.280764,0.000563
batch,r8937440-n43543,0,930,1623533201,51,40.6,406,7250664,59350548,7,654.875246,0.000563
batch,r8937440-n43543,0,940,1623533211,64,40.96,409.6,7258876,59350548,7,652.701825,0.000563
batch,r8937440-n43543,0,950,1623533221,76,40.03,400.3,7265540,59350548,7,664.942955,0.00045
batch,r8937440-n43543,0,960,1623533231,87,35.51,355.1,7271700,59350548,7,546.871096,0.000563
batch,r8937440-n43543,0,970,1623533241,98,37.02,370.2,7279772,59350548,7,647.774701,0.00045
batch,r8937440-n43543,0,980,1623533251,110,40.54,405.4,7285940,59350548,7,666.457251,0.00045
batch,r8937440-n43543,0,990,1623533261,122,40.09,400.9,7294160,59350548,7,663.200372,0.000563
batch,r8937440-n43543,0,1000,1623533271,133,40.16,401.6,7300324,59350548,7,657.440318,0.000563
batch,r8937440-n43543,0,1010,1623533281,144,40.09,400.9,7308548,59350548,7,662.67305,0.000563
batch,r8937440-n43543,0,1020,1623533291,155,40.32,403.2,7316932,59350548,7,679.397769,0.00045
batch,r8937440-n43543,0,1030,1623533301,166,40.41,404.1,7325192,59350548,7,668.42437,0.000563
batch,r8937440-n43543,0,1040,1623533311,176,40.58,405.8,7331360,59350548,7,663.093245,0.000563
batch,r8937440-n43543,0,1050,1623533321,186,40.039,400.39,7339564,59350548,7,676.43741,0.000563
batch,r8937440-n43543,0,1060,1623533331,196,40.521,405.21,7345744,59350548,7,647.807422,0.00045
batch,r8937440-n43543,0,1070,1623533341,206,40.4,404,7354428,59351008,7,666.083259,0.000563
batch,r8937440-n43543,0,1080,1623533351,216,40.35,403.5,7365192,59351008,7,692.475098,0.000563
batch,r8937440-n43543,0,1090,1623533361,225,40.2,402,7373536,59351008,7,651.650763,0.00045
batch,r8937440-n43543,0,1100,1623533371,235,40.46,404.6,7379700,59351008,7,671.351007,0.000563
batch,r8937440-n43543,0,1110,1623533381,244,40.16,401.6,7387928,59351008,7,655.606433,0.000563
batch,r8937440-n43543,0,1120,1623533391,252,38.21,382.1,7394176,59351008,7,602.600248,0.000563
batch,r8937440-n43543,0,1130,1623533401,261,41.54,415.4,7403996,59351008,7,705.306932,0.00045
batch,r8937440-n43543,0,1140,1623533411,270,40.6,406,7417468,59351008,7,693.77897,0.000563
batch,r8937440-n43543,0,1150,1623533421,278,39.98,399.8,7423716,59351008,7,661.66985,0.000563
batch,r8937440-n43543,0,1160,1623533431,287,40.3,403,7431924,59351008,7,676.306788,0.000563
batch,r8937440-n43543,0,1170,1623533441,295,40.11,401.1,7438100,59351008,7,660.534816,0.00045
batch,r8937440-n43543,0,1180,1623533451,303,40.43,404.3,7446292,59351008,7,668.834553,0.000563
batch,r8937440-n43543,0,1190,1623533461,311,39.92,399.2,7452436,59351008,7,646.99889,0.000563
batch,r8937440-n43543,0,1200,1623533471,319,39.86,398.6,7460732,59351008,7,661.996003,0.000563
batch,r8937440-n43543,0,1210,1623533481,326,40.22,402.2,7466884,59351008,7,663.983092,0.00045
batch,r8937440-n43543,0,1220,1623533491,334,40.45,404.5,7475100,59351008,7,684.918242,0.000563
batch,r8937440-n43543,0,1230,1623533501,341,40.2,402,7481248,59351008,7,663.498822,0.000563
batch,r8937440-n43543,0,1240,1623533511,348,39.12,391.2,7487428,59351008,7,626.64664,0.000563
batch,r8937440-n43543,0,1250,1623533521,356,41.22,412.2,7495672,59351008,7,716.432568,0.00045
batch,r8937440-n43543,0,1260,1623533531,362,39.38,393.8,7503880,59351008,7,652.124502,0.000563
batch,r8937440-n43543,0,1270,1623533541,368,34.89,348.9,7509204,59351008,7,516.640532,0.00045
batch,r8937440-n43543,0,1280,1623533551,375,39.6,396,7517408,59351008,7,679.81507,0.00045
batch,r8937440-n43543,0,1290,1623533561,381,36.28,362.8,7524588,59351008,7,560.656928,0.000563
batch,r8937440-n43543,0,1300,1623533571,388,42.56,425.6,7530796,59351008,7,692.088449,0.000563
batch,r8937440-n43543,0,1310,1623533581,395,38.83,388.3,7539072,59351008,7,620.03511,0.00045
batch,r8937440-n43543,0,1320,1623533591,401,40.61,406.1,7548568,59351008,7,671.79909,0.000563
batch,r8937440-n43543,0,1330,1623533601,407,40.41,404.1,7556772,59351008,7,669.650456,0.000563
batch,r8937440-n43543,0,1340,1623533611,414,40.26,402.6,7564476,59351008,7,685.942862,0.00045
batch,r8937440-n43543,0,1350,1623533621,420,40.12,401.2,7572692,59351008,7,671.660053,0.000563
batch,r8937440-n43543,0,1360,1623533631,426,40.48,404.8,7578860,59351008,7,664.567885,0.000563
batch,r8937440-n43543,0,1370,1623533641,432,39.97,399.7,7587072,59351008,7,660.988365,0.000563
batch,r8937440-n43543,0,1380,1623533651,437,39.89,398.9,7593240,59351008,7,666.96859,0.00045
batch,r8937440-n43543,0,1390,1623533661,443,40.43,404.3,7601432,59351008,7,666.399808,0.000563
batch,r8937440-n43543,0,1400,1623533671,449,40.2,402,7607640,59351008,7,685.599957,0.000563
batch,r8937440-n43543,0,1410,1623533681,455,40.11,401.1,7613792,59351008,7,652.947562,0.000563
batch,r8937440-n43543,0,1420,1623533691,460,40.82,408.2,7625312,59351008,7,691.963214,0.00045
batch,r8937440-n43543,0,1430,1623533701,466,40.47,404.7,7631456,59351008,7,649.191549,0.000563
batch,r8937440-n43543,0,1440,1623533711,471,40.31,403.1,7639780,59351008,7,654.679121,0.000563
batch,r8937440-n43543,0,1450,1623533721,476,39.99,399.9,7646024,59351008,7,686.906576,0.00045
batch,r8937440-n43543,0,1460,1623533731,482,40.37,403.7,7654228,59351008,7,666.214953,0.000563
batch,r8937440-n43543,0,1470,1623533741,487,39.83,398.3,7660376,59351008,7,677.84053,0.000563
batch,r8937440-n43543,0,1480,1623533751,492,40.61,406.1,7668584,59351008,7,680.500638,0.000563
batch,r8937440-n43543,0,1490,1623533761,497,40.15,401.5,7674756,59351008,7,648.860381,0.00045
batch,r8937440-n43543,0,1500,1623533771,502,40.14,401.4,7682968,59351008,7,663.494205,0.000563
batch,r8937440-n43543,0,1510,1623533781,507,40.4,404,7689112,59351008,7,676.297359,0.000563
batch,r8937440-n43543,0,1520,1623533791,511,40.24,402.4,7697212,60399584,7,662.70851,0.000563
batch,r8937440-n43543,0,1530,1623533801,516,40.65,406.5,7703520,60399584,7,665.776858,0.00045
batch,r8937440-n43543,0,1540,1623533811,521,39.86,398.6,7711712,60399584,7,678.848736,0.000563
batch,r8937440-n43543,0,1550,1623533821,525,39.74,397.4,7717888,60399584,7,647.058847,0.000563
batch,r8937440-n43543,0,1560,1623533831,530,40.93,409.3,7726140,60399584,7,707.695938,0.000563
batch,r8937440-n43543,0,1570,1623533841,535,40.09,400.9,7732292,60399584,7,677.141071,0.00045
batch,r8937440-n43543,0,1580,1623533851,539,40.04,400.4,7740516,60399584,7,653.955622,0.000563
batch,r8937440-n43543,0,1590,1623533861,543,40.3,403,7746680,60399584,7,680.855997,0.000563
batch,r8937440-n43543,0,1600,1623533871,548,40.11,401.1,7752872,60399584,7,654.212527,0.000563
batch,r8937440-n43543,0,1610,1623533881,552,40.74,407.4,7761064,60399584,7,662.823092,0.00045
batch,r8937440-n43543,0,1620,1623533891,556,40.01,400.1,7767208,60399584,7,669.016577,0.000563
batch,r8937440-n43543,0,1630,1623533901,560,40.27,402.7,7775400,60399584,7,662.589355,0.000563
batch,r8937440-n43543,0,1640,1623533911,564,39.92,399.2,7781544,60399584,7,674.626457,0.000563
batch,r8937440-n43543,0,1650,1623533921,568,40.06,400.6,7790296,60399584,7,670.854712,0.00045
batch,r8937440-n43543,0,1660,1623533931,572,39.8,398,7802940,60399584,7,671.63508,0.000563
batch,r8937440-n43543,0,1670,1623533941,576,40.4,404,7811132,60399584,7,670.224571,0.000563
batch,r8937440-n43543,0,1680,1623533951,580,39.81,398.1,7817376,60399584,7,650.7122,0.000563
batch,r8937440-n43543,0,1690,1623533961,584,40.37,403.7,7825688,60399584,7,671.687119,0.00045
batch,r8937440-n43543,0,1700,1623533971,588,40.02,400.2,7831856,60399584,7,661.506596,0.000563
batch,r8937440-n43543,0,1710,1623533981,592,40.21,402.1,7840060,60399584,7,686.839664,0.000563
batch,r8937440-n43543,0,1720,1623533991,596,40.7,407,7846216,60399584,7,681.049388,0.000563
batch,r8937440-n43543,0,1730,1623534001,599,40.29,402.9,7854472,60399584,7,658.383789,0.00045
batch,r8937440-n43543,0,1740,1623534011,603,40.14,401.4,7860616,60399584,7,663.128568,0.000563
batch,r8937440-n43543,0,1750,1623534021,607,40.51,405.1,7868832,60399584,7,686.94568,0.000563
batch,r8937440-n43543,0,1760,1623534031,610,40.14,401.4,7874976,60399584,7,667.567902,0.000563
batch,r8937440-n43543,0,1770,1623534041,2,40.3,403,7883168,60399584,7,660.691012,0.00045
batch,r8937440-n43543,0,1780,1623534051,9,39.36,393.6,7890448,60401952,7,660.46989,0.000563
batch,r8937440-n43543,0,1790,1623534061,16,40.26,402.6,7896568,60401952,7,645.969628,0.000563
batch,r8937440-n43543,0,1800,1623534071,22,39.61,396.1,7904792,60401952,7,663.0521,0.000563
batch,r8937440-n43543,0,1810,1623534081,29,40.17,401.7,7910996,60401952,7,664.532892,0.00045
batch,r8937440-n43543,0,1820,1623534091,36,40.24,402.4,7919348,60401952,7,675.603817,0.000563
batch,r8937440-n43543,0,1830,1623534101,42,40.2,402,7925496,60401952,7,640.044323,0.000563
batch,r8937440-n43543,0,1840,1623534111,48,36.3,363,7931672,60401952,7,553.230933,0.00045
batch,r8937440-n43543,0,1850,1623534121,55,42.5,425,7939872,60401952,7,774.978703,0.000563
batch,r8937440-n43543,0,1860,1623534131,61,40.32,403.2,7948064,60401952,7,650.360672,0.000563
batch,r8937440-n43543,0,1870,1623534141,68,39.9,399,7954412,60401952,7,664.264288,0.000563
batch,r8937440-n43543,0,1880,1623534151,74,40.25,402.5,7963852,60401952,7,671.29672,0.00045
batch,r8937440-n43543,0,1890,1623534161,80,39.92,399.2,7969996,60401952,7,668.004444,0.000563
batch,r8937440-n43543,0,1900,1623534171,86,40.2,402,7980608,60401952,7,679.63157,0.000563
batch,r8937440-n43543,0,1910,1623534181,92,40.06,400.6,7988800,60401952,7,646.107035,0.00045
batch,r8937440-n43543,0,1920,1623534191,98,40.32,403.2,7994944,60401952,7,654.712812,0.000563
batch,r8937440-n43543,0,1930,1623534201,104,40.4,404,8003196,60401952,7,685.08824,0.000563
batch,r8937440-n43543,0,1940,1623534211,110,39.99,399.9,8009340,60401952,7,645.925005,0.000563
batch,r8937440-n43543,0,1950,1623534221,116,40.2,402,8017532,60401952,7,683.520351,0.00045
batch,r8937440-n43543,0,1960,1623534231,121,40.09,400.9,8023772,60401952,7,661.623237,0.000563
batch,r8937440-n43543,0,1970,1623534241,127,39.71,397.1,8031988,60401952,7,624.218801,0.000563
batch,r8937440-n43543,0,1980,1623534251,133,41.15,411.5,8038132,60401952,7,696.670478,0.000563
batch,r8937440-n43543,0,1990,1623534261,138,40.65,406.5,8046340,60401952,7,675.51332,0.00045
batch,r8937440-n43543,0,2000,1623534271,144,40.62,406.2,8052516,60401952,7,649.977581,0.000563
batch,r8937440-n43543,0,2010,1623534281,149,40.26,402.6,8060780,60401952,7,675.103161,0.000563
batch,r8937440-n43543,0,2020,1623534291,155,39.9,399,8066924,60401952,7,659.231183,0.000563
batch,r8937440-n43543,0,2030,1623534301,160,40.38,403.8,8075332,60401952,7,668.414745,0.00045
batch,r8937440-n43543,0,2040,1623534311,165,40.5,405,8081476,60401952,7,659.273355,0.000563
batch,r8937440-n43543,0,2050,1623534321,171,40.18,401.8,8087620,60401952,7,657.526791,0.000563
batch,r8937440-n43543,0,2060,1623534331,176,40.03,400.3,8095988,60401952,7,676.670056,0.000563
batch,r8937440-n43543,0,2070,1623534341,181,40.27,402.7,8102156,60401952,7,660.155443,0.00045
batch,r8937440-n43543,0,2080,1623534351,186,40.459,404.59,8110348,60401952,7,654.19476,0.000563
batch,r8937440-n43543,0,2090,1623534361,191,39.82,398.2,8116496,60401952,7,686.014463,0.000563
batch,r8937440-n43543,0,2100,1623534371,196,40.471,404.71,8124752,60401952,7,675.791556,0.000563
batch,r8937440-n43543,0,2110,1623534381,201,40.18,401.8,8130896,60401952,7,664.163181,0.00045
batch,r8937440-n43543,0,2120,1623534391,206,40.45,404.5,8139120,60401952,7,675.510414,0.000563
batch,r8937440-n43543,0,2130,1623534401,211,39.88,398.8,8145308,60401952,7,653.564702,0.000563
batch,r8937440-n43543,0,2140,1623534411,216,40.63,406.3,8153504,60401952,7,670.276269,0.000563
batch,r8937440-n43543,0,2150,1623534421,220,40.07,400.7,8299024,60598560,7,656.935037,0.00045
batch,r8937440-n43543,0,2160,1623534431,225,40.24,402.4,8353152,60598560,7,685.549997,0.000565
batch,r8937440-n43543,0,2170,1623534441,230,40.35,403.5,8435392,60664096,7,697.673545,0.000572
batch,r8937440-n43543,0,2180,1623534451,234,40.79,407.9,8450712,60664096,7,661.44433,0.000572
batch,r8937440-n43543,0,2190,1623534461,239,40.37,403.7,8485828,60729632,7,688.084155,0.000458
batch,r8937440-n43543,0,2200,1623534471,244,40.43,404.3,8503976,60729632,7,666.048583,0.000572
batch,r8937440-n43543,0,2210,1623534481,248,40.3,403,8510160,60729632,7,672.735648,0.000572
batch,r8937440-n43543,0,2220,1623534491,252,39.91,399.1,8519936,60729632,7,676.545915,0.000572
batch,r8937440-n43543,0,2230,1623534501,257,40.7,407,8526120,60729632,7,653.982493,0.000458
batch,r8937440-n43543,0,2240,1623534511,261,40.05,400.5,8541900,60729632,7,681.838553,0.000572
batch,r8937440-n43543,0,2250,1623534521,266,40.5,405,8548044,60729632,7,652.459917,0.000572
batch,r8937440-n43543,0,2260,1623534531,270,39.95,399.5,8556236,60729632,7,652.110096,0.000572
batch,r8937440-n43543,0,2270,1623534541,274,40.2,402,8566260,60729632,7,679.782537,0.000458
batch,r8937440-n43543,0,2280,1623534551,278,40.32,403.2,8572404,60729632,7,662.050572,0.000572
batch,r8937440-n43543,0,2290,1623534561,282,37.9,379,8580836,60729632,7,580.595189,0.000572
batch,r8937440-n43543,0,2300,1623534571,287,42.74,427.4,8587072,60729632,7,739.560243,0.000572
batch,r8937440-n43543,0,2310,1623534581,291,40.29,402.9,8596156,60729632,7,657.69884,0.000458
batch,r8937440-n43543,0,2320,1623534591,295,40.1,401,8602304,60729632,7,676.993686,0.000572
batch,r8937440-n43543,0,2330,1623534601,299,38.51,385.1,8610588,60729632,7,623.484746,0.000572
batch,r8937440-n43543,0,2340,1623534611,303,40.64,406.4,8617160,60729632,7,664.350303,0.000458
batch,r8937440-n43543,0,2350,1623534621,306,36.62,366.2,8623304,60729632,7,587.134564,0.000572
batch,r8937440-n43543,0,2360,1623534631,310,41.02,410.2,8631496,60729632,7,710.666781,0.000458
batch,r8937440-n43543,0,2370,1623534641,314,40.98,409.8,8637776,60729632,7,679.431955,0.000572
batch,r8937440-n43543,0,2380,1623534651,318,40.35,403.5,8646020,60729632,7,700.988345,0.000572
batch,r8937440-n43543,0,2390,1623534661,322,34.26,342.6,8650116,60729632,7,529.648895,0.000458
batch,r8937440-n43543,0,2400,1623534671,325,40.31,403.1,8658308,60729632,7,686.390546,0.000458
batch,r8937440-n43543,0,2410,1623534681,329,40.19,401.9,8664752,60729632,7,649.827764,0.000572
batch,r8937440-n43543,0,2420,1623534691,333,40.32,403.2,8672944,60729632,7,662.641987,0.000572
batch,r8937440-n43543,0,2430,1623534701,337,40.2,402,8679088,60729632,7,658.056726,0.000572
batch,r8937440-n43543,0,2440,1623534711,340,40.28,402.8,8687280,60729632,7,672.105753,0.000458
batch,r8937440-n43543,0,2450,1623534721,344,39.8,398,8693516,60729632,7,643.570333,0.000572
batch,r8937440-n43543,0,2460,1623534731,348,40.24,402.4,8701708,60729632,7,683.357639,0.000572
batch,r8937440-n43543,0,2470,1623534741,351,40.23,402.3,8707852,60729632,7,656.593885,0.000572
batch,r8937440-n43543,0,2480,1623534751,355,38.26,382.6,8714108,60729632,7,602.076884,0.000458
batch,r8937440-n43543,0,2490,1623534761,358,41.71,417.1,8722300,60729632,7,734.054276,0.000572
batch,r8937440-n43543,0,2500,1623534771,362,40.51,405.1,8730568,60729632,7,681.504284,0.000572
batch,r8937440-n43543,0,2510,1623534781,365,40.5,405,8736712,60729632,7,665.46683,0.000572
batch,r8937440-n43543,0,2520,1623534791,369,39.98,399.8,8744936,60729632,7,674.832779,0.000458
batch,r8937440-n43543,0,2530,1623534801,372,40.76,407.6,8751080,60729632,7,661.762697,0.000572
batch,r8937440-n43543,0,2540,1623534811,376,40.06,400.6,8759388,60729632,7,675.872336,0.000572
batch,r8937440-n43543,0,2550,1623534821,379,40.29,402.9,8765532,60729632,7,676.364022,0.000572
batch,r8937440-n43543,0,2560,1623534831,382,40.37,403.7,8771676,60729632,7,671.956197,0.000458
batch,r8937440-n43543,0,2570,1623534841,386,40.08,400.8,8779872,60729632,7,650.581307,0.000572
batch,r8937440-n43543,0,2580,1623534851,389,40.24,402.4,8786016,60729632,7,683.56589,0.000572
batch,r8937440-n43543,0,2590,1623534861,392,40.17,401.7,8794248,60729632,7,669.70629,0.000458
batch,r8937440-n43543,0,2600,1623534871,395,40.14,401.4,8800440,60729632,7,675.241172,0.000572
batch,r8937440-n43543,0,2610,1623534881,399,39.83,398.3,8808632,60729632,7,662.77668,0.000572
batch,r8937440-n43543,0,2620,1623534891,402,39.87,398.7,8814784,60729632,7,675.128178,0.000572
batch,r8937440-n43543,0,2630,1623534901,405,40.36,403.6,8822976,60729632,7,666.07934,0.000458
batch,r8937440-n43543,0,2640,1623534911,408,39.93,399.3,8829160,60729632,7,662.083909,0.000572
batch,r8937440-n43543,0,2650,1623534921,4,39.88,398.8,8837356,60729632,7,656.072507,0.000572
batch,r8937440-n43543,0,2660,1623534931,9,39.92,399.2,8843500,60729632,7,658.490489,0.000572
batch,r8937440-n43543,0,2670,1623534941,13,40.05,400.5,8851692,60729632,7,663.816997,0.000458
batch,r8937440-n43543,0,2680,1623534951,18,40.12,401.2,8857836,60729632,7,651.702106,0.000572
batch,r8937440-n43543,0,2690,1623534961,22,40.2,402,8866032,60729888,7,670.573118,0.000572
batch,r8937440-n43543,0,2700,1623534971,27,40.14,401.4,8872176,60729888,7,665.511201,0.000572
batch,r8937440-n43543,0,2710,1623534981,31,39.9,399,8880504,60729888,7,685.96485,0.000458
batch,r8937440-n43543,0,2720,1623534991,36,40.58,405.8,8886936,60729888,7,653.780201,0.000572
batch,r8937440-n43543,0,2730,1623535001,40,40.12,401.2,8895128,60729888,7,668.630035,0.000572
batch,r8937440-n43543,0,2740,1623535011,44,40.19,401.9,8901272,60729888,7,665.627239,0.000572
batch,r8937440-n43543,0,2750,1623535021,49,40.09,400.9,8907880,60729888,7,651.764137,0.000458
batch,r8937440-n43543,0,2760,1623535031,53,37.11,371.1,8915088,60729888,7,560.996827,0.000572
batch,r8937440-n43543,0,2770,1623535041,57,41.63,416.3,8923452,60729888,7,726.379377,0.000572
batch,r8937440-n43543,0,2780,1623535051,61,40.56,405.6,8931648,60729888,7,662.075117,0.000458
batch,r8937440-n43543,0,2790,1623535061,66,40.46,404.6,8937904,60729888,7,674.62795,0.000572
batch,r8937440-n43543,0,2800,1623535071,70,40.35,403.5,8946096,60729888,7,664.014059,0.000572
batch,r8937440-n43543,0,2810,1623535081,74,39.88,398.8,8952240,60729888,7,689.945213,0.000572
batch,r8937440-n43543,0,2820,1623535091,78,39.85,398.5,8960432,60729888,7,664.153438,0.000458
batch,r8937440-n43543,0,2830,1623535101,82,39.94,399.4,8966576,60729888,7,667.757915,0.000572
batch,r8937440-n43543,0,2840,1623535111,86,40.43,404.3,8981976,60729888,7,682.003209,0.000572
batch,r8937440-n43543,0,2850,1623535121,90,40.36,403.6,8990168,60729888,7,663.406316,0.000572
batch,r8937440-n43543,0,2860,1623535131,94,39.75,397.5,8996388,60729888,7,667.719087,0.000458
batch,r8937440-n43543,0,2870,1623535141,98,39.85,398.5,9004580,60729888,7,667.197219,0.000572
batch,r8937440-n43543,0,2880,1623535151,102,39.07,390.7,9010724,60729888,7,626.448617,0.000572
batch,r8937440-n43543,0,2890,1623535161,106,40.83,408.3,9018920,60729888,7,688.438922,0.000572
batch,r8937440-n43543,0,2900,1623535171,110,39.68,396.8,9025064,60729888,7,662.03251,0.000458
batch,r8937440-n43543,0,2910,1623535181,114,39.76,397.6,9033256,60729888,7,666.758138,0.000572
batch,r8937440-n43543,0,2920,1623535191,117,40.23,402.3,9039400,60729888,7,652.798061,0.000572
batch,r8937440-n43543,0,2930,1623535201,121,39.55,395.5,9047596,60729888,7,642.511186,0.000572
batch,r8937440-n43543,0,2940,1623535211,125,40.58,405.8,9053848,60729888,7,691.109949,0.000458
batch,r8937440-n43543,0,2950,1623535221,128,35.59,355.9,9059992,60729888,7,539.485279,0.000572
batch,r8937440-n43543,0,2960,1623535231,132,43.55,435.5,9068184,60729888,7,768.461689,0.000572
batch,r8937440-n43543,0,2970,1623535241,136,40.46,404.6,9074440,60729888,7,645.897499,0.000458
batch,r8937440-n43543,0,2980,1623535251,140,39.75,397.5,9082632,60729888,7,650.278475,0.000572
batch,r8937440-n43543,0,2990,1623535261,144,40.48,404.8,9088776,60729888,7,674.977422,0.000572
batch,r8937440-n43543,0,3000,1623535271,147,38.79,387.9,9096928,62827040,7,639.534841,0.000458
batch,r8937440-n43543,0,3010,1623535281,151,40.15,401.5,9103124,62827040,7,663.310387,0.000572
batch,r8937440-n43543,0,3020,1623535291,154,40.62,406.2,9111420,62827040,7,655.689594,0.000572
batch,r8937440-n43543,0,3030,1623535301,158,39.85,398.5,9117564,62827040,7,650.431143,0.000458
batch,r8937440-n43543,0,3040,1623535311,161,40.13,401.3,9099840,62761504,7,663.108413,0.000572
batch,r8937440-n43543,0,3050,1623535321,165,40.12,401.2,9105988,62761504,7,696.863282,0.000572
batch,r8937440-n43543,0,3060,1623535331,168,40.24,402.4,9114180,62761504,7,689.709534,0.000572
batch,r8937440-n43543,0,3070,1623535341,172,40.59,405.9,9120492,62761504,7,658.830488,0.000458
batch,r8937440-n43543,0,3080,1623535351,175,39.71,397.1,9126636,62761504,7,685.893582,0.000572
batch,r8937440-n43543,0,3090,1623535361,179,40.04,400.4,9134952,62761504,7,665.077787,0.000572
batch,r8937440-n43543,0,3100,1623535371,182,39.82,398.2,9141100,62761504,7,663.129216,0.000572
batch,r8937440-n43543,0,3110,1623535381,185,40.21,402.1,9149292,62761504,7,677.245449,0.000458
batch,r8937440-n43543,0,3120,1623535391,189,39.93,399.3,9155508,62761504,7,671.641562,0.000572
batch,r8937440-n43543,0,3130,1623535401,192,40.12,401.2,9163700,62761504,7,671.105905,0.000572
batch,r8937440-n43543,0,3140,1623535411,196,41.03,410.3,9169844,62761504,7,670.486148,0.000572
batch,r8937440-n43543,0,3150,1623535421,199,39.83,398.3,9178040,62761504,7,664.932591,0.000458
batch,r8937440-n43543,0,3160,1623535431,202,40.09,400.9,9184184,62761504,7,678.12144,0.000572
batch,r8937440-n43543,0,3170,1623535441,205,39.73,397.3,9192432,62761504,7,648.123812,0.000572
batch,r8937440-n43543,0,3180,1623535451,209,39.88,398.8,9207736,62761504,7,686.70189,0.000572
batch,r8937440-n43543,0,3190,1623535461,212,39.98,399.8,9215928,62761504,7,650.547097,0.000458
batch,r8937440-n43543,0,3200,1623535471,215,38.06,380.6,9222124,62761504,7,621.002748,0.000572
batch,r8937440-n43543,0,3210,1623535481,218,40.3,403,9228268,62761504,7,663.870811,0.000572
batch,r8937440-n43543,0,3220,1623535491,221,40.12,401.2,9236464,62761504,7,672.220755,0.000458
batch,r8937440-n43543,0,3230,1623535501,224,40.01,400.1,9242608,62761504,7,651.024157,0.000572
batch,r8937440-n43543,0,3240,1623535511,227,40.22,402.2,9250800,62761504,7,676.457293,0.000572
batch,r8937440-n43543,0,3250,1623535521,230,39.85,398.5,9257008,62761504,7,679.505415,0.000572
batch,r8937440-n43543,0,3260,1623535531,233,40.53,405.3,9265200,62761504,7,642.604713,0.000458
batch,r8937440-n43543,0,3270,1623535541,237,39.73,397.3,9271344,62761504,7,663.635256,0.000572
batch,r8937440-n43543,0,3280,1623535551,240,39.77,397.7,9279540,62761504,7,648.085711,0.000572
batch,r8937440-n43543,0,3290,1623535561,243,40.45,404.5,9285684,62761504,7,684.098432,0.000458
batch,r8937440-n43543,0,3300,1623535571,246,39.87,398.7,9293876,62761504,7,651.573914,0.000572
batch,r8937440-n43543,0,3310,1623535581,248,38.28,382.8,9300020,62761504,7,611.545227,0.000572
batch,r8937440-n43543,0,3320,1623535591,251,40.37,403.7,9306164,62761504,7,687.590023,0.000458
batch,r8937440-n43543,0,3330,1623535601,254,39.95,399.5,9314356,62761504,7,654.934028,0.000572
batch,r8937440-n43543,0,3340,1623535611,257,39.75,397.5,9320500,62761504,7,668.801482,0.000572
batch,r8937440-n43543,0,3350,1623535621,260,40.51,405.1,9329904,62761504,7,653.961095,0.000572
batch,r8937440-n43543,0,3360,1623535631,263,40.13,401.3,9336048,62761504,7,658.584356,0.000458
batch,r8937440-n43543,0,3370,1623535641,266,40.65,406.5,9344240,62761504,7,684.803589,0.000572
batch,r8937440-n43543,0,3380,1623535651,269,39.95,399.5,9350384,62761504,7,648.512559,0.000572
batch,r8937440-n43543,0,3390,1623535661,272,40.14,401.4,9358576,62761504,7,662.526647,0.000572
batch,r8937440-n43543,0,3400,1623535671,274,39.51,395.1,9364720,62761504,7,639.306557,0.000458
batch,r8937440-n43543,0,3410,1623535681,277,39.98,399.8,9372912,62761504,7,661.466736,0.000572
batch,r8937440-n43543,0,3420,1623535691,280,39.82,398.2,9379056,62761504,7,667.551083,0.000572
batch,r8937440-n43543,0,3430,1623535701,283,40.28,402.8,9389248,62761504,7,689.839678,0.000572
batch,r8937440-n43543,0,3440,1623535711,286,39.82,398.2,9395392,62761504,7,653.044225,0.000458
batch,r8937440-n43543,0,3450,1623535721,288,40.16,401.6,9403584,62761504,7,665.840048,0.000572
batch,r8937440-n43543,0,3460,1623535731,291,39.79,397.9,9409728,62761504,7,654.788659,0.000572
batch,r8937440-n43543,0,3470,1623535741,294,39.56,395.6,9415872,62761504,7,651.477061,0.000572
batch,r8937440-n43543,0,3480,1623535751,296,39.9,399,9424296,62761504,7,682.483722,0.000458
batch,r8937440-n43543,0,3490,1623535761,299,40.03,400.3,9430440,62761504,7,668.882092,0.000572
batch,r8937440-n43543,0,3500,1623535771,302,39.65,396.5,9438632,62761504,7,665.040049,0.000572
batch,r8937440-n43543,0,3510,1623535781,304,39.85,398.5,9444776,62761504,7,649.94961,0.000572
batch,r8937440-n43543,0,3520,1623535791,1,38.04,380.4,9452968,62761504,7,578.717014,0.000458
batch,r8937440-n43543,0,3530,1623535801,4,42.34,423.4,9459340,62761504,7,755.076816,0.000572
batch,r8937440-n43543,0,3540,1623535811,8,40.23,402.3,9467576,62761504,7,668.924078,0.000572
batch,r8937440-n43543,0,3550,1623535821,11,39.82,398.2,9473720,62761504,7,657.508919,0.000458
batch,r8937440-n43543,0,3560,1623535831,15,40.06,400.6,9482000,62761504,7,680.1649,0.000572
batch,r8937440-n43543,0,3570,1623535841,18,40.22,402.2,9488144,62761504,7,659.100906,0.000572
batch,r8937440-n43543,0,3580,1623535851,21,39.96,399.6,9496336,62761504,7,660.890192,0.000572
batch,r8937440-n43543,0,3590,1623535861,25,40.32,403.2,9502508,62761504,7,643.287788,0.000458
batch,r8937440-n43543,0,3600,1623535871,28,40.5,405,9510792,62761504,7,666.48169,0.000572
batch,r8937440-n43543,0,3610,1623535881,31,39.77,397.7,9516936,62761504,7,663.370909,0.000572
batch,r8937440-n43543,0,3620,1623535891,35,40.36,403.6,9525128,62761504,7,672.005231,0.000572
batch,r8937440-n43543,0,3630,1623535901,38,40.15,401.5,9531272,62761504,7,685.030924,0.000458
batch,r8937440-n43543,0,3640,1623535911,41,40.31,403.1,9537416,62761504,7,663.953185,0.000572
batch,r8937440-n43543,0,3650,1623535921,45,40.22,402.2,9545692,62761504,7,676.176252,0.000572
batch,r8937440-n43543,0,3660,1623535931,48,40.69,406.9,9551836,62761504,7,685.283514,0.000572
batch,r8937440-n43543,0,3670,1623535941,51,39.93,399.3,9560132,62761504,7,675.226303,0.000458
batch,r8937440-n43543,0,3680,1623535951,54,40.12,401.2,9566276,62761504,7,660.430471,0.000572
batch,r8937440-n43543,0,3690,1623535961,58,40.17,401.7,9574468,62761504,7,676.589591,0.000572
batch,r8937440-n43543,0,3700,1623535971,61,40.22,402.2,9580612,62761504,7,669.525018,0.000572
batch,r8937440-n43543,0,3710,1623535981,64,40.21,402.1,9588804,62761504,7,675.700994,0.000458
batch,r8937440-n43543,0,3720,1623535991,67,37.27,372.7,9594948,62761504,7,580.615773,0.000572
batch,r8937440-n43543,0,3730,1623536001,70,43.04,430.4,9603140,62761504,7,746.9048,0.000572
batch,r8937440-n43543,0,3740,1623536011,73,39.32,393.2,9609284,62761504,7,648.487914,0.000508
batch,r8937440-n43543,0,3750,1623536021,76,40.4,404,9617476,62761504,7,655.65485,0.000522
batch,r8937440-n43543,0,3760,1623536031,79,40.01,400.1,9623764,62761504,7,671.805767,0.000572
batch,r8937440-n43543,0,3770,1623536041,82,39.95,399.5,9631956,62761504,7,665.689812,0.000572
batch,r8937440-n43543,0,3780,1623536051,86,40.05,400.5,9638288,62761504,7,670.957026,0.000508
batch,r8937440-n43543,0,3790,1623536061,89,40.28,402.8,9646480,62761504,7,659.364642,0.000522
batch,r8937440-n43543,0,3800,1623536071,92,39.88,398.8,9652624,62761504,7,669.36386,0.000572
batch,r8937440-n43543,0,3810,1623536081,94,38.93,389.3,9658768,62761504,7,590.856253,0.000572
batch,r8937440-n43543,0,3820,1623536091,98,41.41,414.1,9666960,62761504,7,709.469718,0.000458
batch,r8937440-n43543,0,3830,1623536101,100,40.23,402.3,9673104,62761504,7,670.634227,0.000572
batch,r8937440-n43543,0,3840,1623536111,103,40.3,403,9681380,62761504,7,669.904164,0.000572
batch,r8937440-n43543,0,3850,1623536121,106,39.66,396.6,9687524,62761504,7,688.358768,0.000572
batch,r8937440-n43543,0,3860,1623536131,109,40.74,407.4,9695716,62761504,7,674.496864,0.000458
batch,r8937440-n43543,0,3870,1623536141,112,40.16,401.6,9702016,62761504,7,668.683761,0.000572
batch,r8937440-n43543,0,3880,1623536151,115,40.3,403,9710208,62761504,7,660.994077,0.000572
batch,r8937440-n43543,0,3890,1623536161,118,40.3,403,9718948,62761504,7,704.749607,0.000572
batch,r8937440-n43543,0,3900,1623536171,121,40.33,403.3,9727140,62761504,7,670.348484,0.000458
batch,r8937440-n43543,0,3910,1623536181,124,40.42,404.2,9733292,62761504,7,661.439555,0.000572
batch,r8937440-n43543,0,3920,1623536191,127,40.47,404.7,9741488,62761504,7,657.662797,0.000572
batch,r8937440-n43543,0,3930,1623536201,129,40.14,401.4,9747632,62761504,7,672.286963,0.000572
batch,r8937440-n43543,0,3940,1623536211,132,40.14,401.4,9755824,62761504,7,672.897195,0.000458
batch,r8937440-n43543,0,3950,1623536221,135,39.98,399.8,9762020,62761504,7,653.711432,0.000572
batch,r8937440-n43543,0,3960,1623536231,138,40.22,402.2,9770212,62761504,7,657.728294,0.000572
batch,r8937440-n43543,0,3970,1623536241,140,39.88,398.8,9776472,62761504,7,675.194018,0.000572
batch,r8937440-n43543,0,3980,1623536251,143,39.88,398.8,9784664,62761504,7,670.550671,0.000458
batch,r8937440-n43543,0,3990,1623536261,146,39.96,399.6,9790812,62761504,7,647.080681,0.000572
batch,r8937440-n43543,0,4000,1623536271,149,40.2,402,9796956,62761504,7,679.803596,0.000572
batch,r8937440-n43543,0,4010,1623536281,151,40.66,406.6,9805148,62761504,7,669.849414,0.000572
batch,r8937440-n43543,0,4020,1623536291,154,39.95,399.5,9811368,62761504,7,657.262916,0.000458
batch,r8937440-n43543,0,4030,1623536301,157,40.21,402.1,9819560,62761504,7,674.90902,0.000572
batch,r8937440-n43543,0,4040,1623536311,159,39.97,399.7,9825704,62761504,7,665.371338,0.000572
batch,r8937440-n43543,0,4050,1623536321,162,40.21,402.1,9833896,62761504,7,679.419521,0.000572
batch,r8937440-n43543,0,4060,1623536331,165,40.5,405,9840040,62761504,7,670.856866,0.000458
batch,r8937440-n43543,0,4070,1623536341,167,40.38,403.8,9848232,62761504,7,664.126768,0.000572
batch,r8937440-n43543,0,4080,1623536351,170,39.92,399.2,9854492,62761504,7,640.971834,0.000572
batch,r8937440-n43543,0,4090,1623536361,173,39.71,397.1,9862684,62761504,7,661.333496,0.000572
batch,r8937440-n43543,0,4100,1623536371,175,39.7,397,9868828,62761504,7,672.246701,0.000458
batch,r8937440-n43543,0,4110,1623536381,178,39.79,397.9,9877020,62761504,7,695.732059,0.000572
batch,r8937440-n43543,0,4120,1623536391,180,40.239,402.39,9884324,62761504,7,667.547511,0.000572
batch,r8937440-n43543,0,4130,1623536401,183,39.531,395.31,9892632,62761504,7,666.073627,0.000572
batch,r8937440-n43543,0,4140,1623536411,185,40.19,401.9,9898776,62761504,7,652.247585,0.000458
batch,r8937440-n43543,0,4150,1623536421,188,39.959,399.59,9906968,62761504,7,651.562276,0.000572
batch,r8937440-n43543,0,4160,1623536431,190,39.741,397.41,9913112,62761504,7,649.098595,0.000572
batch,r8937440-n43543,0,4170,1623536441,193,40.579,405.79,9921532,62761504,7,699.372196,0.000572
batch,r8937440-n43543,0,4180,1623536451,195,40.381,403.81,9927676,62761504,7,661.123363,0.000458
batch,r8937440-n43543,0,4190,1623536461,198,39.95,399.5,9939788,62761504,7,691.559103,0.000572
batch,r8937440-n43543,0,4200,1623536471,200,40.18,401.8,9947980,62761504,7,675.325521,0.000572
batch,r8937440-n43543,0,4210,1623536481,203,40.39,403.9,9954124,62761504,7,650.451049,0.000572
batch,r8937440-n43543,0,4220,1623536491,205,39.92,399.2,9962356,62761504,7,638.554722,0.000458
batch,r8937440-n43543,0,4230,1623536501,207,39.94,399.4,9968500,62761504,7,686.566297,0.000572
batch,r8937440-n43543,0,4240,1623536511,210,39.85,398.5,9976692,62761504,7,668.017142,0.000572
batch,r8937440-n43543,0,4250,1623536521,212,39.98,399.8,9982968,62761504,7,660.255896,0.000572
batch,r8937440-n43543,0,4260,1623536531,215,38.01,380.1,9991160,62761504,7,598.077205,0.000458
batch,r8937440-n43543,0,4270,1623536541,217,39.77,397.7,10059812,62892576,7,660.370853,0.000572
batch,r8937440-n43543,0,4280,1623536551,219,41.97,419.7,10068052,62892576,7,744.554067,0.000572
batch,r8937440-n43543,0,4290,1623536561,222,39.85,398.5,10079800,62892576,7,642.710888,0.000572
batch,r8937440-n43543,0,4300,1623536571,224,40.22,402.2,10087992,62892576,7,684.065167,0.000458
batch,r8937440-n43543,0,4310,1623536581,226,39.7,397,10094136,62892576,7,648.071796,0.000572
batch,r8937440-n43543,0,4320,1623536591,229,39.95,399.5,10110796,62892576,7,677.129442,0.000572
batch,r8937440-n43543,0,4330,1623536601,231,40.08,400.8,10116940,62892576,7,653.977604,0.000458
batch,r8937440-n43543,0,4340,1623536611,233,39.66,396.6,10125320,62892576,7,648.634439,0.000572
batch,r8937440-n43543,0,4350,1623536621,236,40.13,401.3,10131572,62892576,7,670.695432,0.000572
batch,r8937440-n43543,0,4360,1623536631,238,39.53,395.3,10139764,62892576,7,666.864648,0.000572
batch,r8937440-n43543,0,4370,1623536641,240,37.12,371.2,10145908,62892576,7,611.90455,0.000458
batch,r8937440-n43543,0,4380,1623536651,242,40.39,403.9,10152052,62892576,7,660.59094,0.000572
batch,r8937440-n43543,0,4390,1623536661,244,39.83,398.3,10160312,62892576,7,657.258475,0.000572
batch,r8937440-n43543,0,4400,1623536671,2,40.06,400.6,10166460,62892576,7,672.774506,0.000458
batch,r8937440-n43543,0,4410,1623536681,5,40.03,400.3,10174740,62892576,7,674.339731,0.000572
batch,r8937440-n43543,0,4420,1623536691,8,40.24,402.4,10180884,62892576,7,663.847125,0.000572
batch,r8937440-n43543,0,4430,1623536701,10,40.16,401.6,10189184,62892576,7,688.154675,0.000572
batch,r8937440-n43543,0,4440,1623536711,13,40.25,402.5,10195328,62892576,7,690.319183,0.000458
batch,r8937440-n43543,0,4450,1623536721,16,40.16,401.6,10201472,62892576,7,674.646493,0.000572
batch,r8937440-n43543,0,4460,1623536731,19,40.29,402.9,10209696,62892576,7,667.009894,0.000572
batch,r8937440-n43543,0,4470,1623536741,21,39.74,397.4,10215840,62892576,7,649.857331,0.000458
batch,r8937440-n43543,0,4480,1623536751,24,40.04,400.4,10230392,62892576,7,691.509697,0.000572
batch,r8937440-n43543,0,4490,1623536761,27,40.09,400.9,10236592,62892576,7,680.140616,0.000572
batch,r8937440-n43543,0,4500,1623536771,29,39.89,398.9,10244860,62892576,7,654.637657,0.000572
batch,r8937440-n43543,0,4510,1623536781,32,40.19,401.9,10251488,62892576,7,670.230788,0.000458
batch,r8937440-n43543,0,4520,1623536791,35,39.92,399.2,10259680,62892576,7,656.24928,0.000572
batch,r8937440-n43543,0,4530,1623536801,37,36.42,364.2,10265884,62892576,7,560.386838,0.000572
batch,r8937440-n43543,0,4540,1623536811,40,42.56,425.6,10277896,62892576,7,734.276964,0.000572
batch,r8937440-n43543,0,4550,1623536821,42,39.92,399.2,10284040,62892576,7,682.159448,0.000458
batch,r8937440-n43543,0,4560,1623536831,45,39.7,397,10292232,62892576,7,659.419731,0.000572
batch,r8937440-n43543,0,4570,1623536841,48,40.06,400.6,10298376,62892576,7,672.046609,0.000572
batch,r8937440-n43543,0,4580,1623536851,50,34.9,349,10304520,62892576,7,547.896145,0.000458
batch,r8937440-n43543,0,4590,1623536861,53,41.28,412.8,10312712,62892576,7,687.069986,0.000572
batch,r8937440-n43543,0,4600,1623536871,55,40.6,406,10318856,62892576,7,670.619073,0.000458
batch,r8937440-n43543,0,4610,1623536881,58,39.59,395.9,10325000,62892576,7,659.672997,0.000572
batch,r8937440-n43543,0,4620,1623536891,60,39.81,398.1,10333192,62892576,7,667.21848,0.000572
batch,r8937440-n43543,0,4630,1623536901,63,39.74,397.4,10339336,62892576,7,664.309126,0.000572
batch,r8937440-n43543,0,4640,1623536911,65,40.06,400.6,10347528,62892576,7,672.835019,0.000458
batch,r8937440-n43543,0,4650,1623536921,68,39.96,399.6,10353672,62892576,7,650.897471,0.000572
batch,r8937440-n43543,0,4660,1623536931,70,40.09,400.9,10361884,62892576,7,674.622875,0.000572
batch,r8937440-n43543,0,4670,1623536941,73,39.79,397.9,10368028,62892576,7,680.581596,0.000572
batch,r8937440-n43543,0,4680,1623536951,75,40.01,400.1,10378516,62892576,7,658.634721,0.000458
batch,r8937440-n43543,0,4690,1623536961,78,40.01,400.1,10384660,62892576,7,662.102613,0.000572
batch,r8937440-n43543,0,4700,1623536971,80,40.18,401.8,10392852,62892576,7,664.745838,0.000572
batch,r8937440-n43543,0,4710,1623536981,82,39.75,397.5,10399036,62892576,7,664.359563,0.000572
batch,r8937440-n43543,0,4720,1623536991,85,39.96,399.6,10407228,62892576,7,676.426784,0.000458
batch,r8937440-n43543,0,4730,1623537001,87,39.95,399.5,10413372,62892576,7,652.811968,0.000572
batch,r8937440-n43543,0,4740,1623537011,90,38.81,388.1,10421576,62892576,7,600.73833,0.000572
batch,r8937440-n43543,0,4750,1623537021,92,32.21,322.1,10425672,62892576,7,502.814091,0.000343
batch,r8937440-n43543,0,4760,1623537031,94,40.21,402.1,10433864,62892576,7,661.533562,0.000572
batch,r8937440-n43543,0,4770,1623537041,96,39.69,396.9,10440132,62892576,7,660.298114,0.000572
batch,r8937440-n43543,0,4780,1623537051,99,40.17,401.7,10448324,62892576,7,679.43377,0.000458
batch,r8937440-n43543,0,4790,1623537061,101,40.21,402.1,10454532,62892576,7,655.766732,0.000572
batch,r8937440-n43543,0,4800,1623537071,103,28.78,287.8,10458628,62892576,7,409.000202,0.000458
batch,r8937440-n43543,0,4810,1623537081,105,43.27,432.7,10466972,62892576,7,727.534618,0.000458
batch,r8937440-n43543,0,4820,1623537091,108,37.89,378.9,10473116,62892576,7,600.213116,0.000572
batch,r8937440-n43543,0,4830,1623537101,110,40.8,408,10481308,62892576,7,695.282249,0.000458
batch,r8937440-n43543,0,4840,1623537111,112,40.15,401.5,10487452,62892576,7,685.493716,0.000572
batch,r8937440-n43543,0,4850,1623537121,115,40.15,401.5,10495644,62892576,7,655.178863,0.000572
batch,r8937440-n43543,0,4860,1623537131,117,40.33,403.3,10501788,62892576,7,656.138844,0.000572
batch,r8937440-n43543,0,4870,1623537141,119,40.22,402.2,10509980,62892576,7,667.844986,0.000458
batch,r8937440-n43543,0,4880,1623537151,121,40.17,401.7,10516124,62892576,7,672.836398,0.000572
batch,r8937440-n43543,0,4890,1623537161,124,38.11,381.1,10522368,62892576,7,589.749334,0.000572
batch,r8937440-n43543,0,4900,1623537171,126,42.42,424.2,10531032,62892576,7,766.313437,0.000572
batch,r8937440-n43543,0,4910,1623537181,128,40.32,403.2,10537176,62892576,7,658.837034,0.000458
batch,r8937440-n43543,0,4920,1623537191,130,39.96,399.6,10545368,62892576,7,674.248158,0.000572
batch,r8937440-n43543,0,4930,1623537201,133,40.53,405.3,10551556,62892576,7,658.646084,0.000572
batch,r8937440-n43543,0,4940,1623537211,135,39.67,396.7,10559924,62892576,7,669.514604,0.000572
batch,r8937440-n43543,0,4950,1623537221,137,40.04,400.4,10566068,62892576,7,654.004236,0.000458
batch,r8937440-n43543,0,4960,1623537231,139,34.28,342.8,10572212,62892576,7,542.35559,0.000458
batch,r8937440-n43543,0,4970,1623537241,141,40.32,403.2,10580404,62892832,7,681.144403,0.000572
batch,r8937440-n43543,0,4980,1623537251,143,30.21,302.1,10584560,62892832,7,413.896039,0.000343
batch,r8937440-n43543,0,4990,1623537261,145,41.52,415.2,10592880,62892832,7,704.846355,0.000572
batch,r8937440-n43543,0,5000,1623537271,147,40.23,402.3,10599024,62892832,7,667.280429,0.000572
batch,r8937440-n43543,0,5010,1623537281,149,39.6,396,10607216,62892832,7,666.281315,0.000572
batch,r8937440-n43543,0,5020,1623537291,152,39.66,396.6,10613396,62892832,7,668.753388,0.000458
batch,r8937440-n43543,0,5030,1623537301,154,39.75,397.5,10619540,62892832,7,659.267013,0.000572
batch,r8937440-n43543,0,5040,1623537311,155,31.8,318,10625776,62892832,7,467.822916,0.000458
batch,r8937440-n43543,0,5050,1623537321,157,22.37,223.7,10627824,62892832,7,262.500101,0.000229
batch,r8937440-n43543,0,5060,1623537331,159,37.69,376.9,10636016,62892832,7,637.472917,0.000458
batch,r8937440-n43543,0,5070,1623537341,161,39.77,397.7,10642196,62892832,7,664.007932,0.000572
batch,r8937440-n43543,0,5080,1623537351,163,40.33,403.3,10650388,62892832,7,665.265898,0.000458
batch,r8937440-n43543,0,5090,1623537361,165,40.02,400.2,10656532,62892832,7,661.377739,0.000572
batch,r8937440-n43543,0,5100,1623537371,167,37.35,373.5,10662744,62892832,7,586.786973,0.000572
batch,r8937440-n43543,0,5110,1623537381,169,38.64,386.4,10668944,62892832,7,646.723124,0.000458
batch,r8937440-n43543,0,5120,1623537391,171,39.79,397.9,10677140,62892832,7,655.581773,0.000572
batch,r8937440-n43543,0,5130,1623537401,173,39.75,397.5,10683284,62892832,7,667.567765,0.000458
batch,r8937440-n43543,0,5140,1623537411,175,40.43,404.3,10691480,62892832,7,654.155152,0.000572
batch,r8937440-n43543,0,5150,1623537421,177,39.93,399.3,10697624,62892832,7,665.194123,0.000572
batch,r8937440-n43543,0,5160,1623537431,179,38.97,389.7,10705816,62892832,7,626.079217,0.000572
batch,r8937440-n43543,0,5170,1623537441,181,40.79,407.9,10716152,62958368,7,722.05528,0.000458
batch,r8937440-n43543,0,5180,1623537451,183,40.28,402.8,10724344,62892832,7,650.54563,0.000572
batch,r8937440-n43543,0,5190,1623537461,185,40.17,401.7,10730492,62892832,7,671.52811,0.000572
batch,r8937440-n43543,0,5200,1623537471,187,40.34,403.4,10738684,62892832,7,652.035365,0.000572
batch,r8937440-n43543,0,5210,1623537481,189,39.86,398.6,10744828,62892832,7,666.149162,0.000458
batch,r8937440-n43543,0,5220,1623537491,191,40.02,400.2,10753020,62892832,7,692.029857,0.000572
batch,r8937440-n43543,0,5230,1623537501,193,31.65,316.5,10757116,62892832,7,425.377528,0.000458
batch,r8937440-n43543,0,5240,1623537511,195,43.26,432.6,10765240,62892832,7,754.750773,0.000458
batch,r8937440-n43543,0,5250,1623537521,197,36.72,367.2,10771456,62958368,7,575.818595,0.000572
batch,r8937440-n43543,0,5260,1623537531,199,35.49,354.9,10777600,62958368,7,577.385188,0.000458
batch,r8937440-n43543,0,5270,1623537541,201,40.22,402.2,10783744,62958368,7,666.69923,0.000458
batch,r8937440-n43543,0,5280,1623537551,203,39.59,395.9,10791936,62958368,7,661.176096,0.000572
batch,r8937440-n43543,0,5290,1623537561,0,39.96,399.6,10798080,62958368,7,652.388175,0.000572
batch,r8937440-n43543,0,5300,1623537571,3,40.02,400.2,10806272,62958368,7,655.570168,0.000572
batch,r8937440-n43543,0,5310,1623537581,5,39.19,391.9,10812416,62958368,7,661.504563,0.000458
batch,r8937440-n43543,0,5320,1623537591,7,31.66,316.6,10818752,62958368,7,513.183853,0.000458
batch,r8937440-n43543,0,5330,1623537601,9,40.42,404.2,10824896,62958368,7,691.080537,0.000572
batch,r8937440-n43543,0,5340,1623537611,11,35.33,353.3,10831040,62958368,7,522.037958,0.000458
batch,r8937440-n43543,0,5350,1623537621,13,35.14,351.4,10837184,62958368,7,577.364663,0.000343
batch,r8937440-n43543,0,5360,1623537631,15,39.89,398.9,10843328,62958368,7,668.355557,0.000572
batch,r8937440-n43543,0,5370,1623537641,18,40.13,401.3,10851520,62958368,7,662.9982,0.000572
batch,r8937440-n43543,0,5380,1623537651,20,39.78,397.8,10857944,62958368,7,652.302221,0.000572
batch,r8937440-n43543,0,5390,1623537661,22,40.29,402.9,10866340,62958368,7,670.580928,0.000458
batch,r8937440-n43543,0,5400,1623537671,24,40.06,400.6,10872520,62958368,7,660.773486,0.000572
batch,r8937440-n43543,0,5410,1623537681,27,39.57,395.7,10880712,62958368,7,666.727323,0.000572
batch,r8937440-n43543,0,5420,1623537691,29,40.21,402.1,10886912,62958368,7,671.98828,0.000572
batch,r8937440-n43543,0,5430,1623537701,31,39.96,399.6,10895104,62958368,7,666.519282,0.000458
batch,r8937440-n43543,0,5440,1623537711,33,40.72,407.2,10901248,62958368,7,645.698274,0.000572
batch,r8937440-n43543,0,5450,1623537721,36,40.82,408.2,10907392,62958368,7,656.16864,0.000572
batch,r8937440-n43543,0,5460,1623537731,38,40.83,408.3,10915680,62958368,7,681.152971,0.000458
batch,r8937440-n43543,0,5470,1623537741,39,28.47,284.7,10919776,62958368,7,378.537464,0.000458
batch,r8937440-n43543,0,5480,1623537751,41,32.47,324.7,10925920,62958368,7,511.068727,0.000343
batch,r8937440-n43543,0,5490,1623537761,43,31.49,314.9,10930016,62958368,7,494.512221,0.000343
batch,r8937440-n43543,0,5500,1623537771,45,41.08,410.8,10938208,62958368,7,663.906255,0.000572
batch,r8937440-n43543,0,5510,1623537781,47,39.56,395.6,10944352,62958368,7,611.913148,0.000572
batch,r8937440-n43543,0,5520,1623537791,49,37.29,372.9,10950496,62958368,7,623.083347,0.000458
batch,r8937440-n43543,0,5530,1623537801,51,40.09,400.9,10958688,62958368,7,669.067099,0.000458
batch,r8937440-n43543,0,5540,1623537811,53,39.85,398.5,10964832,62958368,7,656.230416,0.000572
batch,r8937440-n43543,0,5550,1623537821,54,19.84,198.4,10967036,62958368,7,186.000101,0.000229
batch,r8937440-n43543,0,5560,1623537831,57,42.86,428.6,10975228,62958368,7,783.68778,0.000572
batch,r8937440-n43543,0,5570,1623537841,59,39.57,395.7,10981372,62958368,7,666.081265,0.000572
batch,r8937440-n43543,0,5580,1623537851,61,37.96,379.6,10989564,62958368,7,583.311895,0.000458
batch,r8937440-n43543,0,5590,1623537861,62,29.76,297.6,10993660,62958368,7,465.750152,0.000343
batch,r8937440-n43543,0,5600,1623537871,64,31.79,317.9,10997756,62958368,7,426.076299,0.000458
batch,r8937440-n43543,0,5610,1623537881,66,41.59,415.9,11006096,62958368,7,750.958526,0.000458
batch,r8937440-n43543,0,5620,1623537891,68,40.12,401.2,11012240,62958368,7,673.008923,0.000572
batch,r8937440-n43543,0,5630,1623537901,70,36.59,365.9,11018384,62958368,7,598.561644,0.000572
batch,r8937440-n43543,0,5640,1623537911,72,42.92,429.2,11026576,62958368,7,727.868113,0.000572
batch,r8937440-n43543,0,5650,1623537921,75,40.35,403.5,11034864,62958368,7,670.549604,0.000458
batch,r8937440-n43543,0,5660,1623537931,77,39.82,398.2,11041008,62958368,7,653.949401,0.000572
batch,r8937440-n43543,0,5670,1623537941,79,40.05,400.5,11049200,62958368,7,703.074135,0.000572
batch,r8937440-n43543,0,5680,1623537951,81,39.88,398.8,11055344,62958368,7,645.585297,0.000572
batch,r8937440-n43543,0,5690,1623537961,83,39.83,398.3,11063536,62958368,7,665.407458,0.000458
batch,r8937440-n43543,0,5700,1623537971,85,39.74,397.4,11069796,62958368,7,649.4215,0.000572
batch,r8937440-n43543,0,5710,1623537981,87,40.19,401.9,11077988,62958368,7,680.163597,0.000572
batch,r8937440-n43543,0,5720,1623537991,89,39.96,399.6,11084208,62958368,7,672.109094,0.000572
batch,r8937440-n43543,0,5730,1623538001,91,39.82,398.2,11092400,62958368,7,672.51616,0.000458
batch,r8937440-n43543,0,5740,1623538011,93,40.23,402.3,11098580,62958368,7,651.821846,0.000572
batch,r8937440-n43543,0,5750,1623538021,95,39.8,398,11106772,62958368,7,677.372409,0.000572
batch,r8937440-n43543,0,5760,1623538031,97,40.38,403.8,11112932,62958368,7,667.30545,0.000572
batch,r8937440-n43543,0,5770,1623538041,99,39.9,399,11099752,62892832,7,655.816809,0.000458
batch,r8937440-n43543,0,5780,1623538051,101,40.21,402.1,11107944,62892832,7,665.518257,0.000572
batch,r8937440-n43543,0,5790,1623538061,103,40.04,400.4,11114100,62892832,7,671.441649,0.000572
batch,r8937440-n43543,0,5800,1623538071,105,40.04,400.4,11122320,62892832,7,651.499953,0.000572
batch,r8937440-n43543,0,5810,1623538081,107,40.15,401.5,11128468,62892832,7,676.738008,0.000458
batch,r8937440-n43543,0,5820,1623538091,108,39.59,395.9,11136660,62892832,7,659.532592,0.000572
batch,r8937440-n43543,0,5830,1623538101,110,40.31,403.1,11142736,62892832,7,687.760525,0.000572
batch,r8937440-n43543,0,5840,1623538111,112,39.71,397.1,11150956,62892832,7,676.959227,0.000572
batch,r8937440-n43543,0,5850,1623538121,114,38.69,386.9,11157100,62892832,7,610.810085,0.000458
batch,r8937440-n43543,0,5860,1623538131,116,41.52,415.2,11165292,62892832,7,712.476371,0.000572
batch,r8937440-n43543,0,5870,1623538141,118,40.3,403,11171524,62892832,7,669.413887,0.000572
batch,r8937440-n43543,0,5880,1623538151,120,39.91,399.1,11179716,62892832,7,669.260995,0.000458
batch,r8937440-n43543,0,5890,1623538161,122,40.45,404.5,11185860,62892832,7,673.802372,0.000572
batch,r8937440-n43543,0,5900,1623538171,124,40.35,403.5,11194052,62892832,7,655.171169,0.000572
batch,r8937440-n43543,0,5910,1623538181,126,40.21,402.1,11200196,62892832,7,664.812445,0.000572
batch,r8937440-n43543,0,5920,1623538191,128,40.28,402.8,11208504,62892832,7,651.042847,0.000458
batch,r8937440-n43543,0,5930,1623538201,129,39.39,393.9,11214648,62892832,7,651.30158,0.000572
batch,r8937440-n43543,0,5940,1623538211,131,40.03,400.3,11222892,62892832,7,665.248161,0.000572
batch,r8937440-n43543,0,5950,1623538221,133,39.66,396.6,11229036,62892832,7,678.251966,0.000572
batch,r8937440-n43543,0,5960,1623538231,135,40.35,403.5,11235180,62892832,7,680.35817,0.000458
batch,r8937440-n43543,0,5970,1623538241,137,40.74,407.4,11243372,62892832,7,634.50731,0.000572
batch,r8937440-n43543,0,5980,1623538251,139,39.73,397.3,11249516,62892832,7,672.383102,0.000572
batch,r8937440-n43543,0,5990,1623538261,141,40.21,402.1,11257708,62892832,7,658.426403,0.000572
batch,r8937440-n43543,0,6000,1623538271,142,40.32,403.2,11263852,62892832,7,659.545823,0.000458
batch,r8937440-n43543,0,6010,1623538281,144,38.32,383.2,13854192,71281444,7,623.791154,0.000572
batch,r8937440-n43543,0,6020,1623538291,146,39.48,394.8,11278284,67087136,7,664.428212,0.000458
batch,r8937440-n43543,0,6030,1623538301,148,40.18,401.8,11284644,67087136,7,690.443963,0.000572
batch,r8937440-n43543,0,6040,1623538311,150,40.07,400.7,11292836,67087136,7,658.439981,0.000572
batch,r8937440-n43543,0,6050,1623538321,151,39.33,393.3,11298980,67087136,7,665.574571,0.000458
batch,r8937440-n43543,0,6060,1623538331,153,40.03,400.3,11307172,67087136,7,660.208713,0.000572
batch,r8937440-n43543,0,6070,1623538341,155,39.72,397.2,11313376,67087136,7,669.126745,0.000572
batch,r8937440-n43543,0,6080,1623538351,157,40.05,400.5,11321576,67087136,7,673.419007,0.000572
batch,r8937440-n43543,0,6090,1623538361,158,35.63,356.3,11325680,67087136,7,575.969862,0.000458
batch,r8937440-n43543,0,6100,1623538371,160,42.03,420.3,11333872,67087136,7,707.998597,0.000572
batch,r8937440-n43543,0,6110,1623538381,162,39.82,398.2,11342064,67087136,7,660.659231,0.000458
batch,r8937440-n43543,0,6120,1623538391,164,39.88,398.8,11348260,67087136,7,658.936675,0.000572
batch,r8937440-n43543,0,6130,1623538401,165,40.43,404.3,11356452,67087136,7,679.922069,0.000572
batch,r8937440-n43543,0,6140,1623538411,167,39.92,399.2,11362596,67087136,7,664.476886,0.000572
batch,r8937440-n43543,0,6150,1623538421,169,40.16,401.6,11370828,67087136,7,653.972692,0.000458
batch,r8937440-n43543,0,6160,1623538431,171,39.78,397.8,11376972,67087136,7,669.820183,0.000572
batch,r8937440-n43543,0,6170,1623538441,172,39.75,397.5,11383116,67087136,7,660.399003,0.000572
batch,r8937440-n43543,0,6180,1623538451,174,40.06,400.6,11391308,67087136,7,677.933282,0.000572
batch,r8937440-n43543,0,6190,1623538461,1,40.16,401.6,11397452,67087136,7,653.557743,0.000458
batch,r8937440-n43543,0,6200,1623538471,3,38.98,389.8,11405644,67087136,7,613.88925,0.000572
batch,r8937440-n43543,0,6210,1623538481,5,41.09,410.9,11411984,67087136,7,709.557017,0.000572
batch,r8937440-n43543,0,6220,1623538491,7,40.6,406,11420176,67087136,7,666.259048,0.000458
batch,r8937440-n43543,0,6230,1623538501,9,40.41,404.1,11426416,67087136,7,650.982167,0.000572
batch,r8937440-n43543,0,6240,1623538511,11,39.68,396.8,11434608,67087136,7,672.688312,0.000572
batch,r8937440-n43543,0,6250,1623538521,13,39.91,399.1,11440752,67087136,7,671.817236,0.000572
batch,r8937440-n43543,0,6260,1623538531,15,39.56,395.6,11448944,67087136,7,644.207052,0.000458
batch,r8937440-n43543,0,6270,1623538541,16,40.38,403.8,11455088,67087136,7,681.785325,0.000572
batch,r8937440-n43543,0,6280,1623538551,18,35.71,357.1,11461724,67087136,7,552.152213,0.000572
batch,r8937440-n43543,0,6290,1623538561,20,42.35,423.5,11469936,67087136,7,749.681663,0.000458
batch,r8937440-n43543,0,6300,1623538571,22,39.9,399,11476080,67087136,7,665.81548,0.000572
batch,r8937440-n43543,0,6310,1623538581,24,40.13,401.3,11484272,67087136,7,663.474257,0.000572
batch,r8937440-n43543,0,6320,1623538591,26,39.68,396.8,11490416,67087136,7,672.809733,0.000572
batch,r8937440-n43543,0,6330,1623538601,28,40.48,404.8,11498660,67087136,7,672.692841,0.000458
batch,r8937440-n43543,0,6340,1623538611,30,40.17,401.7,11504804,67087136,7,646.607675,0.000572
batch,r8937440-n43543,0,6350,1623538621,32,39.98,399.8,11513152,67087136,7,700.569129,0.000572
batch,r8937440-n43543,0,6360,1623538631,34,40.52,405.2,11519464,67087136,7,691.630116,0.000458
batch,r8937440-n43543,0,6370,1623538641,36,40.2,402,11527656,67087136,7,677.115395,0.000572
batch,r8937440-n43543,0,6380,1623538651,37,40.35,403.5,11533800,67087136,7,654.872638,0.000572
batch,r8937440-n43543,0,6390,1623538661,39,40.25,402.5,11541992,67087136,7,663.475933,0.000572
batch,r8937440-n43543,0,6400,1623538671,41,40.17,401.7,11548200,67087136,7,662.804138,0.000458
batch,r8937440-n43543,0,6410,1623538681,43,40.01,400.1,11554344,67087136,7,670.719093,0.000572
batch,r8937440-n43543,0,6420,1623538691,45,40.05,400.5,11562536,67087136,7,644.260839,0.000572
batch,r8937440-n43543,0,6430,1623538701,47,39.84,398.4,11568680,67087136,7,652.628041,0.000572
batch,r8937440-n43543,0,6440,1623538711,49,40.37,403.7,11639992,67218208,7,666.211874,0.000458
batch,r8937440-n43543,0,6450,1623538721,51,39.98,399.8,11646136,67218208,7,662.182981,0.000572
batch,r8937440-n43543,0,6460,1623538731,51,18.85,188.5,11648252,67218208,7,164.500101,0.000229
batch,r8937440-n43543,0,6470,1623538741,53,30.13,301.3,11661460,67218208,7,466.134434,0.000343
batch,r8937440-n43543,0,6480,1623538751,55,39.74,397.4,11667604,67218208,7,672.345098,0.000458
batch,r8937440-n43543,0,6490,1623538761,56,40.02,400.2,11675980,67218208,7,676.312421,0.000572
batch,r8937440-n43543,0,6500,1623538771,58,39.98,399.8,11682136,67218208,7,655.173392,0.000572
batch,r8937440-n43543,0,6510,1623538781,60,39.94,399.4,11688280,67218208,7,675.953089,0.000572
batch,r8937440-n43543,0,6520,1623538791,62,38.91,389.1,11696476,67218208,7,654.412465,0.000458
batch,r8937440-n43543,0,6530,1623538801,64,40.95,409.5,11702620,67218208,7,684.191551,0.000572
batch,r8937440-n43543,0,6540,1623538811,65,39.78,397.8,11710812,67218208,7,664.043594,0.000572
batch,r8937440-n43543,0,6550,1623538821,67,40.18,401.8,11717088,67218208,7,673.336068,0.000458
batch,r8937440-n43543,0,6560,1623538831,69,40.15,401.5,11725280,67218208,7,651.087653,0.000572
batch,r8937440-n43543,0,6570,1623538841,71,40.12,401.2,11731424,67218208,7,678.422385,0.000572
batch,r8937440-n43543,0,6580,1623538851,73,40.39,403.9,11739660,67218208,7,661.742019,0.000572
batch,r8937440-n43543,0,6590,1623538861,74,39.7,397,11745804,67218208,7,656.773425,0.000458
batch,r8937440-n43543,0,6600,1623538871,76,40.19,401.9,11753996,67218208,7,685.200438,0.000572
batch,r8937440-n43543,0,6610,1623538881,78,39.92,399.2,11760224,67218208,7,642.858401,0.000572
batch,r8937440-n43543,0,6620,1623538891,80,40.47,404.7,11768416,67218208,7,658.995135,0.000572
batch,r8937440-n43543,0,6630,1623538901,81,39.83,398.3,11774560,67218208,7,676.775002,0.000458
batch,r8937440-n43543,0,6640,1623538911,83,40,400,11782752,67218208,7,652.016167,0.000572
batch,r8937440-n43543,0,6650,1623538921,85,40,400,11788896,67218208,7,679.90076,0.000572
batch,r8937440-n43543,0,6660,1623538931,87,40.07,400.7,11797088,67218208,7,636.255707,0.000572
batch,r8937440-n43543,0,6670,1623538941,88,40.29,402.9,11803232,67218208,7,683.056388,0.000458
batch,r8937440-n43543,0,6680,1623538951,90,39.9,399,11811424,67218208,7,667.799654,0.000572
batch,r8937440-n43543,0,6690,1623538961,92,39.69,396.9,11817568,67218208,7,660.481783,0.000572
batch,r8937440-n43543,0,6700,1623538971,93,39.86,398.6,11823712,67218208,7,677.644088,0.000572
batch,r8937440-n43543,0,6710,1623538981,95,40.27,402.7,11832020,67218208,7,656.981721,0.000458
batch,r8937440-n43543,0,6720,1623538991,97,40.33,403.3,11838164,67218208,7,677.29769,0.000572
batch,r8937440-n43543,0,6730,1623539001,99,40.02,400.2,11846356,67218208,7,655.579394,0.000572
batch,r8937440-n43543,0,6740,1623539011,100,40.35,403.5,11852500,67218208,7,678.369633,0.000572
batch,r8937440-n43543,0,6750,1623539021,102,39.85,398.5,11860692,67218208,7,673.580821,0.000458
batch,r8937440-n43543,0,6760,1623539031,104,40.44,404.4,11866836,67218208,7,685.977831,0.000572
batch,r8937440-n43543,0,6770,1623539041,105,40.01,400.1,11875028,67218208,7,648.075421,0.000572
batch,r8937440-n43543,0,6780,1623539051,107,40.37,403.7,11881172,67218208,7,680.914903,0.000572
batch,r8937440-n43543,0,6790,1623539061,109,40.19,401.9,11889364,67218208,7,662.308139,0.000458
batch,r8937440-n43543,0,6800,1623539071,110,39.96,399.6,11895508,67218208,7,663.040238,0.000572
batch,r8937440-n43543,0,6810,1623539081,112,39.97,399.7,11903944,67218208,7,660.847566,0.000572
batch,r8937440-n43543,0,6820,1623539091,114,39.62,396.2,11910088,67218208,7,648.4424,0.000572
batch,r8937440-n43543,0,6830,1623539101,115,40.22,402.2,11918280,67218208,7,662.45128,0.000458
batch,r8937440-n43543,0,6840,1623539111,117,40.76,407.6,11924424,67218208,7,677.11496,0.000572
batch,r8937440-n43543,0,6850,1623539121,119,40.25,402.5,11932616,67218208,7,673.717108,0.000572
batch,r8937440-n43543,0,6860,1623539131,120,40.47,404.7,11938760,67218208,7,679.095483,0.000572
batch,r8937440-n43543,0,6870,1623539141,122,40.31,403.1,11946952,67218208,7,656.338531,0.000458
batch,r8937440-n43543,0,6880,1623539151,123,40.67,406.7,11953096,67218208,7,661.893418,0.000572
batch,r8937440-n43543,0,6890,1623539161,125,39.88,398.8,11959240,67218208,7,659.891675,0.000572
batch,r8937440-n43543,0,6900,1623539171,127,40.24,402.4,11967432,67218208,7,661.333818,0.000572
batch,r8937440-n43543,0,6910,1623539181,128,34.76,347.6,11973576,67218208,7,509.337684,0.000458
batch,r8937440-n43543,0,6920,1623539191,130,43.09,430.9,11945732,67152672,7,768.256104,0.000572
batch,r8937440-n43543,0,6930,1623539201,131,39.97,399.7,11951876,67152672,7,688.080685,0.000458
batch,r8937440-n43543,0,6940,1623539211,133,39.83,398.3,11960068,67152672,7,655.210511,0.000572
batch,r8937440-n43543,0,6950,1623539221,135,39.03,390.3,11966212,67152672,7,630.841166,0.000572
batch,r8937440-n43543,0,6960,1623539231,136,41.05,410.5,11974404,67152672,7,679.967589,0.000572
batch,r8937440-n43543,0,6970,1623539241,137,29.1,291,11978500,67152672,7,406.369085,0.000343
batch,r8937440-n43543,0,6980,1623539251,139,43.34,433.4,11986692,67152672,7,769.11552,0.000572
batch,r8937440-n43543,0,6990,1623539261,141,40.14,401.4,11992836,67152672,7,672.451659,0.000572
batch,r8937440-n43543,0,7000,1623539271,142,40.29,402.9,12001028,67152672,7,671.183979,0.000458
batch,r8937440-n43543,0,7010,1623539281,144,40.28,402.8,12007172,67152672,7,666.35836,0.000572
batch,r8937440-n43543,0,7020,1623539291,145,39.94,399.4,12013552,67152672,7,649.582589,0.000572
batch,r8937440-n43543,0,7030,1623539301,147,39.73,397.3,12021744,67152672,7,649.882766,0.000572
batch,r8937440-n43543,0,7040,1623539311,148,40.08,400.8,12027888,67152672,7,666.388793,0.000458
batch,r8937440-n43543,0,7050,1623539321,150,40.05,400.5,12036136,67152672,7,660.759233,0.000572
batch,r8937440-n43543,0,7060,1623539331,151,38.87,388.7,12042280,67152672,7,621.479442,0.000572
batch,r8937440-n43543,0,7070,1623539341,0,41.19,411.9,12050472,67152672,7,724.718691,0.000572
batch,r8937440-n43543,0,7080,1623539351,1,39.81,398.1,12056616,67152672,7,666.722455,0.000458
batch,r8937440-n43543,0,7090,1623539361,3,39.8,398,12064808,67152672,7,669.536753,0.000572
batch,r8937440-n43543,0,7100,1623539371,5,39.99,399.9,12070952,67152672,7,661.344563,0.000572
batch,r8937440-n43543,0,7110,1623539381,7,39.93,399.3,12079144,67152672,7,680.716003,0.000572
batch,r8937440-n43543,0,7120,1623539391,8,39.86,398.6,12085288,67152672,7,665.273769,0.000458
batch,r8937440-n43543,0,7130,1623539401,10,39.79,397.9,12093480,67152672,7,668.398655,0.000572
batch,r8937440-n43543,0,7140,1623539411,12,38.4,384,12099624,67152672,7,585.11777,0.000572
batch,r8937440-n43543,0,7150,1623539421,14,42.05,420.5,12108052,67152672,7,728.896482,0.000572
batch,r8937440-n43543,0,7160,1623539431,15,33.51,335.1,12112148,67152672,7,469.134948,0.000458
batch,r8937440-n43543,0,7170,1623539441,16,32.93,329.3,12118292,67152672,7,529.48269,0.000343
batch,r8937440-n43543,0,7180,1623539451,18,39.69,396.9,12124436,67152672,7,700.967153,0.000572
batch,r8937440-n43543,0,7190,1623539461,20,42.13,421.3,12132628,67152672,7,697.977037,0.000572
batch,r8937440-n43543,0,7200,1623539471,21,36.05,360.5,12138772,67152672,7,575.102912,0.000458
batch,r8937440-n43543,0,7210,1623539481,23,39.97,399.7,12146964,67152672,7,663.477592,0.000572
batch,r8937440-n43543,0,7220,1623539491,25,40.22,402.2,12153356,67152672,7,683.906444,0.000458
batch,r8937440-n43543,0,7230,1623539501,26,36.74,367.4,12159500,67152672,7,592.499229,0.000458
batch,r8937440-n43543,0,7240,1623539511,28,40.09,400.9,12167692,67152672,7,681.548839,0.000572
batch,r8937440-n43543,0,7250,1623539521,29,27.6,276,12171788,67152672,7,351.716544,0.000458
batch,r8937440-n43543,0,7260,1623539531,30,23.42,234.2,12173836,67152672,7,294.429806,0.000229
batch,r8937440-n43543,0,7270,1623539541,32,36.83,368.3,12179980,67152672,7,630.244333,0.000343
batch,r8937440-n43543,0,7280,1623539551,33,36.09,360.9,12186148,67152672,7,529.181214,0.000572
batch,r8937440-n43543,0,7290,1623539561,35,41.62,416.2,12194340,67152672,7,728.000511,0.000458
batch,r8937440-n43543,0,7300,1623539571,36,37.68,376.8,12200640,67152672,7,595.253851,0.000572
batch,r8937440-n43543,0,7310,1623539581,38,42.32,423.2,12208944,67152672,7,733.353044,0.000572
batch,r8937440-n43543,0,7320,1623539591,40,40.31,403.1,12215088,67152928,7,675.781897,0.000572
batch,r8937440-n43543,0,7330,1623539601,41,39.68,396.8,12223280,67152928,7,659.182665,0.000458
batch,r8937440-n43543,0,7340,1623539611,43,40.39,403.9,12229424,67152928,7,691.883506,0.000572
batch,r8937440-n43543,0,7350,1623539621,45,39.81,398.1,12237616,67152928,7,642.65314,0.000572
batch,r8937440-n43543,0,7360,1623539631,46,39.86,398.6,12243836,67152928,7,673.088178,0.000572
batch,r8937440-n43543,0,7370,1623539641,48,40.18,401.8,12252028,67152928,7,654.448134,0.000458
batch,r8937440-n43543,0,7380,1623539651,49,36.62,366.2,12258172,67152928,7,592.430324,0.000572
batch,r8937440-n43543,0,7390,1623539661,51,38.62,386.2,12264316,67152928,7,607.776941,0.000572
batch,r8937440-n43543,0,7400,1623539671,53,41.42,414.2,12272708,67152928,7,718.757985,0.000458
batch,r8937440-n43543,0,7410,1623539681,54,39.84,398.4,12278852,67152928,7,678.51239,0.000572
batch,r8937440-n43543,0,7420,1623539691,56,40.06,400.6,12287044,67152928,7,653.994773,0.000572
batch,r8937440-n43543,0,7430,1623539701,57,40.15,401.5,12293188,67152928,7,666.348476,0.000458
batch,r8937440-n43543,0,7440,1623539711,59,39.81,398.1,12301380,67152928,7,659.869555,0.000572
batch,r8937440-n43543,0,7450,1623539721,61,39.82,398.2,12307524,67152928,7,666.797283,0.000572
batch,r8937440-n43543,0,7460,1623539731,62,40.25,402.5,12315788,67152928,7,667.533339,0.000572
batch,r8937440-n43543,0,7470,1623539741,64,39.55,395.5,12321932,67152928,7,688.449196,0.000458
batch,r8937440-n43543,0,7480,1623539751,65,39.99,399.9,12330124,67152928,7,661.426996,0.000572
batch,r8937440-n43543,0,7490,1623539761,67,39.73,397.3,12336268,67152928,7,648.348423,0.000572
batch,r8937440-n43543,0,7500,1623539771,68,40.28,402.8,12344460,67152928,7,670.970072,0.000572
batch,r8937440-n43543,0,7510,1623539781,70,39.8,398,12350708,67152928,7,668.641113,0.000458
batch,r8937440-n43543,0,7520,1623539791,71,40.08,400.8,12359028,67152928,7,681.206168,0.000572
batch,r8937440-n43543,0,7530,1623539801,73,38.83,388.3,12365172,67152928,7,606.702031,0.000572
batch,r8937440-n43543,0,7540,1623539811,74,36.06,360.6,12371316,67152928,7,586.014761,0.000458
batch,r8937440-n43543,0,7550,1623539821,76,39.67,396.7,12377460,67152928,7,677.188067,0.000458
batch,r8937440-n43543,0,7560,1623539831,77,37.56,375.6,12383604,67152928,7,572.691139,0.000572
batch,r8937440-n43543,0,7570,1623539841,79,42.27,422.7,12400588,67152928,7,758.583012,0.000572
batch,r8937440-n43543,0,7580,1623539851,81,40.49,404.9,12408936,67152928,7,673.82923,0.000458
batch,r8937440-n43543,0,7590,1623539861,82,40.43,404.3,12415296,67152928,7,675.459207,0.000572
batch,r8937440-n43543,0,7600,1623539871,84,40.34,403.4,12423488,67152928,7,647.496803,0.000572
batch,r8937440-n43543,0,7610,1623539881,85,39.66,396.6,12429632,67152928,7,667.144704,0.000572
batch,r8937440-n43543,0,7620,1623539891,87,40.35,403.5,12435912,67152928,7,655.851207,0.000458
batch,r8937440-n43543,0,7630,1623539901,88,39.91,399.1,12444104,67152928,7,651.561715,0.000572
batch,r8937440-n43543,0,7640,1623539911,90,40.18,401.8,12450248,67152928,7,691.184088,0.000572
batch,r8937440-n43543,0,7650,1623539921,91,40.4,404,12458440,67152928,7,683.670365,0.000572
batch,r8937440-n43543,0,7660,1623539931,93,40.51,405.1,12464584,67152928,7,654.913186,0.000458
batch,r8937440-n43543,0,7670,1623539941,94,40.05,400.5,12472776,67152928,7,667.744545,0.000572
batch,r8937440-n43543,0,7680,1623539951,96,40.1,401,12479028,67152928,7,675.054343,0.000572
batch,r8937440-n43543,0,7690,1623539961,97,40.09,400.9,12487220,67152928,7,669.590783,0.000572
batch,r8937440-n43543,0,7700,1623539971,99,39.69,396.9,12493364,67152928,7,673.923467,0.000458
batch,r8937440-n43543,0,7710,1623539981,100,39.42,394.2,12501556,67152928,7,625.33001,0.000572
batch,r8937440-n43543,0,7720,1623539991,102,40.55,405.5,12507700,67152928,7,680.697981,0.000572
batch,r8937440-n43543,0,7730,1623540001,103,40.02,400.2,12515892,67152928,7,667.811018,0.000572
batch,r8937440-n43543,0,7740,1623540011,104,39.76,397.6,12522228,67152928,7,657.613818,0.000458
batch,r8937440-n43543,0,7750,1623540021,106,38.26,382.6,12528372,67152928,7,637.345223,0.000572
batch,r8937440-n43543,0,7760,1623540031,107,41.89,418.9,12536564,67152928,7,707.845554,0.000572
batch,r8937440-n43543,0,7770,1623540041,109,39.79,397.9,12544904,67152928,7,671.61242,0.000572
batch,r8937440-n43543,0,7780,1623540051,110,40.05,400.5,12551052,67152928,7,681.480138,0.000458
batch,r8937440-n43543,0,7790,1623540061,112,40.01,400.1,12559244,67152928,7,688.934842,0.000572
batch,r8937440-n43543,0,7800,1623540071,113,40,400,12565388,67152928,7,664.209775,0.000572
batch,r8937440-n43543,0,7810,1623540081,115,40.08,400.8,12573628,67152928,7,679.382061,0.000572
batch,r8937440-n43543,0,7820,1623540091,116,40.56,405.6,12579772,67152928,7,648.832462,0.000458
batch,r8937440-n43543,0,7830,1623540101,118,39.66,396.6,12585920,67152928,7,653.351729,0.000572
batch,r8937440-n43543,0,7840,1623540111,119,39.93,399.3,12594112,67152928,7,678.150528,0.000572
batch,r8937440-n43543,0,7850,1623540121,120,38.64,386.4,12577000,67087392,7,636.373597,0.000572
batch,r8937440-n43543,0,7860,1623540131,122,41.31,413.1,12585216,67087392,7,693.411606,0.000458
batch,r8937440-n43543,0,7870,1623540141,123,39.95,399.5,12591360,67087392,7,653.626575,0.000572
batch,r8937440-n43543,0,7880,1623540151,125,39.89,398.9,12599552,67087392,7,665.706875,0.000572
batch,r8937440-n43543,0,7890,1623540161,126,40.18,401.8,12605696,67087392,7,681.73879,0.000572
batch,r8937440-n43543,0,7900,1623540171,127,40.19,401.9,12613888,67087392,7,660.174401,0.000458
batch,r8937440-n43543,0,7910,1623540181,129,40.33,403.3,12620032,67087392,7,677.315008,0.000572
batch,r8937440-n43543,0,7920,1623540191,130,39.85,398.5,12628224,67087392,7,648.863418,0.000572
batch,r8937440-n43543,0,7930,1623540201,132,41.16,411.6,12634368,67087392,7,710.142342,0.000572
batch,r8937440-n43543,0,7940,1623540211,133,40.47,404.7,12642560,67087392,7,658.104177,0.000458
batch,r8937440-n43543,0,7950,1623540221,134,40.24,402.4,12648704,67087392,7,650.340242,0.000572
batch,r8937440-n43543,0,7960,1623540231,0,40.6,406,12654848,67087392,7,661.759624,0.000572
batch,r8937440-n43543,0,7970,1623540241,1,40.04,400.4,12639996,67021856,7,658.767634,0.000458
batch,r8937440-n43543,0,7980,1623540251,3,40.56,405.6,12646140,67021856,7,661.734944,0.000572
batch,r8937440-n43543,0,7990,1623540261,4,39.09,390.9,12654512,67021856,7,634.30706,0.000572
batch,r8937440-n43543,0,8000,1623540271,6,40.18,401.8,12660656,67021856,7,649.8792,0.000458
batch,r8937440-n43543,0,8010,1623540281,7,39.7,397,12668848,67021856,7,660.895855,0.000572
batch,r8937440-n43543,0,8020,1623540291,9,39.79,397.9,12674992,67021856,7,662.687901,0.000572
batch,r8937440-n43543,0,8030,1623540301,10,39.19,391.9,12683220,67021856,7,666.599049,0.000572
batch,r8937440-n43543,0,8040,1623540311,12,39.89,398.9,12689364,67021856,7,658.760107,0.000458
batch,r8937440-n43543,0,8050,1623540321,13,39.73,397.3,12697668,67021856,7,660.178048,0.000572
batch,r8937440-n43543,0,8060,1623540331,15,40.16,401.6,12703812,67021856,7,684.388567,0.000572
batch,r8937440-n43543,0,8070,1623540341,16,39.35,393.5,12712004,67021856,7,646.042312,0.000572
batch,r8937440-n43543,0,8080,1623540351,18,40.48,404.8,12718148,67021856,7,677.931359,0.000458
batch,r8937440-n43543,0,8090,1623540361,19,39.98,399.8,12726340,67021856,7,660.320636,0.000572
batch,r8937440-n43543,0,8100,1623540371,21,38.79,387.9,12732484,67021856,7,624.433092,0.000572
batch,r8937440-n43543,0,8110,1623540381,22,39.87,398.7,12738628,67021856,7,682.995012,0.000458
batch,r8937440-n43543,0,8120,1623540391,24,40.49,404.9,12746916,67021856,7,670.54846,0.000572
batch,r8937440-n43543,0,8130,1623540401,25,39.75,397.5,12753060,67021856,7,649.507354,0.000572
batch,r8937440-n43543,0,8140,1623540411,27,40.33,403.3,12761252,67021856,7,680.972694,0.000572
batch,r8937440-n43543,0,8150,1623540421,28,39.37,393.7,12767396,67021856,7,649.318226,0.000458
batch,r8937440-n43543,0,8160,1623540431,30,39.2,392,12773648,67021856,7,619.393407,0.000572
batch,r8937440-n43543,0,8170,1623540441,31,40.13,401.3,12781840,67021856,7,705.186901,0.000572
batch,r8937440-n43543,0,8180,1623540451,33,40.32,403.2,12787984,67021856,7,660.528244,0.000458
batch,r8937440-n43543,0,8190,1623540461,34,40.13,401.3,12796176,67021856,7,676.107239,0.000572
batch,r8937440-n43543,0,8200,1623540471,36,40.19,401.9,12802320,67021856,7,678.741999,0.000572
batch,r8937440-n43543,0,8210,1623540481,37,39.97,399.7,12810512,67021856,7,672.415491,0.000572
batch,r8937440-n43543,0,8220,1623540491,39,40.28,402.8,12816760,67021856,7,666.645527,0.000458
batch,r8937440-n43543,0,8230,1623540501,40,40.15,401.5,12824952,67021856,7,682.318104,0.000572
batch,r8937440-n43543,0,8240,1623540511,42,40.1,401,12831096,67021856,7,649.140834,0.000572
batch,r8937440-n43543,0,8250,1623540521,43,39.91,399.1,12839460,67021856,7,665.07627,0.000572
batch,r8937440-n43543,0,8260,1623540531,45,40.39,403.9,12845604,67021856,7,672.639974,0.000458
batch,r8937440-n43543,0,8270,1623540541,46,40.45,404.5,12853864,67021856,7,677.205961,0.000572
batch,r8937440-n43543,0,8280,1623540551,47,39.78,397.8,12860008,67021856,7,655.25298,0.000572
batch,r8937440-n43543,0,8290,1623540561,49,39.8,398,12868236,67021856,7,673.004641,0.000572
batch,r8937440-n43543,0,8300,1623540571,50,40.28,402.8,12874416,67021856,7,672.331271,0.000458
batch,r8937440-n43543,0,8310,1623540581,52,40.28,402.8,12882608,67021856,7,677.274028,0.000572
batch,r8937440-n43543,0,8320,1623540591,53,40.46,404.6,12888752,67021856,7,673.300127,0.000572
batch,r8937440-n43543,0,8330,1623540601,55,40.47,404.7,12896992,67021856,7,669.657247,0.000572
batch,r8937440-n43543,0,8340,1623540611,56,40.339,403.39,12903136,67021856,7,643.029067,0.000458
batch,r8937440-n43543,0,8350,1623540621,57,40.141,401.41,12909280,67021856,7,687.565828,0.000572
batch,r8937440-n43543,0,8360,1623540631,59,40.2,402,12917540,67021856,7,679.170069,0.000572
batch,r8937440-n43543,0,8370,1623540641,60,39.73,397.3,12923684,67021856,7,655.294172,0.000572
batch,r8937440-n43543,0,8380,1623540651,62,40.45,404.5,12931936,67021856,7,694.495253,0.000458
batch,r8937440-n43543,0,8390,1623540661,63,39.81,398.1,12938080,67021856,7,658.097207,0.000572
batch,r8937440-n43543,0,8400,1623540671,64,40.01,400.1,12946272,67021856,7,673.818257,0.000572
batch,r8937440-n43543,0,8410,1623540681,66,39.92,399.2,12952416,67021856,7,685.556335,0.000572
batch,r8937440-n43543,0,8420,1623540691,67,40.32,403.2,12960608,67021856,7,683.646032,0.000458
batch,r8937440-n43543,0,8430,1623540701,69,40.06,400.6,12966752,67021856,7,654.482299,0.000572
batch,r8937440-n43543,0,8440,1623540711,70,40.21,402.1,12974944,67021856,7,658.050518,0.000572
batch,r8937440-n43543,0,8450,1623540721,71,39.899,398.99,12981088,67021856,7,663.820012,0.000572
batch,r8937440-n43543,0,8460,1623540731,73,39.821,398.21,12989280,67021856,7,686.866329,0.000458
batch,r8937440-n43543,0,8470,1623540741,74,39.9,399,12995528,67021856,7,663.03882,0.000572
batch,r8937440-n43543,0,8480,1623540751,76,40.62,406.2,13003720,67021856,7,685.893193,0.000572
batch,r8937440-n43543,0,8490,1623540761,77,40.02,400.2,13009864,67021856,7,655.308302,0.000572
batch,r8937440-n43543,0,8500,1623540771,78,39.83,398.3,13018056,67021856,7,665.244519,0.000458
batch,r8937440-n43543,0,8510,1623540781,80,39.84,398.4,13024376,67021856,7,680.571651,0.000572
batch,r8937440-n43543,0,8520,1623540791,81,39.26,392.6,13032568,67021856,7,619.742604,0.000572
batch,r8937440-n43543,0,8530,1623540801,82,40.72,407.2,13038712,67021856,7,686.836596,0.000572
batch,r8937440-n43543,0,8540,1623540811,84,39.92,399.2,13046904,67021856,7,662.951793,0.000458
batch,r8937440-n43543,0,8550,1623540821,85,40.15,401.5,13053048,67021856,7,680.242578,0.000572
batch,r8937440-n43543,0,8560,1623540831,86,39.95,399.5,13059236,67021856,7,653.724638,0.000572
batch,r8937440-n43543,0,8570,1623540841,88,40.25,402.5,13067428,67021856,7,670.641202,0.000572
batch,r8937440-n43543,0,8580,1623540851,89,40.22,402.2,13075280,67021856,7,671.910941,0.000458
batch,r8937440-n43543,0,8590,1623540861,90,40.04,400.4,13176776,67218464,7,682.975106,0.000572
batch,r8937440-n43543,0,8600,1623540871,92,39.89,398.9,13183084,67218464,7,649.250656,0.000572
batch,r8937440-n43543,0,8610,1623540881,93,40.14,401.4,13195224,67218464,7,675.057157,0.000572
batch,r8937440-n43543,0,8620,1623540891,94,39.94,399.4,13201428,67218464,7,671.988044,0.000458
batch,r8937440-n43543,0,8630,1623540901,96,39.93,399.3,13211280,67218464,7,670.707457,0.000572
batch,r8937440-n43543,0,8640,1623540911,97,40.25,402.5,13217944,67218464,7,662.635397,0.000572
batch,r8937440-n43543,0,8650,1623540921,98,40.1,401,13226136,67218464,7,652.308528,0.000458
batch,r8937440-n43543,0,8660,1623540931,100,40.11,401.1,13232444,67218464,7,675.403744,0.000572
batch,r8937440-n43543,0,8670,1623540941,101,39.77,397.7,13240712,67218464,7,668.159297,0.000572
batch,r8937440-n43543,0,8680,1623540951,102,40.36,403.6,13246856,67218464,7,670.459545,0.000572
batch,r8937440-n43543,0,8690,1623540961,104,40.47,404.7,13255048,67218464,7,650.699492,0.000458
batch,r8937440-n43543,0,8700,1623540971,105,40.3,403,13261192,67218464,7,658.314408,0.000572
batch,r8937440-n43543,0,8710,1623540981,106,40.39,403.9,13269384,67218464,7,671.808517,0.000572
batch,r8937440-n43543,0,8720,1623540991,108,39.53,395.3,13275528,67218464,7,661.635316,0.000572
batch,r8937440-n43543,0,8730,1623541001,109,40.42,404.2,13283720,67218464,7,682.320768,0.000458
batch,r8937440-n43543,0,8740,1623541011,110,39.98,399.8,13289864,67218464,7,660.963973,0.000572
batch,r8937440-n43543,0,8750,1623541021,111,39.75,397.5,13296100,67218464,7,663.075955,0.000572
batch,r8937440-n43543,0,8760,1623541031,113,36.4,364,13316496,67218464,7,591.840933,0.000458
batch,r8937440-n43543,0,8770,1623541041,114,42.77,427.7,13324688,67218464,7,718.507771,0.000572
batch,r8937440-n43543,0,8780,1623541051,115,40.15,401.5,13333060,67218464,7,669.647928,0.000572
batch,r8937440-n43543,0,8790,1623541061,116,39.78,397.8,13339204,67218464,7,653.357628,0.000572
batch,r8937440-n43543,0,8800,1623541071,118,40.22,402.2,13347464,67218464,7,677.291306,0.000458
batch,r8937440-n43543,0,8810,1623541081,119,34.71,347.1,13351560,67218464,7,486.825831,0.000572
batch,r8937440-n43543,0,8820,1623541091,120,42.99,429.9,13359828,67218464,7,758.854452,0.000458
batch,r8937440-n43543,0,8830,1623541101,121,40.33,403.3,13368020,67218464,7,660.240655,0.000572
batch,r8937440-n43543,0,8840,1623541111,0,40.16,401.6,13374240,67218464,7,668.172134,0.000572
batch,r8937440-n43543,0,8850,1623541121,2,39.63,396.3,13382432,67218464,7,681.849423,0.000572
batch,r8937440-n43543,0,8860,1623541131,3,40.42,404.2,13388672,67218464,7,662.341098,0.000458
batch,r8937440-n43543,0,8870,1623541141,4,40.08,400.8,13396904,67218464,7,659.388697,0.000572
batch,r8937440-n43543,0,8880,1623541151,6,37.3,373,13403048,67218464,7,605.187046,0.000458
batch,r8937440-n43543,0,8890,1623541161,7,39.69,396.9,13409228,67218464,7,669.563512,0.000572
batch,r8937440-n43543,0,8900,1623541171,8,40.07,400.7,13417420,67218464,7,674.492458,0.000572
batch,r8937440-n43543,0,8910,1623541181,10,40.05,400.5,13423656,67218464,7,661.514566,0.000572
batch,r8937440-n43543,0,8920,1623541191,11,40.28,402.8,13431880,67218464,7,684.338224,0.000458
batch,r8937440-n43543,0,8930,1623541201,13,39.69,396.9,13438024,67218464,7,677.81284,0.000572
batch,r8937440-n43543,0,8940,1623541211,14,40.26,402.6,13446248,67218464,7,676.01262,0.000572
batch,r8937440-n43543,0,8950,1623541221,15,40.07,400.7,13452392,67218464,7,667.929778,0.000572
batch,r8937440-n43543,0,8960,1623541231,17,40.89,408.9,13460584,67218464,7,683.964905,0.000458
batch,r8937440-n43543,0,8970,1623541241,18,40.28,402.8,13466728,67218464,7,658.874448,0.000572
batch,r8937440-n43543,0,8980,1623541251,19,40.42,404.2,13474920,67218464,7,674.002513,0.000572
batch,r8937440-n43543,0,8990,1623541261,21,39.56,395.6,13481160,67218464,7,650.082492,0.000572
batch,r8937440-n43543,0,9000,1623541271,22,39.88,398.8,13489352,67218464,7,653.039699,0.000458
batch,r8937440-n43543,0,9010,1623541281,23,39.78,397.8,13495496,67218464,7,678.264357,0.000572
batch,r8937440-n43543,0,9020,1623541291,25,40.18,401.8,13501640,67218464,7,670.587261,0.000572
batch,r8937440-n43543,0,9030,1623541301,26,40.1,401,13509832,67218464,7,673.818628,0.000572
batch,r8937440-n43543,0,9040,1623541311,28,39.93,399.3,13515976,67218464,7,656.540213,0.000458
batch,r8937440-n43543,0,9050,1623541321,29,40.05,400.5,13524168,67218464,7,660.001237,0.000572
batch,r8937440-n43543,0,9060,1623541331,30,39.72,397.2,13530312,67218464,7,641.55336,0.000572
batch,r8937440-n43543,0,9070,1623541341,31,38.73,387.3,13538504,67218464,7,663.230859,0.000572
batch,r8937440-n43543,0,9080,1623541351,33,41.4,414,13544648,67218464,7,676.012269,0.000458
batch,r8937440-n43543,0,9090,1623541361,34,40.22,402.2,13552948,67218464,7,669.69248,0.000572
batch,r8937440-n43543,0,9100,1623541371,35,40.34,403.4,13559092,67218464,7,654.958539,0.000572
batch,r8937440-n43543,0,9110,1623541381,37,39.72,397.2,13567284,67218464,7,677.866566,0.000572
batch,r8937440-n43543,0,9120,1623541391,38,40.3,403,13573648,67218464,7,677.549657,0.000458
batch,r8937440-n43543,0,9130,1623541401,39,40.29,402.9,13581840,67218464,7,653.311957,0.000572
batch,r8937440-n43543,0,9140,1623541411,41,40.12,401.2,13587984,67218464,7,659.757341,0.000572
batch,r8937440-n43543,0,9150,1623541421,42,39.7,397,13596176,67218464,7,669.613965,0.000572
batch,r8937440-n43543,0,9160,1623541431,43,40.36,403.6,13602320,67218464,7,672.690803,0.000458
batch,r8937440-n43543,0,9170,1623541441,45,40.14,401.4,13610560,67218464,7,667.864721,0.000572
batch,r8937440-n43543,0,9180,1623541451,46,40.2,402,13616704,67218464,7,664.682269,0.000572
batch,r8937440-n43543,0,9190,1623541461,47,39.94,399.4,13624896,67218464,7,650.603896,0.000572
batch,r8937440-n43543,0,9200,1623541471,49,40.06,400.6,13631072,67218464,7,662.197845,0.000458
batch,r8937440-n43543,0,9210,1623541481,50,39.84,398.4,13637216,67218464,7,670.419823,0.000572
batch,r8937440-n43543,0,9220,1623541491,51,40.1,401,13645408,67218464,7,662.045675,0.000572
batch,r8937440-n43543,0,9230,1623541501,52,39.78,397.8,13651552,67218464,7,661.800984,0.000572
batch,r8937440-n43543,0,9240,1623541511,54,39.83,398.3,13659828,67218464,7,651.800224,0.000458
batch,r8937440-n43543,0,9250,1623541521,55,40.39,403.9,13665972,67218464,7,678.369606,0.000572
batch,r8937440-n43543,0,9260,1623541531,56,40.41,404.1,13674164,67218464,7,658.033712,0.000572
batch,r8937440-n43543,0,9270,1623541541,58,40.06,400.6,13680308,67218464,7,692.359436,0.000572
batch,r8937440-n43543,0,9280,1623541551,59,40.27,402.7,13688680,67218464,7,660.693899,0.000458
batch,r8937440-n43543,0,9290,1623541561,60,39.87,398.7,13694824,67218464,7,653.089505,0.000572
batch,r8937440-n43543,0,9300,1623541571,61,40.02,400.2,13703016,67218464,7,675.054612,0.000572
batch,r8937440-n43543,0,9310,1623541581,63,39.69,396.9,13709160,67218464,7,665.926227,0.000458
batch,r8937440-n43543,0,9320,1623541591,64,40.17,401.7,13717352,67218464,7,663.48371,0.000572
batch,r8937440-n43543,0,9330,1623541601,65,40.38,403.8,13723496,67218464,7,677.426064,0.000572
batch,r8937440-n43543,0,9340,1623541611,66,39.87,398.7,13731688,67218464,7,638.757165,0.000572
batch,r8937440-n43543,0,9350,1623541621,68,40.22,402.2,13737832,67218464,7,662.743423,0.000458
batch,r8937440-n43543,0,9360,1623541631,69,39.76,397.6,13746024,67218464,7,668.086153,0.000572
batch,r8937440-n43543,0,9370,1623541641,70,40.21,402.1,13752260,67218464,7,655.619276,0.000572
batch,r8937440-n43543,0,9380,1623541651,71,39.75,397.5,13758604,67218464,7,684.960526,0.000572
batch,r8937440-n43543,0,9390,1623541661,73,40.56,405.6,13766796,67218464,7,678.254214,0.000458
batch,r8937440-n43543,0,9400,1623541671,74,40.03,400.3,13772940,67218464,7,658.729326,0.000572
batch,r8937440-n43543,0,9410,1623541681,75,40.41,404.1,13781132,67218464,7,682.13956,0.000572
batch,r8937440-n43543,0,9420,1623541691,76,39.89,398.9,13787316,67218464,7,664.240499,0.000572
batch,r8937440-n43543,0,9430,1623541701,78,40.25,402.5,13795508,67218464,7,676.365701,0.000458
batch,r8937440-n43543,0,9440,1623541711,79,40.24,402.4,13801728,67218464,7,679.136021,0.000572
batch,r8937440-n43543,0,9450,1623541721,80,39.83,398.3,13809968,67218464,7,668.754112,0.000572
batch,r8937440-n43543,0,9460,1623541731,81,40.14,401.4,13816124,67218464,7,669.456393,0.000572
batch,r8937440-n43543,0,9470,1623541741,82,39.74,397.4,13824360,67218464,7,666.305887,0.000458
batch,r8937440-n43543,0,9480,1623541751,84,39.73,397.3,13830504,67218464,7,676.899673,0.000572
batch,r8937440-n43543,0,9490,1623541761,85,40.52,405.2,13838696,67218464,7,663.511376,0.000572
batch,r8937440-n43543,0,9500,1623541771,86,33.73,337.3,13842792,67218464,7,524.513563,0.000458
batch,r8937440-n43543,0,9510,1623541781,87,34.74,347.4,13848940,67218464,7,537.64495,0.000458
batch,r8937440-n43543,0,9520,1623541791,88,43.08,430.8,13857132,67218464,7,757.753137,0.000572
batch,r8937440-n43543,0,9530,1623541801,89,39.72,397.2,13865324,67218464,7,655.767679,0.000458
batch,r8937440-n43543,0,9540,1623541811,91,40.26,402.6,13871632,67218464,7,685.631932,0.000572
batch,r8937440-n43543,0,9550,1623541821,92,38.43,384.3,13877776,67218464,7,615.226271,0.000572
batch,r8937440-n43543,0,9560,1623541831,93,41,410,13885968,67218464,7,699.438816,0.000572
batch,r8937440-n43543,0,9570,1623541841,94,39.47,394.7,13892156,67218464,7,651.113862,0.000458
batch,r8937440-n43543,0,9580,1623541851,95,40.37,403.7,13900348,67218464,7,651.119284,0.000572
batch,r8937440-n43543,0,9590,1623541861,97,39.56,395.6,13906560,67218464,7,651.253747,0.000572
batch,r8937440-n43543,0,9600,1623541871,98,40.18,401.8,13914756,67218720,7,687.657454,0.000458
batch,r8937440-n43543,0,9610,1623541881,99,40.19,401.9,13920900,67218720,7,662.669694,0.000572
batch,r8937440-n43543,0,9620,1623541891,100,40.71,407.1,13929092,67218720,7,660.770473,0.000572
batch,r8937440-n43543,0,9630,1623541901,101,39.93,399.3,13935236,67218720,7,659.137037,0.000572
batch,r8937440-n43543,0,9640,1623541911,103,39.97,399.7,13943428,67218720,7,665.948763,0.000458
batch,r8937440-n43543,0,9650,1623541921,104,39.99,399.9,13949572,67218720,7,649.759231,0.000572
batch,r8937440-n43543,0,9660,1623541931,105,40.39,403.9,13957804,67218720,7,693.195422,0.000572
batch,r8937440-n43543,0,9670,1623541941,106,40.18,401.8,13963948,67218720,7,648.741776,0.000572
batch,r8937440-n43543,0,9680,1623541951,107,30.69,306.9,13968044,67218720,7,461.000152,0.000343
batch,r8937440-n43543,0,9690,1623541961,108,42.49,424.9,13976236,67218720,7,734.717874,0.000572
batch,r8937440-n43543,0,9700,1623541971,109,40.01,400.1,13984440,67218720,7,654.121748,0.000572
batch,r8937440-n43543,0,9710,1623541981,111,40.37,403.7,13990752,67218720,7,682.931187,0.000572
batch,r8937440-n43543,0,9720,1623541991,0,39.92,399.2,13998944,67218720,7,656.790474,0.000458
batch,r8937440-n43543,0,9730,1623542001,2,40.07,400.7,14005088,67218720,7,668.503677,0.000572
batch,r8937440-n43543,0,9740,1623542011,3,40.05,400.5,14013280,67218720,7,661.460795,0.000572
batch,r8937440-n43543,0,9750,1623542021,4,40.24,402.4,14019424,67218720,7,666.344905,0.000572
batch,r8937440-n43543,0,9760,1623542031,5,33.7,337,14025568,67218720,7,487.726259,0.000458
batch,r8937440-n43543,0,9770,1623542041,6,34.47,344.7,14031776,67218720,7,561.481087,0.000343
batch,r8937440-n43543,0,9780,1623542051,7,39.92,399.2,14037920,67218720,7,685.915947,0.000572
batch,r8937440-n43543,0,9790,1623542061,9,40.22,402.2,14047268,67218720,7,671.664469,0.000572
batch,r8937440-n43543,0,9800,1623542071,10,40.28,402.8,14053412,67218720,7,667.405745,0.000458
batch,r8937440-n43543,0,9810,1623542081,11,40.42,404.2,14059572,67218720,7,673.052056,0.000572
batch,r8937440-n43543,0,9820,1623542091,13,39.65,396.5,14067780,67218720,7,668.438011,0.000572
batch,r8937440-n43543,0,9830,1623542101,14,40.07,400.7,14074120,67218720,7,692.681866,0.000572
batch,r8937440-n43543,0,9840,1623542111,15,36.65,366.5,14080344,67218720,7,589.934627,0.000458
batch,r8937440-n43543,0,9850,1623542121,16,39.95,399.5,14088536,67218720,7,677.244514,0.000458
batch,r8937440-n43543,0,9860,1623542131,17,40.7,407,14094680,67218720,7,674.165461,0.000572
batch,r8937440-n43543,0,9870,1623542141,19,39.27,392.7,14102872,67218720,7,611.466286,0.000572
batch,r8937440-n43543,0,9880,1623542151,20,41.42,414.2,14109016,67218720,7,704.265614,0.000572
batch,r8937440-n43543,0,9890,1623542161,21,40.2,402,14117252,67218720,7,651.955629,0.000458
batch,r8937440-n43543,0,9900,1623542171,22,39.71,397.1,14123396,67218720,7,683.084688,0.000572
batch,r8937440-n43543,0,9910,1623542181,24,40.53,405.3,14131588,67218720,7,659.769928,0.000572
batch,r8937440-n43543,0,9920,1623542191,25,39.74,397.4,14137852,67218720,7,668.356911,0.000572
batch,r8937440-n43543,0,9930,1623542201,26,40.07,400.7,14146044,67218720,7,659.216069,0.000458
batch,r8937440-n43543,0,9940,1623542211,27,40.24,402.4,14152188,67218720,7,678.37312,0.000572
batch,r8937440-n43543,0,9950,1623542221,28,39.87,398.7,14160380,67218720,7,655.028632,0.000572
batch,r8937440-n43543,0,9960,1623542231,30,39.77,397.7,14166524,67218720,7,673.556334,0.000572
batch,r8937440-n43543,0,9970,1623542241,31,40.28,402.8,14174716,67218720,7,661.113569,0.000458
batch,r8937440-n43543,0,9980,1623542251,32,39.31,393.1,14180860,67218720,7,618.518353,0.000572
batch,r8937440-n43543,0,9990,1623542261,33,40.84,408.4,14187004,67218720,7,705.412668,0.000572
batch,r8937440-n43543,0,10000,1623542271,34,39.77,397.7,14195196,67218720,7,668.252418,0.000458
batch,r8937440-n43543,0,10010,1623542281,36,40.19,401.9,14201340,67218720,7,673.153622,0.000572
batch,r8937440-n43543,0,10020,1623542291,37,39.94,399.4,14209656,67218720,7,664.321692,0.000572
batch,r8937440-n43543,0,10030,1623542301,38,40.44,404.4,14215940,67218720,7,653.081016,0.000572
batch,r8937440-n43543,0,10040,1623542311,39,39.81,398.1,14224132,67218720,7,640.457355,0.000458
batch,r8937440-n43543,0,10050,1623542321,40,39.88,398.8,14230276,67218720,7,669.183504,0.000572
batch,r8937440-n43543,0,10060,1623542331,42,40.3,403,14238468,67218720,7,655.585393,0.000572
batch,r8937440-n43543,0,10070,1623542341,43,40.4,404,14244612,67218720,7,664.060271,0.000572
batch,r8937440-n43543,0,10080,1623542351,44,40.29,402.9,14252804,67218720,7,658.202418,0.000458
batch,r8937440-n43543,0,10090,1623542361,45,39.71,397.1,14259008,67218720,7,661.581777,0.000572
batch,r8937440-n43543,0,10100,1623542371,46,39.97,399.7,14267200,67218720,7,681.027545,0.000572
batch,r8937440-n43543,0,10110,1623542381,48,40.25,402.5,14273444,67218720,7,664.194362,0.000572
batch,r8937440-n43543,0,10120,1623542391,49,40.1,401,14281676,67218720,7,665.27809,0.000458
batch,r8937440-n43543,0,10130,1623542401,50,40.26,402.6,14287832,67218720,7,661.746909,0.000572
batch,r8937440-n43543,0,10140,1623542411,51,37.88,378.8,14294068,67218720,7,601.610332,0.000572
batch,r8937440-n43543,0,10150,1623542421,52,39.79,397.9,14302260,67218720,7,691.736182,0.000458
batch,r8937440-n43543,0,10160,1623542431,53,40.27,402.7,14308456,67218720,7,673.069283,0.000572
batch,r8937440-n43543,0,10170,1623542441,55,39.99,399.9,14316648,67218720,7,669.769358,0.000572
batch,r8937440-n43543,0,10180,1623542451,56,40.04,400.4,14322792,67218720,7,680.89356,0.000572
batch,r8937440-n43543,0,10190,1623542461,57,40.16,401.6,14293692,67153184,7,635.142116,0.000458
batch,r8937440-n43543,0,10200,1623542471,58,39.98,399.8,14299836,67153184,7,669.137959,0.000572
batch,r8937440-n43543,0,10210,1623542481,59,40.11,401.1,14308028,67153184,7,657.779217,0.000572
batch,r8937440-n43543,0,10220,1623542491,60,39.44,394.4,14314228,67153184,7,636.145178,0.000572
batch,r8937440-n43543,0,10230,1623542501,61,40.56,405.6,14322420,67153184,7,691.912247,0.000458
batch,r8937440-n43543,0,10240,1623542511,63,40.35,403.5,14328564,67153184,7,687.952475,0.000572
batch,r8937440-n43543,0,10250,1623542521,64,40.17,401.7,14336788,67153184,7,666.777585,0.000572
batch,r8937440-n43543,0,10260,1623542531,65,39.91,399.1,14342932,67153184,7,656.542886,0.000572
batch,r8937440-n43543,0,10270,1623542541,66,40.21,402.1,14349076,67153184,7,662.802427,0.000458
batch,r8937440-n43543,0,10280,1623542551,67,39.8,398,14357268,67153184,7,666.385653,0.000572
batch,r8937440-n43543,0,10290,1623542561,68,40.55,405.5,14363412,67153184,7,685.73996,0.000572
batch,r8937440-n43543,0,10300,1623542571,69,40.04,400.4,14371604,67153184,7,657.787457,0.000458
batch,r8937440-n43543,0,10310,1623542581,71,40.12,401.2,14377748,67153184,7,676.933568,0.000572
batch,r8937440-n43543,0,10320,1623542591,72,39.91,399.1,14385940,67153184,7,648.039522,0.000572
batch,r8937440-n43543,0,10330,1623542601,73,33.83,338.3,14392084,67153184,7,545.689872,0.000458
batch,r8937440-n43543,0,10340,1623542611,74,41.3,413,14398228,67153184,7,702.301207,0.000572
batch,r8937440-n43543,0,10350,1623542621,75,40.11,401.1,14406572,67153184,7,640.156723,0.000458
batch,r8937440-n43543,0,10360,1623542631,76,39.59,395.9,14412716,67153184,7,665.774351,0.000572
batch,r8937440-n43543,0,10370,1623542641,77,40.09,400.9,14420908,67153184,7,677.712913,0.000572
batch,r8937440-n43543,0,10380,1623542651,78,40.07,400.7,14427052,67153184,7,663.945121,0.000572
batch,r8937440-n43543,0,10390,1623542661,79,40.21,402.1,14435244,67153184,7,667.744268,0.000458
batch,r8937440-n43543,0,10400,1623542671,81,39.99,399.9,14441388,67153184,7,662.219537,0.000572
batch,r8937440-n43543,0,10410,1623542681,82,40.17,401.7,14449580,67153184,7,694.814858,0.000572
batch,r8937440-n43543,0,10420,1623542691,83,40.15,401.5,14455804,67153184,7,657.741384,0.000572
batch,r8937440-n43543,0,10430,1623542701,84,35.86,358.6,14462172,67153184,7,567.902203,0.000458
batch,r8937440-n43543,0,10440,1623542711,85,42.4,424,14470364,67153184,7,712.233759,0.000572
batch,r8937440-n43543,0,10450,1623542721,86,25.83,258.3,14472412,67153184,7,321.000152,0.000343
batch,r8937440-n43543,0,10460,1623542731,87,41.68,416.8,14480604,67153184,7,721.457068,0.000572
batch,r8937440-n43543,0,10470,1623542741,88,37.34,373.4,14486748,67153184,7,621.017057,0.000458
batch,r8937440-n43543,0,10480,1623542751,89,39.63,396.3,14495004,67153184,7,637.285368,0.000458
batch,r8937440-n43543,0,10490,1623542761,90,40.7,407,14501148,67153184,7,694.2841,0.000572
batch,r8937440-n43543,0,10500,1623542771,91,40.22,402.2,14509340,67153184,7,689.750071,0.000572
batch,r8937440-n43543,0,10510,1623542781,92,39.81,398.1,14515484,67153184,7,659.368089,0.000572
batch,r8937440-n43543,0,10520,1623542791,93,40.19,401.9,14523780,67153184,7,693.134158,0.000458
batch,r8937440-n43543,0,10530,1623542801,94,40.41,404.1,14529924,67153184,7,663.834779,0.000572
batch,r8937440-n43543,0,10540,1623542811,95,40.06,400.6,14538116,67153184,7,656.97756,0.000572
batch,r8937440-n43543,0,10550,1623542821,96,37.36,373.6,14544260,67153184,7,565.472894,0.000572
batch,r8937440-n43543,0,10560,1623542831,98,42.17,421.7,14550404,67153184,7,738.882306,0.000458
batch,r8937440-n43543,0,10570,1623542841,99,38.42,384.2,14558596,67153184,7,625.017835,0.000572
batch,r8937440-n43543,0,10580,1623542851,100,41.28,412.8,14564740,67153184,7,707.835238,0.000572
batch,r8937440-n43543,0,10590,1623542861,101,39.7,397,14573120,67153184,7,654.243235,0.000458
batch,r8937440-n43543,0,10600,1623542871,0,40.04,400.4,14579264,67153184,7,689.009953,0.000572
batch,r8937440-n43543,0,10610,1623542881,1,37.05,370.5,14585408,67153184,7,603.519809,0.000458
batch,r8937440-n43543,0,10620,1623542891,2,40.38,403.8,14593600,67153184,7,665.273014,0.000572
batch,r8937440-n43543,0,10630,1623542901,3,40.03,400.3,14599744,67153184,7,661.11777,0.000572
batch,r8937440-n43543,0,10640,1623542911,4,39.68,396.8,14607936,67153184,7,653.765213,0.000572
batch,r8937440-n43543,0,10650,1623542921,5,40.69,406.9,14614080,67153184,7,689.456743,0.000458
batch,r8937440-n43543,0,10660,1623542931,7,40.16,401.6,14622272,67153184,7,637.734346,0.000572
batch,r8937440-n43543,0,10670,1623542941,8,40.01,400.1,14628416,67153184,7,671.290215,0.000572
batch,r8937440-n43543,0,10680,1623542951,9,40.61,406.1,14636608,67153184,7,659.41624,0.000572
batch,r8937440-n43543,0,10690,1623542961,10,39.18,391.8,14642752,67153184,7,656.459595,0.000458
batch,r8937440-n43543,0,10700,1623542971,11,41.01,410.1,14650944,67153184,7,716.760596,0.000572
batch,r8937440-n43543,0,10710,1623542981,12,40.24,402.4,14657424,67153184,7,651.585854,0.000572
batch,r8937440-n43543,0,10720,1623542991,14,40.27,402.7,14703988,67218720,7,676.895013,0.000572
batch,r8937440-n43543,0,10730,1623543001,15,40.24,402.4,14710132,67218720,7,665.22837,0.000458
batch,r8937440-n43543,0,10740,1623543011,16,40.11,401.1,14720632,67218720,7,677.829216,0.000572
batch,r8937440-n43543,0,10750,1623543021,17,40.36,403.6,14729152,67218720,7,661.599492,0.000572
batch,r8937440-n43543,0,10760,1623543031,18,39.81,398.1,14737468,67218720,7,637.432713,0.000458
batch,r8937440-n43543,0,10770,1623543041,19,39.9,399,14743628,67218720,7,692.26236,0.000572
batch,r8937440-n43543,0,10780,1623543051,20,40.31,403.1,14749772,67218720,7,651.450391,0.000572
batch,r8937440-n43543,0,10790,1623543061,21,38.41,384.1,14758020,67218720,7,601.556117,0.000572
batch,r8937440-n43543,0,10800,1623543071,23,42.09,420.9,14764164,67218720,7,725.715374,0.000458
batch,r8937440-n43543,0,10810,1623543081,24,38.91,389.1,14772356,67218720,7,628.673774,0.000572
batch,r8937440-n43543,0,10820,1623543091,25,40.18,401.8,14778500,67218720,7,675.895985,0.000572
batch,r8937440-n43543,0,10830,1623543101,26,40.05,400.5,14786732,67218720,7,668.878613,0.000458
batch,r8937440-n43543,0,10840,1623543111,27,39.74,397.4,14792876,67218720,7,688.46993,0.000572
batch,r8937440-n43543,0,10850,1623543121,28,40.4,404,14801068,67218720,7,656.910254,0.000572
batch,r8937440-n43543,0,10860,1623543131,29,39.92,399.2,14807216,67218720,7,662.133054,0.000572
batch,r8937440-n43543,0,10870,1623543141,30,40.55,405.5,14815408,67218720,7,665.685871,0.000458
batch,r8937440-n43543,0,10880,1623543151,32,39.67,396.7,14821552,67218720,7,683.358348,0.000572
batch,r8937440-n43543,0,10890,1623543161,33,40.47,404.7,14827868,67218720,7,670.254515,0.000572
batch,r8937440-n43543,0,10900,1623543171,34,39.69,396.9,14836060,67218720,7,660.413235,0.000572
batch,r8937440-n43543,0,10910,1623543181,35,40.26,402.6,14842204,67218720,7,668.675197,0.000458
batch,r8937440-n43543,0,10920,1623543191,36,40.09,400.9,14850396,67218720,7,651.519504,0.000572
batch,r8937440-n43543,0,10930,1623543201,37,40.05,400.5,14856540,67218720,7,654.666343,0.000572
batch,r8937440-n43543,0,10940,1623543211,38,40.53,405.3,14864792,67218720,7,697.829634,0.000572
batch,r8937440-n43543,0,10950,1623543221,39,40.55,405.5,14870936,67218720,7,662.949636,0.000458
batch,r8937440-n43543,0,10960,1623543231,40,40.08,400.8,14879128,67218720,7,666.21562,0.000572
batch,r8937440-n43543,0,10970,1623543241,41,38.59,385.9,14885272,67218720,7,606.067041,0.000572
batch,r8937440-n43543,0,10980,1623543251,43,41.7,417,14893464,67218720,7,709.632656,0.000572
batch,r8937440-n43543,0,10990,1623543261,43,34.11,341.1,14897560,67218720,7,508.449926,0.000458
batch,r8937440-n43543,0,11000,1623543271,45,38.45,384.5,14905892,67218720,7,670.07305,0.000458
batch,r8937440-n43543,0,11010,1623543281,46,40.15,401.5,14912036,67218720,7,671.989233,0.000572
batch,r8937440-n43543,0,11020,1623543291,47,39.99,399.9,14920228,67218720,7,686.830548,0.000458
batch,r8937440-n43543,0,11030,1623543301,48,39.97,399.7,14926372,67218720,7,629.570747,0.000572
batch,r8937440-n43543,0,11040,1623543311,49,40.69,406.9,14934564,67218720,7,680.413968,0.000572
batch,r8937440-n43543,0,11050,1623543321,50,40.55,405.5,14940708,67218720,7,677.812053,0.000572
batch,r8937440-n43543,0,11060,1623543331,51,39.19,391.9,14948900,67218720,7,646.663837,0.000458
batch,r8937440-n43543,0,11070,1623543341,52,40,400,14955044,67218720,7,659.482886,0.000572
batch,r8937440-n43543,0,11080,1623543351,53,39.76,397.6,14961188,67218720,7,661.221156,0.000572
batch,r8937440-n43543,0,11090,1623543361,54,40.37,403.7,14969572,67218720,7,690.714045,0.000458
batch,r8937440-n43543,0,11100,1623543371,55,40,400,14975716,67218720,7,668.490462,0.000572
batch,r8937440-n43543,0,11110,1623543381,56,38.92,389.2,14983944,67218720,7,630.849908,0.000572
batch,r8937440-n43543,0,11120,1623543391,57,36.87,368.7,14990088,67218720,7,607.215108,0.000458
batch,r8937440-n43543,0,11130,1623543401,58,38.75,387.5,14996232,67218720,7,640.034163,0.000458
batch,r8937440-n43543,0,11140,1623543411,59,40.15,401.5,15004648,67218720,7,686.160969,0.000572
batch,r8937440-n43543,0,11150,1623543421,60,40.2,402,15010792,67218720,7,683.578233,0.000572
batch,r8937440-n43543,0,11160,1623543431,61,40.45,404.5,15018984,67218720,7,675.825998,0.000572
batch,r8937440-n43543,0,11170,1623543441,63,40.13,401.3,15025128,67218720,7,687.955409,0.000458
batch,r8937440-n43543,0,11180,1623543451,63,34.21,342.1,15031272,67218720,7,521.492472,0.000458
batch,r8937440-n43543,0,11190,1623543461,64,37.89,378.9,15038432,67219844,7,618.246134,0.000572
batch,r8937440-n43543,0,11200,1623543471,65,40.14,401.4,15046624,67219844,7,658.901546,0.000458
batch,r8937440-n43543,0,11210,1623543481,66,38.88,388.8,15052856,67219844,7,621.299341,0.000572
batch,r8937440-n43543,0,11220,1623543491,68,41.23,412.3,15059180,67219844,7,720.606775,0.000572
batch,r8937440-n43543,0,11230,1623543501,69,39.03,390.3,15067372,67219844,7,626.549882,0.000572
batch,r8937440-n43543,0,11240,1623543511,69,25.5,255,15071468,67219844,7,342.250101,0.000229
batch,r8937440-n43543,0,11250,1623543521,70,43.74,437.4,15077612,67219844,7,782.238171,0.000572
batch,r8937440-n43543,0,11260,1623543531,71,39.97,399.7,15085880,67219844,7,674.663918,0.000572
batch,r8937440-n43543,0,11270,1623543541,72,39.72,397.2,15092024,67219844,7,662.198517,0.000572
batch,r8937440-n43543,0,11280,1623543551,73,39.82,398.2,15100216,67219844,7,670.531602,0.000458
batch,r8937440-n43543,0,11290,1623543561,74,40.09,400.9,15106360,67219844,7,679.985168,0.000572
batch,r8937440-n43543,0,11300,1623543571,76,40.11,401.1,15114552,67219844,7,654.73046,0.000572
batch,r8937440-n43543,0,11310,1623543581,77,38.97,389.7,15120696,67219844,7,619.229545,0.000572
batch,r8937440-n43543,0,11320,1623543591,78,41.34,413.4,15128888,67219844,7,696.701138,0.000458
batch,r8937440-n43543,0,11330,1623543601,79,38.76,387.6,15135032,67219844,7,623.529685,0.000572
batch,r8937440-n43543,0,11340,1623543611,80,41.33,413.3,15143224,67219844,7,717.638073,0.000572
batch,r8937440-n43543,0,11350,1623543621,81,40.27,402.7,15149368,67219844,7,669.32767,0.000572
batch,r8937440-n43543,0,11360,1623543631,82,39.96,399.6,15157560,67219844,7,691.598582,0.000458
batch,r8937440-n43543,0,11370,1623543641,83,40.39,403.9,15163704,67219844,7,673.20115,0.000572
batch,r8937440-n43543,0,11380,1623543651,84,40.15,401.5,15172008,67219844,7,665.21617,0.000572
batch,r8937440-n43543,0,11390,1623543661,85,40.2,402,15178152,67219844,7,678.515504,0.000572
batch,r8937440-n43543,0,11400,1623543671,86,40.37,403.7,15184296,67219844,7,668.763148,0.000458
batch,r8937440-n43543,0,11410,1623543681,87,39.77,397.7,15192708,67219844,7,657.941977,0.000572
batch,r8937440-n43543,0,11420,1623543691,88,39.83,398.3,15198852,67219844,7,650.91967,0.000572
batch,r8937440-n43543,0,11430,1623543701,89,40.35,403.5,15207044,67219844,7,691.392559,0.000458
batch,r8937440-n43543,0,11440,1623543711,90,39.77,397.7,15172180,67154308,7,671.003985,0.000572
batch,r8937440-n43543,0,11450,1623543721,91,40.41,404.1,15180372,67154308,7,659.655121,0.000572
batch,r8937440-n43543,0,11460,1623543731,92,40.13,401.3,15186628,67154308,7,683.443864,0.000572
batch,r8937440-n43543,0,11470,1623543741,93,39.7,397,15194820,67154308,7,666.325775,0.000458
batch,r8937440-n43543,0,11480,1623543751,94,40.67,406.7,15200968,67154308,7,659.294993,0.000572
batch,r8937440-n43543,0,11490,1623543761,1,39.76,397.6,15209164,67154308,7,650.622293,0.000572
batch,r8937440-n43543,0,11500,1623543771,2,40.21,402.1,15215308,67154308,7,662.703581,0.000572
batch,r8937440-n43543,0,11510,1623543781,3,40,400,15223540,67154308,7,665.680156,0.000458
batch,r8937440-n43543,0,11520,1623543791,4,39.89,398.9,15229744,67154308,7,674.511317,0.000572
batch,r8937440-n43543,0,11530,1623543801,5,38,380,15235888,67154308,7,576.462268,0.000572
batch,r8937440-n43543,0,11540,1623543811,6,41.36,413.6,15216456,67088772,7,714.713095,0.000458
batch,r8937440-n43543,0,11550,1623543821,7,40.37,403.7,15222640,67088772,7,666.444175,0.000572
batch,r8937440-n43543,0,11560,1623543831,8,40.29,402.9,15230832,67088772,7,664.471829,0.000572
batch,r8937440-n43543,0,11570,1623543841,9,40.25,402.5,15237028,67088772,7,687.329215,0.000572
batch,r8937440-n43543,0,11580,1623543851,10,39.93,399.3,15245240,67088772,7,655.614498,0.000458
batch,r8937440-n43543,0,11590,1623543861,11,40.5,405,15251384,67088772,7,670.925909,0.000572
batch,r8937440-n43543,0,11600,1623543871,12,40.31,403.1,15259576,67088772,7,647.263732,0.000572
batch,r8937440-n43543,0,11610,1623543881,13,28.97,289.7,15263672,67088772,7,386.938101,0.000343
batch,r8937440-n43543,0,11620,1623543891,14,43.44,434.4,15271864,67088772,7,752.419119,0.000572
batch,r8937440-n43543,0,11630,1623543901,15,39.75,397.5,15278008,67088772,7,662.09517,0.000572
batch,r8937440-n43543,0,11640,1623543911,16,40.04,400.4,15286200,67088772,7,672.45548,0.000572
batch,r8937440-n43543,0,11650,1623543921,17,39.93,399.3,15292344,67088772,7,651.100855,0.000458
batch,r8937440-n43543,0,11660,1623543931,18,39.75,397.5,15300684,67088772,7,657.297197,0.000572
batch,r8937440-n43543,0,11670,1623543941,19,40.09,400.9,15306828,67088772,7,663.824103,0.000572
batch,r8937440-n43543,0,11680,1623543951,20,39.57,395.7,15315020,67088772,7,661.098411,0.000572
batch,r8937440-n43543,0,11690,1623543961,21,38.94,389.4,15321164,67088772,7,637.58553,0.000458
batch,r8937440-n43543,0,11700,1623543971,23,41.11,411.1,15329356,67088772,7,712.759412,0.000572
batch,r8937440-n43543,0,11710,1623543981,24,40.03,400.3,15335500,67088772,7,658.806621,0.000572
batch,r8937440-n43543,0,11720,1623543991,25,40.48,404.8,15343692,67088772,7,675.62042,0.000572
batch,r8937440-n43543,0,11730,1623544001,26,38.46,384.6,15349836,67088772,7,643.020333,0.000458
batch,r8937440-n43543,0,11740,1623544011,27,40.15,401.5,15355980,67088772,7,665.435658,0.000572
batch,r8937440-n43543,0,11750,1623544021,28,39.85,398.5,15364172,67088772,7,663.676175,0.000572
batch,r8937440-n43543,0,11760,1623544031,29,40.65,406.5,15370496,67088772,7,661.931412,0.000458
batch,r8937440-n43543,0,11770,1623544041,30,40.34,403.4,15378688,67088772,7,661.0215,0.000572
batch,r8937440-n43543,0,11780,1623544051,31,40.1,401,15384832,67088772,7,648.536555,0.000572
batch,r8937440-n43543,0,11790,1623544061,32,29.9,299,15388928,67088772,7,440.750152,0.000343
batch,r8937440-n43543,0,11800,1623544071,33,43.22,432.2,15397120,67088772,7,738.672017,0.000572
batch,r8937440-n43543,0,11810,1623544081,34,40.27,402.7,15405384,67088772,7,700.454448,0.000572
batch,r8937440-n43543,0,11820,1623544091,35,40.14,401.4,15411528,67088772,7,662.28883,0.000572
batch,r8937440-n43543,0,11830,1623544101,36,40.01,400.1,15419720,67088772,7,684.994251,0.000458
batch,r8937440-n43543,0,11840,1623544111,37,39.94,399.4,15425864,67088772,7,677.912273,0.000572
batch,r8937440-n43543,0,11850,1623544121,38,36.53,365.3,15432008,67088772,7,586.540021,0.000458
batch,r8937440-n43543,0,11860,1623544131,39,40.36,403.6,15440476,67088772,7,659.373856,0.000572
batch,r8937440-n43543,0,11870,1623544141,40,39.81,398.1,15446656,67088772,7,658.177486,0.000572
batch,r8937440-n43543,0,11880,1623544151,41,40.46,404.6,15454848,67088772,7,688.85432,0.000572
batch,r8937440-n43543,0,11890,1623544161,42,39.56,395.6,15460992,67088772,7,662.474534,0.000458
batch,r8937440-n43543,0,11900,1623544171,43,40.29,402.9,15469184,67089028,7,660.152116,0.000572
batch,r8937440-n43543,0,11910,1623544181,44,39.89,398.9,15475328,67089028,7,671.042715,0.000572
batch,r8937440-n43543,0,11920,1623544191,45,39.95,399.5,15483520,67089028,7,674.312206,0.000572
batch,r8937440-n43543,0,11930,1623544201,46,39.98,399.8,15489740,67089028,7,665.195595,0.000458
batch,r8937440-n43543,0,11940,1623544211,47,40.03,400.3,15497932,67089028,7,676.582257,0.000572
batch,r8937440-n43543,0,11950,1623544221,48,39.88,398.8,15504184,67089028,7,664.35171,0.000572
batch,r8937440-n43543,0,11960,1623544231,49,35.21,352.1,15510328,67089028,7,541.143888,0.000458
batch,r8937440-n43543,0,11970,1623544241,49,38.86,388.6,15516472,67089028,7,610.780303,0.000458
batch,r8937440-n43543,0,11980,1623544251,50,41.07,410.7,15524664,67089028,7,704.26788,0.000572
batch,r8937440-n43543,0,11990,1623544261,51,39.9,399,15529720,67089028,7,671.275887,0.000572
batch,r8937440-n43543,0,12000,1623544271,52,34.99,349.9,15536728,75477636,7,496.364568,0.000343
batch,r8937440-n43543,0,12010,1623544281,53,39.93,399.3,15542872,75477636,7,664.810699,0.000572
batch,r8937440-n43543,0,12020,1623544291,54,40.26,402.6,15551092,75477636,7,660.215262,0.000572
batch,r8937440-n43543,0,12030,1623544301,55,40.31,403.1,15557236,75477636,7,659.887986,0.000572
batch,r8937440-n43543,0,12040,1623544311,56,39.85,398.5,15565648,75477636,7,652.179891,0.000458
batch,r8937440-n43543,0,12050,1623544321,57,40.05,400.5,15571996,75477636,7,671.297718,0.000572
batch,r8937440-n43543,0,12060,1623544331,58,39.74,397.4,15580188,75477636,7,657.736703,0.000572
batch,r8937440-n43543,0,12070,1623544341,59,40.27,402.7,15586332,75477636,7,684.446271,0.000572
batch,r8937440-n43543,0,12080,1623544351,60,39.97,399.7,15594552,75477636,7,667.97579,0.000458
batch,r8937440-n43543,0,12090,1623544361,61,39.97,399.7,15600696,75477636,7,662.875765,0.000572
batch,r8937440-n43543,0,12100,1623544371,62,39.11,391.1,15608888,75477636,7,661.281686,0.000572
batch,r8937440-n43543,0,12110,1623544381,63,40.69,406.9,15615064,75477636,7,686.242895,0.000572
batch,r8937440-n43543,0,12120,1623544391,64,40.25,402.5,15623256,75477636,7,666.85688,0.000458
batch,r8937440-n43543,0,12130,1623544401,65,39.86,398.6,15629580,75477636,7,673.363924,0.000572
batch,r8937440-n43543,0,12140,1623544411,66,40.22,402.2,15637772,75477636,7,665.525038,0.000572
batch,r8937440-n43543,0,12150,1623544421,67,40,400,15643916,75477636,7,666.733103,0.000572
batch,r8937440-n43543,0,12160,1623544431,68,40.49,404.9,15650108,75477636,7,641.545459,0.000458
batch,r8937440-n43543,0,12170,1623544441,69,39.51,395.1,15658300,75477636,7,666.879762,0.000572
batch,r8937440-n43543,0,12180,1623544451,70,39.58,395.8,15664484,75477636,7,620.260258,0.000572
batch,r8937440-n43543,0,12190,1623544461,71,40.21,402.1,15672676,75477636,7,694.613729,0.000572
batch,r8937440-n43543,0,12200,1623544471,72,40.38,403.8,15678820,75477636,7,662.688865,0.000458
batch,r8937440-n43543,0,12210,1623544481,73,39.41,394.1,15687036,75477636,7,650.471867,0.000572
batch,r8937440-n43543,0,12220,1623544491,74,39.78,397.8,15693180,75477636,7,692.989699,0.000572
batch,r8937440-n43543,0,12230,1623544501,75,39.83,398.3,15701416,75477636,7,654.491272,0.000458
batch,r8937440-n43543,0,12240,1623544511,76,40.14,401.4,15707560,75477636,7,666.663565,0.000572
batch,r8937440-n43543,0,12250,1623544521,76,40.07,400.7,15715844,75477636,7,660.350338,0.000572
batch,r8937440-n43543,0,12260,1623544531,77,40.18,401.8,15721988,75477636,7,652.515723,0.000572
batch,r8937440-n43543,0,12270,1623544541,78,40.15,401.5,15730180,75477636,7,658.928372,0.000458
batch,r8937440-n43543,0,12280,1623544551,79,40.33,403.3,15736324,75477636,7,677.921165,0.000572
batch,r8937440-n43543,0,12290,1623544561,80,40.13,401.3,15744516,75477636,7,648.061536,0.000572
batch,r8937440-n43543,0,12300,1623544571,81,39.77,397.7,15750660,75477636,7,653.293615,0.000572
batch,r8937440-n43543,0,12310,1623544581,82,40.04,400.4,15758928,75477636,7,647.446968,0.000458
batch,r8937440-n43543,0,12320,1623544591,83,37.18,371.8,15765072,75477636,7,569.318049,0.000572
batch,r8937440-n43543,0,12330,1623544601,84,42.63,426.3,15771216,75477636,7,766.427271,0.000572
batch,r8937440-n43543,0,12340,1623544611,85,34.64,346.4,15777360,75477636,7,510.255612,0.000458
batch,r8937440-n43543,0,12350,1623544621,86,43.35,433.5,15785552,75477636,7,771.097389,0.000572
batch,r8937440-n43543,0,12360,1623544631,87,40.69,406.9,15793744,75477636,7,686.811592,0.000572
batch,r8937440-n43543,0,12370,1623544641,0,39.55,395.5,15799888,75477636,7,643.833406,0.000572
batch,r8937440-n43543,0,12380,1623544651,1,40.2,402,15808080,75477636,7,669.095887,0.000458
batch,r8937440-n43543,0,12390,1623544661,2,40.19,401.9,15814224,75477636,7,648.296719,0.000572
batch,r8937440-n43543,0,12400,1623544671,3,39.96,399.6,15820368,75477636,7,662.407935,0.000572
batch,r8937440-n43543,0,12410,1623544681,4,40.44,404.4,15828560,75477636,7,673.689459,0.000458
batch,r8937440-n43543,0,12420,1623544691,5,39.98,399.8,15834704,75477636,7,656.344922,0.000572
batch,r8937440-n43543,0,12430,1623544701,6,39.92,399.2,15843128,75477636,7,672.553115,0.000572
batch,r8937440-n43543,0,12440,1623544711,7,40.18,401.8,15849272,75477636,7,669.762506,0.000572
batch,r8937440-n43543,0,12450,1623544721,8,40.41,404.1,15857464,75477636,7,651.580261,0.000458
batch,r8937440-n43543,0,12460,1623544731,9,39.97,399.7,15863608,75477636,7,667.000741,0.000572
batch,r8937440-n43543,0,12470,1623544741,10,39.67,396.7,15871800,75477636,7,650.738097,0.000572
batch,r8937440-n43543,0,12480,1623544751,11,39.78,397.8,15877944,75477636,7,683.11181,0.000572
batch,r8937440-n43543,0,12490,1623544761,12,40.21,402.1,15886136,75477636,7,648.165537,0.000458
batch,r8937440-n43543,0,12500,1623544771,13,39.56,395.6,15892280,75477636,7,663.220845,0.000572
batch,r8937440-n43543,0,12510,1623544781,14,40.04,400.4,15900472,75477636,7,678.500562,0.000572
batch,r8937440-n43543,0,12520,1623544791,15,39.41,394.1,15906864,75477636,7,664.668029,0.000572
batch,r8937440-n43543,0,12530,1623544801,16,40.5,405,15915056,75477636,7,683.893495,0.000458
batch,r8937440-n43543,0,12540,1623544811,17,40.04,400.4,15921200,75477636,7,652.631071,0.000572
batch,r8937440-n43543,0,12550,1623544821,18,40.08,400.8,15927344,75477636,7,685.245581,0.000572
batch,r8937440-n43543,0,12560,1623544831,19,40.2,402,15935536,75477636,7,656.675709,0.000572
batch,r8937440-n43543,0,12570,1623544841,20,39.84,398.4,15941680,75477636,7,665.653556,0.000458
batch,r8937440-n43543,0,12580,1623544851,21,40.18,401.8,15949872,75477636,7,663.642176,0.000572
batch,r8937440-n43543,0,12590,1623544861,22,39.69,396.9,15956016,75477636,7,645.174786,0.000572
batch,r8937440-n43543,0,12600,1623544871,23,35.59,355.9,15962160,75477636,7,568.841834,0.000458
batch,r8937440-n43543,0,12610,1623544881,24,39.93,399.3,15970352,75477636,7,671.059968,0.000572
batch,r8937440-n43543,0,12620,1623544891,25,40.38,403.8,15976496,75477636,7,677.173616,0.000458
batch,r8937440-n43543,0,12630,1623544901,25,36.17,361.7,15982640,75477636,7,556.690073,0.000572
batch,r8937440-n43543,0,12640,1623544911,26,41.96,419.6,15990832,75477636,7,743.733375,0.000458
batch,r8937440-n43543,0,12650,1623544921,27,40,400,15997208,75477636,7,661.997653,0.000572
batch,r8937440-n43543,0,12660,1623544931,28,39.8,398,16005400,75477636,7,679.521534,0.000572
batch,r8937440-n43543,0,12670,1623544941,29,40.1,401,16011544,75477636,7,660.05537,0.000572
batch,r8937440-n43543,0,12680,1623544951,30,39.47,394.7,16019736,75477636,7,674.543034,0.000458
batch,r8937440-n43543,0,12690,1623544961,31,39.87,398.7,16025880,75477636,7,639.312266,0.000572
batch,r8937440-n43543,0,12700,1623544971,32,39.67,396.7,16034072,75477636,7,651.913853,0.000572
batch,r8937440-n43543,0,12710,1623544981,33,40.67,406.7,16040216,75477636,7,690.969795,0.000572
batch,r8937440-n43543,0,12720,1623544991,34,40.05,400.5,16048408,75477636,7,670.817989,0.000458
batch,r8937440-n43543,0,12730,1623545001,35,40.37,403.7,16054552,75477636,7,699.270006,0.000572
batch,r8937440-n43543,0,12740,1623545011,36,39.12,391.2,16060696,75477636,7,598.930191,0.000572
batch,r8937440-n43543,0,12750,1623545021,37,41.36,413.6,16068888,75477636,7,713.42554,0.000572
batch,r8937440-n43543,0,12760,1623545031,38,39.82,398.2,16077080,75477636,7,671.290105,0.000458
batch,r8937440-n43543,0,12770,1623545041,39,40.42,404.2,16083224,75477636,7,655.508497,0.000572
batch,r8937440-n43543,0,12780,1623545051,40,39.5,395,16091664,75477636,7,673.332082,0.000572
batch,r8937440-n43543,0,12790,1623545061,41,40.07,400.7,16097808,75477636,7,645.751745,0.000572
batch,r8937440-n43543,0,12800,1623545071,42,40.05,400.5,16103952,75477636,7,663.853798,0.000458
batch,r8937440-n43543,0,12810,1623545081,42,39.97,399.7,16112144,75477636,7,661.91877,0.000572
batch,r8937440-n43543,0,12820,1623545091,43,39.74,397.4,16118540,75477636,7,661.038085,0.000572
batch,r8937440-n43543,0,12830,1623545101,44,40.26,402.6,16126732,75477636,7,665.093586,0.000458
batch,r8937440-n43543,0,12840,1623545111,45,40.49,404.9,16132876,75477636,7,645.221664,0.000572
batch,r8937440-n43543,0,12850,1623545121,46,40,400,16118692,75412100,7,674.807517,0.000572
batch,r8937440-n43543,0,12860,1623545131,47,40.16,401.6,16200524,75543172,7,683.956192,0.000572
batch,r8937440-n43543,0,12870,1623545141,48,37.26,372.6,16206668,75543172,7,561.41965,0.000458
batch,r8937440-n43543,0,12880,1623545151,49,29.16,291.6,16212812,75543172,7,442.54762,0.000343
batch,r8937440-n43543,0,12890,1623545161,50,40.34,403.4,16221068,75543172,7,656.868648,0.000572
batch,r8937440-n43543,0,12900,1623545171,50,33.16,331.6,16227212,75543172,7,510.082644,0.000343
batch,r8937440-n43543,0,12910,1623545181,51,39.93,399.3,16238508,75543172,7,673.701102,0.000572
batch,r8937440-n43543,0,12920,1623545191,52,40.07,400.7,16246700,75543172,7,666.92967,0.000572
batch,r8937440-n43543,0,12930,1623545201,53,40.22,402.2,16252844,75543172,7,658.63072,0.000572
batch,r8937440-n43543,0,12940,1623545211,54,40.03,400.3,16264400,75543172,7,662.364343,0.000458
batch,r8937440-n43543,0,12950,1623545221,55,39.91,399.1,16270776,75543172,7,655.771712,0.000572
batch,r8937440-n43543,0,12960,1623545231,56,40.16,401.6,16278968,75543172,7,658.944027,0.000572
batch,r8937440-n43543,0,12970,1623545241,57,38.26,382.6,16285112,75543172,7,590.392229,0.000572
batch,r8937440-n43543,0,12980,1623545251,58,41.49,414.9,16293304,75543172,7,725.473641,0.000458
batch,r8937440-n43543,0,12990,1623545261,59,40.06,400.6,16299688,75543172,7,665.831373,0.000572
batch,r8937440-n43543,0,13000,1623545271,59,39.15,391.5,16305832,75543172,7,636.130522,0.000572
batch,r8937440-n43543,0,13010,1623545281,60,41.13,411.3,16314024,75543172,7,682.137029,0.000458
batch,r8937440-n43543,0,13020,1623545291,61,40.18,401.8,16320168,75543172,7,669.115295,0.000572
batch,r8937440-n43543,0,13030,1623545301,62,39.97,399.7,16328360,75543172,7,671.529273,0.000572
batch,r8937440-n43543,0,13040,1623545311,63,39.6,396,16334504,75543172,7,676.231765,0.000572
batch,r8937440-n43543,0,13050,1623545321,64,40.13,401.3,16342696,75543172,7,671.208523,0.000458
batch,r8937440-n43543,0,13060,1623545331,65,40.19,401.9,16349072,75543172,7,657.697762,0.000572
batch,r8937440-n43543,0,13070,1623545341,66,40.43,404.3,16357264,75543172,7,673.412736,0.000572
batch,r8937440-n43543,0,13080,1623545351,67,37.81,378.1,16363408,75543172,7,582.055077,0.000572
batch,r8937440-n43543,0,13090,1623545361,68,41.84,418.4,16371600,75543172,7,715.550177,0.000458
batch,r8937440-n43543,0,13100,1623545371,68,40.53,405.3,16377744,75543172,7,691.412851,0.000572
batch,r8937440-n43543,0,13110,1623545381,69,39.9,399,16385936,75543172,7,644.686828,0.000572
batch,r8937440-n43543,0,13120,1623545391,70,40.23,402.3,16392080,75543172,7,657.173907,0.000572
batch,r8937440-n43543,0,13130,1623545401,71,39.4,394,16398224,75543172,7,614.826998,0.000458
batch,r8937440-n43543,0,13140,1623545411,72,40.66,406.6,16406416,75543172,7,688.953826,0.000572
batch,r8937440-n43543,0,13150,1623545421,73,40.33,403.3,16414608,75543172,7,675.062672,0.000572
batch,r8937440-n43543,0,13160,1623545431,74,40.29,402.9,16420752,75543172,7,666.844,0.000572
batch,r8937440-n43543,0,13170,1623545441,75,40,400,16426896,75543172,7,661.90216,0.000458
batch,r8937440-n43543,0,13180,1623545451,76,40.4,404,16435088,75543172,7,661.34796,0.000572
batch,r8937440-n43543,0,13190,1623545461,76,40.05,400.5,16441232,75543172,7,678.541563,0.000572
batch,r8937440-n43543,0,13200,1623545471,77,40.33,403.3,16449664,75543172,7,650.623735,0.000572
batch,r8937440-n43543,0,13210,1623545481,78,39.37,393.7,16455808,75543172,7,648.953835,0.000458
batch,r8937440-n43543,0,13220,1623545491,79,40.94,409.4,16464000,75543172,7,662.990593,0.000572
batch,r8937440-n43543,0,13230,1623545501,80,39.8,398,16470144,75543172,7,677.43981,0.000572
batch,r8937440-n43543,0,13240,1623545511,81,39.55,395.5,16478652,75543172,7,678.881454,0.000572
batch,r8937440-n43543,0,13250,1623545521,0,39.79,397.9,16485028,75543172,7,668.356476,0.000458
batch,r8937440-n43543,0,13260,1623545531,1,39.87,398.7,16493220,75543172,7,665.130207,0.000572
batch,r8937440-n43543,0,13270,1623545541,2,40.2,402,16499364,75543172,7,657.200207,0.000572
batch,r8937440-n43543,0,13280,1623545551,3,40.36,403.6,16507556,75543172,7,675.289237,0.000572
batch,r8937440-n43543,0,13290,1623545561,4,35.35,353.5,16513700,75543172,7,522.547521,0.000458
batch,r8937440-n43543,0,13300,1623545571,5,42.38,423.8,16519844,75543172,7,750.960366,0.000572
batch,r8937440-n43543,0,13310,1623545581,6,40.38,403.8,16528104,75543172,7,663.747019,0.000458
batch,r8937440-n43543,0,13320,1623545591,6,40.34,403.4,16534248,75543172,7,678.583547,0.000572
batch,r8937440-n43543,0,13330,1623545601,7,40.06,400.6,16542440,75543172,7,667.253891,0.000572
batch,r8937440-n43543,0,13340,1623545611,8,39.51,395.1,16548584,75543172,7,661.918828,0.000572
batch,r8937440-n43543,0,13350,1623545621,9,39.88,398.8,16556824,75543172,7,667.789404,0.000458
batch,r8937440-n43543,0,13360,1623545631,10,39.88,398.8,16562968,75543172,7,662.646462,0.000572
batch,r8937440-n43543,0,13370,1623545641,11,39.73,397.3,16571160,75543172,7,646.346748,0.000572
batch,r8937440-n43543,0,13380,1623545651,12,36.99,369.9,16577448,75543172,7,588.56755,0.000458
batch,r8937440-n43543,0,13390,1623545661,13,39.96,399.6,16583592,75543172,7,672.410645,0.000572
batch,r8937440-n43543,0,13400,1623545671,14,40.06,400.6,16591784,75543172,7,677.783566,0.000572
batch,r8937440-n43543,0,13410,1623545681,15,40.2,402,16597928,75543172,7,677.245578,0.000458
batch,r8937440-n43543,0,13420,1623545691,16,39.6,396,16606120,75543172,7,666.15566,0.000572
batch,r8937440-n43543,0,13430,1623545701,16,39.96,399.6,16612264,75543172,7,680.411563,0.000572
batch,r8937440-n43543,0,13440,1623545711,17,40.08,400.8,16620496,75543172,7,661.115773,0.000572
batch,r8937440-n43543,0,13450,1623545721,18,39.77,397.7,16595908,75477636,7,655.823215,0.000458
batch,r8937440-n43543,0,13460,1623545731,19,40.09,400.9,16604368,75477636,7,673.648337,0.000572
batch,r8937440-n43543,0,13470,1623545741,20,39.85,398.5,16610512,75477636,7,650.80261,0.000572
batch,r8937440-n43543,0,13480,1623545751,21,40.1,401,16616656,75477636,7,682.297865,0.000572
batch,r8937440-n43543,0,13490,1623545761,22,39.8,398,16624848,75477636,7,649.225711,0.000458
batch,r8937440-n43543,0,13500,1623545771,23,39.04,390.4,16630992,75477636,7,634.446606,0.000572
batch,r8937440-n43543,0,13510,1623545781,24,39.43,394.3,16639184,75477636,7,643.458431,0.000458
batch,r8937440-n43543,0,13520,1623545791,24,39.94,399.4,16645328,75477636,7,659.164388,0.000572
batch,r8937440-n43543,0,13530,1623545801,25,39.48,394.8,16653520,75477636,7,644.245518,0.000572
batch,r8937440-n43543,0,13540,1623545811,26,37.86,378.6,16659844,75477636,7,607.538136,0.000572
batch,r8937440-n43543,0,13550,1623545821,27,41.72,417.2,16665988,75477636,7,732.786444,0.000458
batch,r8937440-n43543,0,13560,1623545831,28,39.76,397.6,16674288,75477636,7,673.229733,0.000572
batch,r8937440-n43543,0,13570,1623545841,29,34.72,347.2,16680432,75477636,7,522.903602,0.000458
batch,r8937440-n43543,0,13580,1623545851,30,41.43,414.3,16686596,75477636,7,706.185231,0.000572
batch,r8937440-n43543,0,13590,1623545861,31,40.1,401,16694836,75477636,7,682.895564,0.000572
batch,r8937440-n43543,0,13600,1623545871,32,39.96,399.6,16700980,75477636,7,675.414031,0.000458
batch,r8937440-n43543,0,13610,1623545881,32,40.03,400.3,16709400,75477636,7,622.833596,0.000572
batch,r8937440-n43543,0,13620,1623545891,33,29.98,299.8,16713496,75477636,7,461.063356,0.000343
batch,r8937440-n43543,0,13630,1623545901,34,41.67,416.7,16721704,75477636,7,686.865879,0.000572
batch,r8937440-n43543,0,13640,1623545911,35,40.06,400.6,16727852,75477636,7,663.461067,0.000572
batch,r8937440-n43543,0,13650,1623545921,36,38.57,385.7,16734068,75477636,7,604.631032,0.000458
batch,r8937440-n43543,0,13660,1623545931,37,41.45,414.5,16742268,75477636,7,734.055197,0.000572
batch,r8937440-n43543,0,13670,1623545941,37,40.16,401.6,16748412,75477636,7,680.648255,0.000572
batch,r8937440-n43543,0,13680,1623545951,38,40.21,402.1,16756604,75477636,7,672.560667,0.000572
batch,r8937440-n43543,0,13690,1623545961,39,39.67,396.7,16762748,75477636,7,650.910549,0.000458
batch,r8937440-n43543,0,13700,1623545971,40,40.28,402.8,16770940,75477636,7,694.496726,0.000572
batch,r8937440-n43543,0,13710,1623545981,41,40.32,403.2,16777084,75477636,7,656.690979,0.000572
batch,r8937440-n43543,0,13720,1623545991,42,40.4,404,16785276,75477636,7,677.955397,0.000572
batch,r8937440-n43543,0,13730,1623546001,43,40.15,401.5,16791532,75477636,7,665.104007,0.000458
batch,r8937440-n43543,0,13740,1623546011,44,40.12,401.2,16799724,75477636,7,676.38418,0.000572
batch,r8937440-n43543,0,13750,1623546021,44,40.1,401,16805868,75477636,7,664.883431,0.000572
batch,r8937440-n43543,0,13760,1623546031,45,39.91,399.1,16814060,75477636,7,671.383582,0.000572
batch,r8937440-n43543,0,13770,1623546041,46,40.11,401.1,16820204,75477636,7,662.074574,0.000458
batch,r8937440-n43543,0,13780,1623546051,47,40.13,401.3,16828396,75477636,7,660.396639,0.000572
batch,r8937440-n43543,0,13790,1623546061,48,39.96,399.6,16834660,75477636,7,667.921626,0.000572
batch,r8937440-n43543,0,13800,1623546071,49,36.79,367.9,16840804,75477636,7,548.130771,0.000572
batch,r8937440-n43543,0,13810,1623546081,50,40.37,403.7,16848996,75477636,7,726.249773,0.000458
batch,r8937440-n43543,0,13820,1623546091,50,40.91,409.1,16855140,75477636,7,676.404918,0.000458
batch,r8937440-n43543,0,13830,1623546101,51,40.09,400.9,16863508,75477636,7,699.12123,0.000572
batch,r8937440-n43543,0,13840,1623546111,52,40.54,405.4,16869652,75477636,7,660.16165,0.000572
batch,r8937440-n43543,0,13850,1623546121,53,40.08,400.8,16877844,75477636,7,648.525511,0.000572
batch,r8937440-n43543,0,13860,1623546131,54,40.44,404.4,16883988,75477636,7,680.730461,0.000458
batch,r8937440-n43543,0,13870,1623546141,55,40.4,404,16892180,75477636,7,667.302133,0.000572
batch,r8937440-n43543,0,13880,1623546151,56,39.88,398.8,16898324,75477636,7,653.092836,0.000572
batch,r8937440-n43543,0,13890,1623546161,56,40.3,403,16904540,75477636,7,657.776217,0.000572
batch,r8937440-n43543,0,13900,1623546171,57,39.92,399.2,16912732,75477636,7,681.898165,0.000458
batch,r8937440-n43543,0,13910,1623546181,58,40.14,401.4,16918960,75477636,7,660.302082,0.000572
batch,r8937440-n43543,0,13920,1623546191,59,39.88,398.8,16927152,75477636,7,678.136867,0.000572
batch,r8937440-n43543,0,13930,1623546201,60,40.43,404.3,16933332,75477636,7,644.438515,0.000572
batch,r8937440-n43543,0,13940,1623546211,61,40.15,401.5,16941540,75477636,7,678.948289,0.000458
batch,r8937440-n43543,0,13950,1623546221,62,40.19,401.9,16947764,75477636,7,655.366439,0.000572
batch,r8937440-n43543,0,13960,1623546231,62,40.05,400.5,16955956,75477636,7,678.199841,0.000572
batch,r8937440-n43543,0,13970,1623546241,63,40.02,400.2,16962100,75477636,7,665.288268,0.000572
batch,r8937440-n43543,0,13980,1623546251,64,39.48,394.8,16970292,75477636,7,682.802779,0.000458
batch,r8937440-n43543,0,13990,1623546261,65,39.9,399,16976536,75477636,7,662.97218,0.000572
batch,r8937440-n43543,0,14000,1623546271,66,39.96,399.6,16984728,75477636,7,684.707116,0.000572
batch,r8937440-n43543,0,14010,1623546281,67,40.18,401.8,16990872,75477636,7,675.078371,0.000572
batch,r8937440-n43543,0,14020,1623546291,67,40.81,408.1,16999112,75477636,7,683.135097,0.000458
batch,r8937440-n43543,0,14030,1623546301,68,39.91,399.1,17005256,75477636,7,659.432841,0.000572
batch,r8937440-n43543,0,14040,1623546311,69,36.54,365.4,17011400,75477636,7,548.706263,0.000572
batch,r8937440-n43543,0,14050,1623546321,70,37.63,376.3,17017544,75477636,7,650.000515,0.000458
batch,r8937440-n43543,0,14060,1623546331,71,39.79,397.9,17025736,75477636,7,655.050478,0.000458
batch,r8937440-n43543,0,14070,1623546341,71,40.04,400.4,17031880,75477636,7,666.39432,0.000572
batch,r8937440-n43543,0,14080,1623546351,72,40.05,400.5,17040152,75477636,7,653.775912,0.000572
batch,r8937440-n43543,0,14090,1623546361,73,39.66,396.6,17046296,75477636,7,649.687132,0.000572
batch,r8937440-n43543,0,14100,1623546371,74,39.96,399.6,17054488,75477636,7,680.184041,0.000458
batch,r8937440-n43543,0,14110,1623546381,75,40.2,402,17060632,75477636,7,655.677885,0.000572
batch,r8937440-n43543,0,14120,1623546391,76,39.95,399.5,17068824,75477636,7,689.744777,0.000572
batch,r8937440-n43543,0,14130,1623546401,0,40.3,403,17074968,75477636,7,675.752817,0.000572
batch,r8937440-n43543,0,14140,1623546411,1,39.8,398,17083284,75477636,7,655.907937,0.000458
batch,r8937440-n43543,0,14150,1623546421,2,40.2,402,17089428,75477636,7,649.691617,0.000572
batch,r8937440-n43543,0,14160,1623546431,2,39.96,399.6,17095592,75477636,7,678.407949,0.000572
batch,r8937440-n43543,0,14170,1623546441,3,40.22,402.2,17103784,75477636,7,661.658712,0.000572
batch,r8937440-n43543,0,14180,1623546451,4,40.41,404.1,17110076,75477636,7,662.256734,0.000458
batch,r8937440-n43543,0,14190,1623546461,5,39.75,397.5,17118268,75477892,7,683.866987,0.000572
batch,r8937440-n43543,0,14200,1623546471,6,40.6,406,17124472,75477892,7,669.828358,0.000572
batch,r8937440-n43543,0,14210,1623546481,7,40.38,403.8,17132664,75477892,7,666.309888,0.000458
batch,r8937440-n43543,0,14220,1623546491,8,39.95,399.5,17138808,75477892,7,686.22962,0.000572
batch,r8937440-n43543,0,14230,1623546501,9,40.35,403.5,17147000,75477892,7,676.97541,0.000572
batch,r8937440-n43543,0,14240,1623546511,9,40.2,402,17153208,75477892,7,688.079332,0.000572
batch,r8937440-n43543,0,14250,1623546521,10,40.45,404.5,17161784,75477892,7,660.736277,0.000458
batch,r8937440-n43543,0,14260,1623546531,11,39.98,399.8,17167992,75477892,7,662.679761,0.000572
batch,r8937440-n43543,0,14270,1623546541,12,39.29,392.9,17176184,75477892,7,633.858864,0.000572
batch,r8937440-n43543,0,14280,1623546551,13,41.34,413.4,17182328,75477892,7,703.23484,0.000572
batch,r8937440-n43543,0,14290,1623546561,14,40.38,403.8,17190520,75477892,7,675.161627,0.000458
batch,r8937440-n43543,0,14300,1623546571,15,40.06,400.6,17196664,75477892,7,636.837609,0.000572
batch,r8937440-n43543,0,14310,1623546581,15,40.06,400.6,17202808,75477892,7,668.635949,0.000572
batch,r8937440-n43543,0,14320,1623546591,16,40.2,402,17211060,75477892,7,658.724102,0.000572
batch,r8937440-n43543,0,14330,1623546601,17,40.19,401.9,17217316,75477892,7,661.079098,0.000458
batch,r8937440-n43543,0,14340,1623546611,18,40.15,401.5,17225508,75477892,7,674.074878,0.000572
batch,r8937440-n43543,0,14350,1623546621,19,40.11,401.1,17231700,75477892,7,652.501529,0.000572
batch,r8937440-n43543,0,14360,1623546631,20,40,400,17239908,75477892,7,686.733811,0.000572
batch,r8937440-n43543,0,14370,1623546641,21,40.11,401.1,17246072,75477892,7,665.982536,0.000458
batch,r8937440-n43543,0,14380,1623546651,21,39.48,394.8,17254296,75477892,7,664.175814,0.000572
batch,r8937440-n43543,0,14390,1623546661,22,39.9,399,17260440,75477892,7,653.997214,0.000572
batch,r8937440-n43543,0,14400,1623546671,23,27.27,272.7,17264560,75477892,7,351.000152,0.000343
batch,r8937440-n43543,0,14410,1623546681,24,41.57,415.7,17273008,75477892,7,755.518428,0.000458
batch,r8937440-n43543,0,14420,1623546691,24,40.72,407.2,17279152,75477892,7,650.980755,0.000572
batch,r8937440-n43543,0,14430,1623546701,25,39.95,399.5,17287344,75477892,7,668.079673,0.000572
batch,r8937440-n43543,0,14440,1623546711,26,40.31,403.1,17293488,75477892,7,676.750666,0.000572
batch,r8937440-n43543,0,14450,1623546721,27,40.13,401.3,17301680,75477892,7,654.893634,0.000458
batch,r8937440-n43543,0,14460,1623546731,28,39.26,392.6,17307824,75477892,7,629.450277,0.000572
batch,r8937440-n43543,0,14470,1623546741,29,41.28,412.8,17316016,75477892,7,679.377439,0.000572
batch,r8937440-n43543,0,14480,1623546751,30,39.93,399.3,17322160,75477892,7,669.445357,0.000572
batch,r8937440-n43543,0,14490,1623546761,30,39.78,397.8,17330352,75477892,7,666.655342,0.000458
batch,r8937440-n43543,0,14500,1623546771,31,40.31,403.1,17336496,75477892,7,676.314734,0.000572
batch,r8937440-n43543,0,14510,1623546781,32,39.96,399.6,17344792,75477892,7,660.444267,0.000572
batch,r8937440-n43543,0,14520,1623546791,33,36.29,362.9,17350936,75477892,7,555.719855,0.000572
batch,r8937440-n43543,0,14530,1623546801,34,42.42,424.2,17357080,75477892,7,753.403175,0.000458
batch,r8937440-n43543,0,14540,1623546811,34,40.08,400.8,17365272,75477892,7,675.301599,0.000572
batch,r8937440-n43543,0,14550,1623546821,35,40.21,402.1,17371416,75477892,7,688.141588,0.000572
batch,r8937440-n43543,0,14560,1623546831,36,40.04,400.4,17379608,75477892,7,654.960661,0.000458
batch,r8937440-n43543,0,14570,1623546841,37,40.02,400.2,17385928,75477892,7,661.831908,0.000572
batch,r8937440-n43543,0,14580,1623546851,38,40.21,402.1,17394136,75477892,7,663.16578,0.000572
batch,r8937440-n43543,0,14590,1623546861,39,39.68,396.8,17400284,75477892,7,657.5956,0.000458
batch,r8937440-n43543,0,14600,1623546871,39,39.86,398.6,17408476,75477892,7,664.937104,0.000572
batch,r8937440-n43543,0,14610,1623546881,40,40.32,403.2,17414620,75477892,7,663.463162,0.000572
batch,r8937440-n43543,0,14620,1623546891,41,40.16,401.6,17422952,75477892,7,670.728045,0.000572
batch,r8937440-n43543,0,14630,1623546901,42,40.44,404.4,17429096,75477892,7,666.663921,0.000458
batch,r8937440-n43543,0,14640,1623546911,43,40.33,403.3,17435292,75477892,7,662.674628,0.000572
batch,r8937440-n43543,0,14650,1623546921,43,28.01,280.1,17439388,75477892,7,375.08927,0.000343
batch,r8937440-n43543,0,14660,1623546931,44,43.26,432.6,17447580,75477892,7,757.408161,0.000572
batch,r8937440-n43543,0,14670,1623546941,45,38.05,380.5,17455772,75477892,7,613.301531,0.000572
batch,r8937440-n43543,0,14680,1623546951,46,39.85,398.5,17461916,75477892,7,668.15506,0.000458
batch,r8937440-n43543,0,14690,1623546961,47,40.38,403.8,17468108,75477892,7,679.97651,0.000572
batch,r8937440-n43543,0,14700,1623546971,47,40.26,402.6,17423924,75477892,7,644.771094,0.000572
batch,r8937440-n43543,0,14710,1623546981,48,40.16,401.6,17444536,75477892,7,685.076953,0.000572
batch,r8937440-n43543,0,14720,1623546991,49,40.14,401.4,17475256,75477892,7,664.110092,0.000458
batch,r8937440-n43543,0,14730,1623547001,50,40.32,403.2,17481400,75477892,7,656.821095,0.000572
batch,r8937440-n43543,0,14740,1623547011,51,39.98,399.8,17489592,75477892,7,673.204464,0.000572
batch,r8937440-n43543,0,14750,1623547021,51,39.88,398.8,17495736,75477892,7,661.261735,0.000572
batch,r8937440-n43543,0,14760,1623547031,52,40.28,402.8,17504024,75477892,7,658.847574,0.000458
batch,r8937440-n43543,0,14770,1623547041,53,39.94,399.4,17510168,75477892,7,653.921525,0.000572
batch,r8937440-n43543,0,14780,1623547051,54,40.06,400.6,17518360,75477892,7,678.748669,0.000572
batch,r8937440-n43543,0,14790,1623547061,55,38.7,387,17524504,75477892,7,590.529039,0.000458
batch,r8937440-n43543,0,14800,1623547071,55,41.8,418,17532788,75477892,7,730.48315,0.000572
batch,r8937440-n43543,0,14810,1623547081,56,40.33,403.3,17538932,75477892,7,652.144268,0.000572
batch,r8937440-n43543,0,14820,1623547091,57,39.71,397.1,17547172,75477892,7,655.918342,0.000572
batch,r8937440-n43543,0,14830,1623547101,58,40.65,406.5,17553316,75477892,7,677.23548,0.000458
batch,r8937440-n43543,0,14840,1623547111,59,39.83,398.3,17561656,75477892,7,679.631667,0.000572
batch,r8937440-n43543,0,14850,1623547121,59,40.28,402.8,17567800,75477892,7,685.508967,0.000572
batch,r8937440-n43543,0,14860,1623547131,60,40.09,400.9,17575992,75477892,7,652.236279,0.000572
batch,r8937440-n43543,0,14870,1623547141,61,40.44,404.4,17582184,75477892,7,684.981881,0.000458
batch,r8937440-n43543,0,14880,1623547151,62,40.37,403.7,17588328,75477892,7,654.176592,0.000572
batch,r8937440-n43543,0,14890,1623547161,63,39.94,399.4,17596544,75477892,7,671.288052,0.000572
batch,r8937440-n43543,0,14900,1623547171,63,39.97,399.7,17602688,75477892,7,672.691557,0.000572
batch,r8937440-n43543,0,14910,1623547181,64,40.18,401.8,17610904,75477892,7,668.646386,0.000458
batch,r8937440-n43543,0,14920,1623547191,65,40.41,404.1,17617048,75477892,7,656.73963,0.000572
batch,r8937440-n43543,0,14930,1623547201,66,40.08,400.8,17625240,75477892,7,659.359521,0.000572
batch,r8937440-n43543,0,14940,1623547211,67,39.95,399.5,17631384,75477892,7,666.469022,0.000572
batch,r8937440-n43543,0,14950,1623547221,67,40.09,400.9,17639576,75477892,7,679.037889,0.000458
batch,r8937440-n43543,0,14960,1623547231,68,39.71,397.1,17645812,75477892,7,654.000608,0.000572
batch,r8937440-n43543,0,14970,1623547241,69,39.78,397.8,17654004,75477892,7,658.508079,0.000572
batch,r8937440-n43543,0,14980,1623547251,70,40.25,402.5,17660240,75477892,7,669.678069,0.000458
batch,r8937440-n43543,0,14990,1623547261,70,40.1,401,17676444,75477892,7,649.938721,0.000572
batch,r8937440-n43543,0,15000,1623547271,71,40.17,401.7,17706576,75543428,7,684.166385,0.000572
batch,r8937440-n43543,0,15010,1623547281,0,40.27,402.7,17712720,75543428,7,662.577785,0.000572
batch,r8937440-n43543,0,15020,1623547291,1,40.19,401.9,17726124,75543428,7,666.538219,0.000458
batch,r8937440-n43543,0,15030,1623547301,2,40.16,401.6,17732268,75543428,7,670.379662,0.000572
batch,r8937440-n43543,0,15040,1623547311,2,39.84,398.4,17740460,75543428,7,664.410837,0.000572
batch,r8937440-n43543,0,15050,1623547321,3,39.96,399.6,17746604,75543428,7,643.844756,0.000572
batch,r8937440-n43543,0,15060,1623547331,4,39.49,394.9,17754796,75543428,7,656.685822,0.000458
batch,r8937440-n43543,0,15070,1623547341,5,39.95,399.5,17760940,75543428,7,672.639686,0.000572
batch,r8937440-n43543,0,15080,1623547351,6,40.03,400.3,17769132,75543428,7,649.249305,0.000572
batch,r8937440-n43543,0,15090,1623547361,6,39.93,399.3,17775276,75543428,7,668.495041,0.000572
batch,r8937440-n43543,0,15100,1623547371,7,40.08,400.8,17783600,75543428,7,681.095157,0.000458
batch,r8937440-n43543,0,15110,1623547381,8,39.98,399.8,17790084,75543428,7,656.131359,0.000572
batch,r8937440-n43543,0,15120,1623547391,9,40.1,401,17798300,75543428,7,670.070654,0.000572
batch,r8937440-n43543,0,15130,1623547401,10,40.38,403.8,17804444,75543428,7,691.478602,0.000572
batch,r8937440-n43543,0,15140,1623547411,10,40.4,404,17812636,75543428,7,642.98872,0.000458
batch,r8937440-n43543,0,15150,1623547421,11,40.68,406.8,17818780,75543428,7,651.822696,0.000572
batch,r8937440-n43543,0,15160,1623547431,12,40.05,400.5,17825164,75543428,7,693.027806,0.000572
batch,r8937440-n43543,0,15170,1623547441,13,40.48,404.8,17833356,75543428,7,653.952576,0.000458
batch,r8937440-n43543,0,15180,1623547451,14,40.52,405.2,17839572,75543428,7,657.532146,0.000572
batch,r8937440-n43543,0,15190,1623547461,15,40.69,406.9,17847764,75543428,7,685.975226,0.000572
batch,r8937440-n43543,0,15200,1623547471,15,40.21,402.1,17853908,75543428,7,654.397123,0.000572
batch,r8937440-n43543,0,15210,1623547481,16,40.36,403.6,17862100,75543428,7,684.183693,0.000458
batch,r8937440-n43543,0,15220,1623547491,17,40.5,405,17868244,75543428,7,635.806907,0.000572
batch,r8937440-n43543,0,15230,1623547501,18,40.18,401.8,17876436,75543428,7,674.36846,0.000572
batch,r8937440-n43543,0,15240,1623547511,19,40.1,401,17882648,75543428,7,650.968176,0.000458
batch,r8937440-n43543,0,15250,1623547521,19,39.99,399.9,17890840,75543428,7,685.642424,0.000572
batch,r8937440-n43543,0,15260,1623547531,20,40.12,401.2,17896984,75543428,7,655.805005,0.000572
batch,r8937440-n43543,0,15270,1623547541,21,40.66,406.6,17905176,75543428,7,701.319115,0.000572
batch,r8937440-n43543,0,15280,1623547551,22,40.56,405.6,17911440,75543428,7,655.834551,0.000458
batch,r8937440-n43543,0,15290,1623547561,23,40.16,401.6,17919632,75543428,7,679.796354,0.000572
batch,r8937440-n43543,0,15300,1623547571,23,39.94,399.4,17925776,75543428,7,670.755197,0.000572
batch,r8937440-n43543,0,15310,1623547581,24,40.16,401.6,17932508,75543428,7,669.06301,0.000572
batch,r8937440-n43543,0,15320,1623547591,25,40.2,402,17940700,75543428,7,685.826543,0.000458
batch,r8937440-n43543,0,15330,1623547601,26,39.85,398.5,17946844,75543428,7,665.249889,0.000572
batch,r8937440-n43543,0,15340,1623547611,27,40.51,405.1,17955036,75543428,7,661.898892,0.000572
batch,r8937440-n43543,0,15350,1623547621,27,40.7,407,17961212,75543428,7,678.71907,0.000572
batch,r8937440-n43543,0,15360,1623547631,28,40.06,400.6,17969404,75543428,7,668.960915,0.000458
batch,r8937440-n43543,0,15370,1623547641,29,40.22,402.2,17975712,75543428,7,678.097239,0.000572
batch,r8937440-n43543,0,15380,1623547651,30,40.32,403.2,17983904,75543428,7,664.942589,0.000572
batch,r8937440-n43543,0,15390,1623547661,31,40.2,402,17993816,75543428,7,664.363159,0.000572
batch,r8937440-n43543,0,15400,1623547671,31,39.98,399.8,18002020,75543428,7,662.288074,0.000458
batch,r8937440-n43543,0,15410,1623547681,32,40.08,400.8,18008164,75543428,7,684.670099,0.000572
batch,r8937440-n43543,0,15420,1623547691,33,39.95,399.5,18016356,75543428,7,657.139422,0.000572
batch,r8937440-n43543,0,15430,1623547701,34,39.97,399.7,18022552,75543428,7,660.448021,0.000572
batch,r8937440-n43543,0,15440,1623547711,34,40.4,404,18030744,75543428,7,690.314619,0.000458
batch,r8937440-n43543,0,15450,1623547721,35,39.62,396.2,18036992,75543428,7,650.54443,0.000572
batch,r8937440-n43543,0,15460,1623547731,36,39.97,399.7,18045184,75543428,7,669.86657,0.000572
batch,r8937440-n43543,0,15470,1623547741,37,40.18,401.8,18051356,75543428,7,670.269928,0.000572
batch,r8937440-n43543,0,15480,1623547751,38,40.08,400.8,18057500,75543428,7,666.667552,0.000458
batch,r8937440-n43543,0,15490,1623547761,38,40.1,401,18065732,75543428,7,669.179454,0.000572
batch,r8937440-n43543,0,15500,1623547771,39,39.96,399.6,18071876,75543428,7,646.625943,0.000572
batch,r8937440-n43543,0,15510,1623547781,40,40.87,408.7,18080068,75543428,7,689.82588,0.000572
batch,r8937440-n43543,0,15520,1623547791,41,40.16,401.6,18086212,75543428,7,662.661454,0.000458
batch,r8937440-n43543,0,15530,1623547801,41,40.25,402.5,18094404,75543428,7,672.952913,0.000572
batch,r8937440-n43543,0,15540,1623547811,42,40.18,401.8,18100548,75543428,7,648.438386,0.000572
batch,r8937440-n43543,0,15550,1623547821,43,40.35,403.5,18108740,75543428,7,660.00743,0.000572
batch,r8937440-n43543,0,15560,1623547831,44,40.34,403.4,18114884,75543428,7,660.881658,0.000458
batch,r8937440-n43543,0,15570,1623547841,44,40.25,402.5,18123076,75543428,7,667.181194,0.000572
batch,r8937440-n43543,0,15580,1623547851,45,40.64,406.4,18129220,75543428,7,662.666058,0.000572
batch,r8937440-n43543,0,15590,1623547861,46,39.75,397.5,18137412,75543428,7,654.807141,0.000572
batch,r8937440-n43543,0,15600,1623547871,47,40.29,402.9,18143556,75543428,7,688.278925,0.000458
batch,r8937440-n43543,0,15610,1623547881,48,39.71,397.1,18151748,75543428,7,654.916368,0.000572
batch,r8937440-n43543,0,15620,1623547891,48,40.34,403.4,18157892,75543428,7,670.721312,0.000572
batch,r8937440-n43543,0,15630,1623547901,49,40.27,402.7,18166084,75543428,7,700.046572,0.000572
batch,r8937440-n43543,0,15640,1623547911,50,40.44,404.4,18172228,75543428,7,677.42909,0.000458
batch,r8937440-n43543,0,15650,1623547921,51,39.6,396,18180420,75543428,7,643.475488,0.000572
batch,r8937440-n43543,0,15660,1623547931,51,40.27,402.7,18186564,75543428,7,691.503403,0.000572
batch,r8937440-n43543,0,15670,1623547941,52,40.03,400.3,18193152,75543428,7,667.355287,0.000458
batch,r8937440-n43543,0,15680,1623547951,53,40.22,402.2,18201344,75543428,7,667.033467,0.000572
batch,r8937440-n43543,0,15690,1623547961,54,38.79,387.9,18207488,75543428,7,595.534856,0.000572
batch,r8937440-n43543,0,15700,1623547971,54,41.49,414.9,18215680,75543428,7,726.750662,0.000572
batch,r8937440-n43543,0,15710,1623547981,55,39.79,397.9,18194468,75477892,7,630.708071,0.000458
batch,r8937440-n43543,0,15720,1623547991,56,40.19,401.9,18202660,75477892,7,678.190608,0.000572
batch,r8937440-n43543,0,15730,1623548001,57,40.51,405.1,18208900,75477892,7,662.625545,0.000572
batch,r8937440-n43543,0,15740,1623548011,57,39.86,398.6,18217092,75477892,7,664.943693,0.000572
batch,r8937440-n43543,0,15750,1623548021,58,39.76,397.6,18223272,75477892,7,673.213241,0.000458
batch,r8937440-n43543,0,15760,1623548031,59,40.34,403.4,18231464,75477892,7,672.341578,0.000572
batch,r8937440-n43543,0,15770,1623548041,60,40.58,405.8,18237608,75477892,7,665.370857,0.000572
batch,r8937440-n43543,0,15780,1623548051,60,40.68,406.8,18245800,75477892,7,681.775668,0.000572
batch,r8937440-n43543,0,15790,1623548061,61,39.75,397.5,18252020,75477892,7,671.957812,0.000458
batch,r8937440-n43543,0,15800,1623548071,62,40.23,402.3,18260212,75477892,7,673.319111,0.000572
batch,r8937440-n43543,0,15810,1623548081,63,39.99,399.9,18266356,75477892,7,655.784165,0.000572
batch,r8937440-n43543,0,15820,1623548091,63,39.87,398.7,18274696,75477892,7,665.984359,0.000572
batch,r8937440-n43543,0,15830,1623548101,64,40.77,407.7,18280840,75477892,7,647.125811,0.000458
batch,r8937440-n43543,0,15840,1623548111,65,40.14,401.4,18286984,75477892,7,672.883724,0.000572
batch,r8937440-n43543,0,15850,1623548121,66,40.29,402.9,18295176,75477892,7,657.828002,0.000572
batch,r8937440-n43543,0,15860,1623548131,66,40.02,400.2,18301320,75477892,7,677.834042,0.000572
batch,r8937440-n43543,0,15870,1623548141,67,40.38,403.8,18309620,75477892,7,673.954626,0.000458
batch,r8937440-n43543,0,15880,1623548151,0,40.23,402.3,18315764,75477892,7,676.206532,0.000572
batch,r8937440-n43543,0,15890,1623548161,0,39.97,399.7,18323956,75477892,7,675.495414,0.000572
batch,r8937440-n43543,0,15900,1623548171,1,40.04,400.4,18330100,75477892,7,650.286218,0.000572
batch,r8937440-n43543,0,15910,1623548181,2,40.17,401.7,18338292,75477892,7,679.851203,0.000458
batch,r8937440-n43543,0,15920,1623548191,3,40.32,403.2,18344436,75477892,7,668.114829,0.000572
batch,r8937440-n43543,0,15930,1623548201,4,40.01,400.1,18352752,75477892,7,659.10674,0.000572
batch,r8937440-n43543,0,15940,1623548211,4,40.08,400.8,18358896,75477892,7,683.302701,0.000572
batch,r8937440-n43543,0,15950,1623548221,5,40.36,403.6,18367188,75477892,7,654.533471,0.000458
batch,r8937440-n43543,0,15960,1623548231,6,40.09,400.9,18373332,75477892,7,698.147011,0.000572
batch,r8937440-n43543,0,15970,1623548241,7,40.15,401.5,18381632,75477892,7,659.135436,0.000572
batch,r8937440-n43543,0,15980,1623548251,7,40.26,402.6,18387800,75477892,7,656.212765,0.000572
batch,r8937440-n43543,0,15990,1623548261,8,40.13,401.3,18395996,75477892,7,654.02899,0.000458
batch,r8937440-n43543,0,16000,1623548271,9,39.63,396.3,18402140,75477892,7,637.519723,0.000572
batch,r8937440-n43543,0,16010,1623548281,10,40.15,401.5,18410400,75477892,7,690.075963,0.000572
batch,r8937440-n43543,0,16020,1623548291,11,40.05,400.5,18416544,75477892,7,676.688978,0.000572
batch,r8937440-n43543,0,16030,1623548301,11,40.45,404.5,18422772,75477892,7,670.243701,0.000458
batch,r8937440-n43543,0,16040,1623548311,12,40,400,18430964,75477892,7,669.496865,0.000572
batch,r8937440-n43543,0,16050,1623548321,13,40.82,408.2,18437108,75477892,7,679.803955,0.000572
batch,r8937440-n43543,0,16060,1623548331,14,40.46,404.6,18445300,75477892,7,649.014336,0.000572
batch,r8937440-n43543,0,16070,1623548341,14,40.39,403.9,18451444,75477892,7,660.731023,0.000458
batch,r8937440-n43543,0,16080,1623548351,15,39.73,397.3,18459636,75477892,7,671.586809,0.000572
batch,r8937440-n43543,0,16090,1623548361,16,40.25,402.5,18465780,75477892,7,654.649356,0.000572
batch,r8937440-n43543,0,16100,1623548371,17,40.3,403,18473972,75477892,7,665.329431,0.000572
batch,r8937440-n43543,0,16110,1623548381,17,40.25,402.5,18480116,75477892,7,658.832928,0.000458
batch,r8937440-n43543,0,16120,1623548391,18,40.1,401,18488428,75477892,7,680.575257,0.000572
batch,r8937440-n43543,0,16130,1623548401,19,39.99,399.9,18494572,75477892,7,660.34303,0.000572
batch,r8937440-n43543,0,16140,1623548411,20,40.1,401,18502764,75477892,7,674.923272,0.000458
batch,r8937440-n43543,0,16150,1623548421,20,40.13,401.3,18508908,75477892,7,648.180842,0.000572
batch,r8937440-n43543,0,16160,1623548431,21,39.91,399.1,18517100,75477892,7,674.211798,0.000572
batch,r8937440-n43543,0,16170,1623548441,22,40.18,401.8,18523244,75477892,7,652.423222,0.000572
batch,r8937440-n43543,0,16180,1623548451,23,40.29,402.9,18531436,75477892,7,659.547929,0.000458
batch,r8937440-n43543,0,16190,1623548461,23,39.94,399.4,18537580,75477892,7,648.278968,0.000572
batch,r8937440-n43543,0,16200,1623548471,24,27.43,274.3,18541676,75477892,7,385.000152,0.000343
batch,r8937440-n43543,0,16210,1623548481,25,42.15,421.5,18549868,75477892,7,716.027944,0.000572
batch,r8937440-n43543,0,16220,1623548491,25,40.27,402.7,18556172,75477892,7,666.401036,0.000572
batch,r8937440-n43543,0,16230,1623548501,26,40.32,403.2,18564364,75477892,7,682.160024,0.000458
batch,r8937440-n43543,0,16240,1623548511,27,40.27,402.7,18570508,75477892,7,673.786885,0.000572
batch,r8937440-n43543,0,16250,1623548521,28,39.76,397.6,18576652,75477892,7,659.607996,0.000572
batch,r8937440-n43543,0,16260,1623548531,28,39.99,399.9,18585016,75477892,7,667.236846,0.000572
batch,r8937440-n43543,0,16270,1623548541,29,40.34,403.4,18591212,75477892,7,673.903623,0.000458
batch,r8937440-n43543,0,16280,1623548551,30,39.41,394.1,18599404,75477892,7,653.535351,0.000572
batch,r8937440-n43543,0,16290,1623548561,31,40.15,401.5,18605560,75477892,7,679.628096,0.000572
batch,r8937440-n43543,0,16300,1623548571,31,40.6,406,18613752,75477892,7,655.189434,0.000458
batch,r8937440-n43543,0,16310,1623548581,32,39.95,399.5,18619896,75477892,7,686.078739,0.000572
batch,r8937440-n43543,0,16320,1623548591,33,40.18,401.8,18628088,75477892,7,673.068586,0.000572
batch,r8937440-n43543,0,16330,1623548601,34,39.97,399.7,18634232,75477892,7,654.613137,0.000572
batch,r8937440-n43543,0,16340,1623548611,34,40.14,401.4,18642464,75477892,7,669.900223,0.000458
batch,r8937440-n43543,0,16350,1623548621,35,40.25,402.5,18648608,75477892,7,652.458964,0.000572
batch,r8937440-n43543,0,16360,1623548631,36,39.77,397.7,18656800,75477892,7,677.678508,0.000572
batch,r8937440-n43543,0,16370,1623548641,37,40.19,401.9,18662944,75477892,7,681.929529,0.000572
batch,r8937440-n43543,0,16380,1623548651,37,40.31,403.1,18683424,75477892,7,678.80946,0.000458
batch,r8937440-n43543,0,16390,1623548661,38,40.61,406.1,18689568,75477892,7,665.354526,0.000572
batch,r8937440-n43543,0,16400,1623548671,39,40.29,402.9,18698012,75477892,7,666.76422,0.000572
batch,r8937440-n43543,0,16410,1623548681,39,36.99,369.9,18704156,75477892,7,575.892426,0.000572
batch,r8937440-n43543,0,16420,1623548691,40,43.16,431.6,18710300,75477892,7,751.570999,0.000458
batch,r8937440-n43543,0,16430,1623548701,41,39.98,399.8,18718492,75477892,7,671.486481,0.000572
batch,r8937440-n43543,0,16440,1623548711,42,39.81,398.1,18724680,75477892,7,654.641274,0.000572
batch,r8937440-n43543,0,16450,1623548721,42,38.06,380.6,18732872,75477892,7,641.100509,0.000458
batch,r8937440-n43543,0,16460,1623548731,43,37.47,374.7,18739016,75477892,7,559.453794,0.000572
batch,r8937440-n43543,0,16470,1623548741,44,33.76,337.6,18745160,75477892,7,524.762966,0.000343
batch,r8937440-n43543,0,16480,1623548751,44,38.44,384.4,18751400,75478148,7,609.987525,0.000572
batch,r8937440-n43543,0,16490,1623548761,45,32.29,322.9,18755496,75478148,7,500.48105,0.000458
batch,r8937440-n43543,0,16500,1623548771,46,42.74,427.4,18763688,75478148,7,755.837859,0.000458
batch,r8937440-n43543,0,16510,1623548781,46,39.58,395.8,18769832,75478148,7,635.865645,0.000572
batch,r8937440-n43543,0,16520,1623548791,47,39.99,399.9,18778192,75478148,7,662.723924,0.000572
batch,r8937440-n43543,0,16530,1623548801,48,39.12,391.2,18784336,75478148,7,626.81593,0.000458
batch,r8937440-n43543,0,16540,1623548811,49,41.23,412.3,18792552,75478148,7,681.920423,0.000572
batch,r8937440-n43543,0,16550,1623548821,49,39.33,393.3,18798696,75478148,7,649.385381,0.000572
batch,r8937440-n43543,0,16560,1623548831,50,40.16,401.6,18807004,75478148,7,666.453205,0.000572
batch,r8937440-n43543,0,16570,1623548841,51,40.129,401.29,18813148,75478148,7,656.480074,0.000458
batch,r8937440-n43543,0,16580,1623548851,51,40.321,403.21,18821364,75478148,7,682.230764,0.000572
batch,r8937440-n43543,0,16590,1623548861,52,39.649,396.49,18827508,75478148,7,654.143237,0.000572
batch,r8937440-n43543,0,16600,1623548871,53,39.681,396.81,18835748,75478148,7,702.527008,0.000572
batch,r8937440-n43543,0,16610,1623548881,54,40.849,408.49,18841936,75478148,7,664.017691,0.000458
batch,r8937440-n43543,0,16620,1623548891,54,37.561,375.61,18848080,75478148,7,572.075234,0.000572
batch,r8937440-n43543,0,16630,1623548901,55,39.159,391.59,18856272,75478148,7,680.891758,0.000458
batch,r8937440-n43543,0,16640,1623548911,56,40.381,403.81,18862444,75478148,7,649.334253,0.000572
batch,r8937440-n43543,0,16650,1623548921,56,39.839,398.39,18870644,75478148,7,661.202842,0.000572
batch,r8937440-n43543,0,16660,1623548931,57,36.731,367.31,18876840,75478148,7,537.956922,0.000572
batch,r8937440-n43543,0,16670,1623548941,58,42.799,427.99,18885032,75478148,7,763.65569,0.000458
batch,r8937440-n43543,0,16680,1623548951,58,40.121,401.21,18891176,75478148,7,682.137234,0.000572
batch,r8937440-n43543,0,16690,1623548961,59,39.849,398.49,18899368,75478148,7,652.309192,0.000572
batch,r8937440-n43543,0,16700,1623548971,60,40.081,400.81,18905512,75478148,7,662.606652,0.000458
batch,r8937440-n43543,0,16710,1623548981,61,40.35,403.5,18911656,75478148,7,677.846045,0.000572
batch,r8937440-n43543,0,16720,1623548991,61,40.54,405.4,18919848,75478148,7,667.519804,0.000572
batch,r8937440-n43543,0,16730,1623549001,62,40.5,405,18926004,75478148,7,661.455225,0.000572
batch,r8937440-n43543,0,16740,1623549011,63,40.02,400.2,18934292,75478148,7,662.130747,0.000458
batch,r8937440-n43543,0,16750,1623549021,63,40.16,401.6,18940436,75478148,7,678.949926,0.000572
batch,r8937440-n43543,0,16760,1623549031,0,40.06,400.6,18948628,75478148,7,660.417227,0.000572
batch,r8937440-n43543,0,16770,1623549041,0,39.959,399.59,18954772,75478148,7,674.609737,0.000572
batch,r8937440-n43543,0,16780,1623549051,1,40.211,402.11,18968936,75478148,7,674.479958,0.000458
batch,r8937440-n43543,0,16790,1623549061,2,39.59,395.9,18975080,75478148,7,651.672656,0.000572
batch,r8937440-n43543,0,16800,1623549071,2,37.529,375.29,18981224,75478148,7,583.094938,0.000572
batch,r8937440-n43543,0,16810,1623549081,3,42.801,428.01,18989416,75478148,7,739.038886,0.000572
batch,r8937440-n43543,0,16820,1623549091,4,39.449,394.49,18997608,75478148,7,651.525782,0.000458
batch,r8937440-n43543,0,16830,1623549101,5,39.981,399.81,19003752,75478148,7,651.823369,0.000572
batch,r8937440-n43543,0,16840,1623549111,5,40.11,401.1,19011944,75478148,7,662.824175,0.000572
batch,r8937440-n43543,0,16850,1623549121,6,40.159,401.59,19018088,75478148,7,677.212594,0.000458
batch,r8937440-n43543,0,16860,1623549131,7,39.411,394.11,19024232,75478148,7,673.199041,0.000572
batch,r8937440-n43543,0,16870,1623549141,8,39.979,399.79,19032660,75478148,7,667.231053,0.000572
batch,r8937440-n43543,0,16880,1623549151,8,40.221,402.21,19038804,75478148,7,674.646818,0.000572
batch,r8937440-n43543,0,16890,1623549161,9,39.779,397.79,19047200,75478148,7,658.584163,0.000458
batch,r8937440-n43543,0,16900,1623549171,10,40.101,401.01,19053344,75478148,7,675.510271,0.000572
batch,r8937440-n43543,0,16910,1623549181,11,40.47,404.7,19061536,75478148,7,674.91309,0.000572
batch,r8937440-n43543,0,16920,1623549191,11,40.15,401.5,19067680,75478148,7,659.740758,0.000572
batch,r8937440-n43543,0,16930,1623549201,12,40.47,404.7,19076092,75478148,7,677.323384,0.000458
batch,r8937440-n43543,0,16940,1623549211,13,40.33,403.3,19082236,75478148,7,648.797256,0.000572
batch,r8937440-n43543,0,16950,1623549221,13,39.69,396.9,19090480,75478148,7,679.199139,0.000572
batch,r8937440-n43543,0,16960,1623549231,14,40.15,401.5,19096624,75478148,7,663.919984,0.000572
batch,r8937440-n43543,0,16970,1623549241,15,40.2,402,19104816,75478148,7,664.0079,0.000458
batch,r8937440-n43543,0,16980,1623549251,16,37.19,371.9,19111008,75478148,7,549.045471,0.000572
batch,r8937440-n43543,0,16990,1623549261,16,32.69,326.9,19115104,75478148,7,534.839468,0.000343
batch,r8937440-n43543,0,17000,1623549271,17,40.45,404.5,19123296,75478148,7,665.471243,0.000572
batch,r8937440-n43543,0,17010,1623549281,18,39.94,399.4,19129440,75478148,7,656.750349,0.000572
batch,r8937440-n43543,0,17020,1623549291,18,40.02,400.2,19137632,75478148,7,666.454834,0.000458
batch,r8937440-n43543,0,17030,1623549301,19,39.86,398.6,19143892,75478148,7,656.241392,0.000572
batch,r8937440-n43543,0,17040,1623549311,20,39.97,399.7,19152084,75478148,7,687.912648,0.000572
batch,r8937440-n43543,0,17050,1623549321,20,39.97,399.7,19158228,75478148,7,653.610362,0.000572
batch,r8937440-n43543,0,17060,1623549331,21,39.78,397.8,19166420,75478148,7,662.069299,0.000458
batch,r8937440-n43543,0,17070,1623549341,22,40.17,401.7,19172564,75478148,7,671.99219,0.000572
batch,r8937440-n43543,0,17080,1623549351,23,40.3,403,19180756,75478148,7,655.313856,0.000572
batch,r8937440-n43543,0,17090,1623549361,23,40.2,402,19186900,75478148,7,665.198418,0.000458
batch,r8937440-n43543,0,17100,1623549371,24,39.89,398.9,19193188,75478148,7,656.415972,0.000572
batch,r8937440-n43543,0,17110,1623549381,25,40.58,405.8,19201380,75478148,7,648.634983,0.000572
batch,r8937440-n43543,0,17120,1623549391,25,40.61,406.1,19274920,75609220,7,674.952876,0.000572
batch,r8937440-n43543,0,17130,1623549401,26,40.24,402.4,19283240,75609220,7,659.90268,0.000458
batch,r8937440-n43543,0,17140,1623549411,27,39.96,399.6,19291756,75609220,7,660.528316,0.000572
batch,r8937440-n43543,0,17150,1623549421,28,40.49,404.9,19302096,75609220,7,668.365777,0.000572
batch,r8937440-n43543,0,17160,1623549431,28,33.82,338.2,19306192,75609220,7,500.170864,0.000458
batch,r8937440-n43543,0,17170,1623549441,29,42.14,421.4,19320672,75609220,7,729.356528,0.000572
batch,r8937440-n43543,0,17180,1623549451,30,39.28,392.8,19328880,75609220,7,631.051681,0.000458
batch,r8937440-n43543,0,17190,1623549461,30,36.61,366.1,19335120,75609220,7,615.95804,0.000458
batch,r8937440-n43543,0,17200,1623549471,31,39.75,397.5,19341264,75609220,7,667.231863,0.000572
batch,r8937440-n43543,0,17210,1623549481,32,39.9,399,19347408,75609220,7,655.387446,0.000572
batch,r8937440-n43543,0,17220,1623549491,32,40.63,406.3,19355604,75609220,7,656.212751,0.000572
batch,r8937440-n43543,0,17230,1623549501,33,39.7,397,19361812,75609220,7,653.562818,0.000458
batch,r8937440-n43543,0,17240,1623549511,34,40.13,401.3,19370004,75609220,7,669.347669,0.000572
batch,r8937440-n43543,0,17250,1623549521,34,39.73,397.3,19376152,75609220,7,662.872022,0.000572
batch,r8937440-n43543,0,17260,1623549531,35,40.24,402.4,19384436,75609220,7,686.767001,0.000572
batch,r8937440-n43543,0,17270,1623549541,36,40.5,405,19390624,75609220,7,650.840585,0.000458
batch,r8937440-n43543,0,17280,1623549551,36,39.43,394.3,19398816,75609220,7,635.540616,0.000572
batch,r8937440-n43543,0,17290,1623549561,37,40.7,407,19404976,75609220,7,673.966328,0.000572
batch,r8937440-n43543,0,17300,1623549571,38,40.17,401.7,19413168,75609220,7,705.679472,0.000458
batch,r8937440-n43543,0,17310,1623549581,39,38.57,385.7,19419312,75609220,7,588.319563,0.000572
batch,r8937440-n43543,0,17320,1623549591,39,41.91,419.1,19427504,75609220,7,730.525383,0.000572
batch,r8937440-n43543,0,17330,1623549601,40,40.37,403.7,19433648,75609220,7,666.562831,0.000572
batch,r8937440-n43543,0,17340,1623549611,41,39.98,399.8,19441896,75609220,7,677.124712,0.000458
batch,r8937440-n43543,0,17350,1623549621,41,40.27,402.7,19448040,75609220,7,659.524861,0.000572
batch,r8937440-n43543,0,17360,1623549631,42,39.91,399.1,19456232,75609220,7,667.37023,0.000572
batch,r8937440-n43543,0,17370,1623549641,43,36.65,366.5,19462376,75609220,7,600.224167,0.000458
batch,r8937440-n43543,0,17380,1623549651,43,42.48,424.8,19468520,75609220,7,717.443845,0.000572
batch,r8937440-n43543,0,17390,1623549661,44,31.12,311.2,19474664,75609220,7,423.543806,0.000458
batch,r8937440-n43543,0,17400,1623549671,45,39.94,399.4,19480808,75609220,7,680.014974,0.000458
batch,r8937440-n43543,0,17410,1623549681,45,39.99,399.9,19489164,75609220,7,668.271531,0.000572
batch,r8937440-n43543,0,17420,1623549691,46,39.83,398.3,19495308,75609220,7,666.670221,0.000572
batch,r8937440-n43543,0,17430,1623549701,47,39.72,397.2,19503500,75609220,7,684.234211,0.000458
batch,r8937440-n43543,0,17440,1623549711,47,40.46,404.6,19509644,75609220,7,651.56554,0.000572
batch,r8937440-n43543,0,17450,1623549721,48,39.55,395.5,19515788,75609220,7,644.866755,0.000572
batch,r8937440-n43543,0,17460,1623549731,49,40.51,405.1,19523980,75609220,7,636.245191,0.000458
batch,r8937440-n43543,0,17470,1623549741,49,40.64,406.4,19530124,75609220,7,658.628573,0.000572
batch,r8937440-n43543,0,17480,1623549751,50,40.18,401.8,19538316,75609220,7,680.090953,0.000572
batch,r8937440-n43543,0,17490,1623549761,51,38.98,389.8,19544564,75609220,7,605.479975,0.000572
batch,r8937440-n43543,0,17500,1623549771,51,41.09,410.9,19552932,75609220,7,712.550544,0.000458
batch,r8937440-n43543,0,17510,1623549781,52,39.76,397.6,19559076,75609220,7,665.028224,0.000572
batch,r8937440-n43543,0,17520,1623549791,53,40.08,400.8,19567268,75609220,7,662.601759,0.000572
batch,r8937440-n43543,0,17530,1623549801,53,39.56,395.6,19573464,75609220,7,659.778231,0.000572
batch,r8937440-n43543,0,17540,1623549811,54,40.68,406.8,19581656,75609220,7,675.827857,0.000458
batch,r8937440-n43543,0,17550,1623549821,55,39.98,399.8,19587800,75609220,7,654.271846,0.000572
batch,r8937440-n43543,0,17560,1623549831,55,40.03,400.3,19596216,75609220,7,673.687498,0.000572
batch,r8937440-n43543,0,17570,1623549841,56,40.08,400.8,19602360,75609220,7,659.02952,0.000458
batch,r8937440-n43543,0,17580,1623549851,57,39.86,398.6,19608552,75609220,7,678.852214,0.000572
batch,r8937440-n43543,0,17590,1623549861,57,40.11,401.1,19616744,75609220,7,666.346066,0.000572
batch,r8937440-n43543,0,17600,1623549871,58,38.29,382.9,19622888,75609220,7,594.641825,0.000572
batch,r8937440-n43543,0,17610,1623549881,59,41.89,418.9,19631080,75609220,7,726.630619,0.000458
batch,r8937440-n43543,0,17620,1623549891,59,39.98,399.8,19637224,75609220,7,652.786373,0.000572
batch,r8937440-n43543,0,17630,1623549901,60,39.98,399.8,19645416,75609220,7,658.155883,0.000572
batch,r8937440-n43543,0,17640,1623549911,0,40.35,403.5,19651560,75609220,7,644.62511,0.000572
batch,r8937440-n43543,0,17650,1623549921,0,39.54,395.4,19659868,75609220,7,656.065672,0.000458
batch,r8937440-n43543,0,17660,1623549931,1,35.18,351.8,19666012,75609220,7,502.881858,0.000572
batch,r8937440-n43543,0,17670,1623549941,2,39.99,399.9,19672252,75609220,7,679.550901,0.000458
batch,r8937440-n43543,0,17680,1623549951,2,40.13,401.3,19680444,75609220,7,670.498956,0.000572
batch,r8937440-n43543,0,17690,1623549961,3,39.95,399.5,19686588,75609220,7,662.104865,0.000572
batch,r8937440-n43543,0,17700,1623549971,4,39.24,392.4,19692732,75609220,7,625.062359,0.000458
batch,r8937440-n43543,0,17710,1623549981,4,41.13,411.3,19700924,75609220,7,697.964366,0.000572
batch,r8937440-n43543,0,17720,1623549991,5,40.31,403.1,19707068,75609220,7,669.964618,0.000572
batch,r8937440-n43543,0,17730,1623550001,6,39.83,398.3,19715260,75609220,7,655.359808,0.000572
batch,r8937440-n43543,0,17740,1623550011,6,40.34,403.4,19721404,75609220,7,686.069189,0.000458
batch,r8937440-n43543,0,17750,1623550021,7,40.05,400.5,19729688,75609220,7,660.958444,0.000572
batch,r8937440-n43543,0,17760,1623550031,8,40.35,403.5,19735832,75609220,7,653.392479,0.000572
batch,r8937440-n43543,0,17770,1623550041,8,40.09,400.9,19744160,75609220,7,644.295835,0.000458
batch,r8937440-n43543,0,17780,1623550051,9,40.27,402.7,19750304,75609220,7,668.901509,0.000572
batch,r8937440-n43543,0,17790,1623550061,10,39.32,393.2,19758584,75609220,7,638.964927,0.000572
batch,r8937440-n43543,0,17800,1623550071,11,39.96,399.6,19764760,75609220,7,662.101576,0.000572
batch,r8937440-n43543,0,17810,1623550081,11,39.92,399.2,19772956,75609220,7,661.103149,0.000458
batch,r8937440-n43543,0,17820,1623550091,12,40.16,401.6,19779100,75609220,7,684.046188,0.000572
batch,r8937440-n43543,0,17830,1623550101,13,39.84,398.4,19787344,75609220,7,671.8712,0.000572
batch,r8937440-n43543,0,17840,1623550111,13,40.41,404.1,19793488,75609220,7,674.829866,0.000572
batch,r8937440-n43543,0,17850,1623550121,14,40.5,405,19776592,75543684,7,658.377037,0.000458
batch,r8937440-n43543,0,17860,1623550131,15,40.24,402.4,19782868,75543684,7,695.02395,0.000572
batch,r8937440-n43543,0,17870,1623550141,15,40.37,403.7,19791068,75543684,7,666.520968,0.000572
batch,r8937440-n43543,0,17880,1623550151,16,40.11,401.1,19797212,75543684,7,669.485515,0.000572
batch,r8937440-n43543,0,17890,1623550161,17,40.23,402.3,19803380,75543684,7,659.564397,0.000458
batch,r8937440-n43543,0,17900,1623550171,17,39.78,397.8,19811572,75543684,7,663.489817,0.000572
batch,r8937440-n43543,0,17910,1623550181,18,40.07,400.7,19817716,75543684,7,671.589771,0.000572
batch,r8937440-n43543,0,17920,1623550191,19,40.25,402.5,19825908,75543684,7,661.888311,0.000572
batch,r8937440-n43543,0,17930,1623550201,19,40.04,400.4,19832052,75543684,7,657.647322,0.000458
batch,r8937440-n43543,0,17940,1623550211,20,40.41,404.1,19840244,75543684,7,668.041494,0.000572
batch,r8937440-n43543,0,17950,1623550221,21,39.73,397.3,19846388,75543684,7,659.538549,0.000572
batch,r8937440-n43543,0,17960,1623550231,21,40.57,405.7,19854580,75543684,7,661.374864,0.000572
batch,r8937440-n43543,0,17970,1623550241,22,40.22,402.2,19860724,75543684,7,646.499698,0.000458
batch,r8937440-n43543,0,17980,1623550251,23,39.65,396.5,19868916,75543684,7,673.920885,0.000572
batch,r8937440-n43543,0,17990,1623550261,24,41.14,411.4,19875060,75543684,7,680.58124,0.000572
batch,r8937440-n43543,0,18000,1623550271,24,40.19,401.9,19883252,75543684,7,665.726462,0.000572
batch,r8937440-n43543,0,18010,1623550281,25,40.62,406.2,19889620,75543684,7,660.702722,0.000458
batch,r8937440-n43543,0,18020,1623550291,26,39.93,399.3,19897812,75543684,7,659.333737,0.000572
batch,r8937440-n43543,0,18030,1623550301,26,40.59,405.9,19904144,75543684,7,684.919466,0.000572
batch,r8937440-n43543,0,18040,1623550311,27,40.08,400.8,19912336,75543684,7,655.54343,0.000458
batch,r8937440-n43543,0,18050,1623550321,27,36.19,361.9,19916432,75543684,7,542.032504,0.000572
batch,r8937440-n43543,0,18060,1623550331,28,43.18,431.8,19924624,75543684,7,752.85013,0.000572
batch,r8937440-n43543,0,18070,1623550341,29,39.82,398.2,19932816,75543684,7,632.297023,0.000458
batch,r8937440-n43543,0,18080,1623550351,30,40.51,405.1,19939184,75543684,7,686.217885,0.000572
batch,r8937440-n43543,0,18090,1623550361,30,40.4,404,19947376,75543684,7,683.835434,0.000572
batch,r8937440-n43543,0,18100,1623550371,31,39.92,399.2,19953520,75543684,7,660.578989,0.000572
batch,r8937440-n43543,0,18110,1623550381,32,39.87,398.7,19961712,75543684,7,653.646342,0.000458
batch,r8937440-n43543,0,18120,1623550391,32,40.25,402.5,19967856,75543684,7,664.019893,0.000572
batch,r8937440-n43543,0,18130,1623550401,33,39.94,399.4,19974000,75543684,7,667.804023,0.000572
batch,r8937440-n43543,0,18140,1623550411,34,40.06,400.6,19982328,75543684,7,657.90568,0.000572
batch,r8937440-n43543,0,18150,1623550421,34,40.34,403.4,19988472,75543684,7,685.9443,0.000458
batch,r8937440-n43543,0,18160,1623550431,35,39.52,395.2,19996740,75543684,7,661.162071,0.000572
batch,r8937440-n43543,0,18170,1623550441,36,39.88,398.8,20002884,75543684,7,682.834951,0.000572
batch,r8937440-n43543,0,18180,1623550451,36,39.58,395.8,20011076,75543684,7,652.113224,0.000458
batch,r8937440-n43543,0,18190,1623550461,37,40.66,406.6,20017220,75543684,7,687.490961,0.000572
batch,r8937440-n43543,0,18200,1623550471,38,39.99,399.9,20025476,75543684,7,673.894549,0.000572
batch,r8937440-n43543,0,18210,1623550481,38,40.32,403.2,20031696,75543684,7,667.049587,0.000572
batch,r8937440-n43543,0,18220,1623550491,39,40.8,408,20039888,75543684,7,681.635605,0.000458
batch,r8937440-n43543,0,18230,1623550501,39,39.96,399.6,20046032,75543684,7,645.08646,0.000572
batch,r8937440-n43543,0,18240,1623550511,40,31.63,316.3,20052176,75543684,7,472.273659,0.000458
batch,r8937440-n43543,0,18250,1623550521,41,41.03,410.3,20058320,75543684,7,688.522632,0.000458
batch,r8937440-n43543,0,18260,1623550531,41,39.64,396.4,20066512,75543684,7,671.338538,0.000572
batch,r8937440-n43543,0,18270,1623550541,42,40.09,400.9,20072656,75543684,7,652.271428,0.000572
batch,r8937440-n43543,0,18280,1623550551,43,40.14,401.4,20080848,75543684,7,681.822309,0.000572
batch,r8937440-n43543,0,18290,1623550561,43,40.45,404.5,20086992,75543684,7,660.007928,0.000458
batch,r8937440-n43543,0,18300,1623550571,44,40.12,401.2,20095288,75543684,7,657.527435,0.000572
batch,r8937440-n43543,0,18310,1623550581,45,40.21,402.1,20101432,75543684,7,671.3808,0.000572
batch,r8937440-n43543,0,18320,1623550591,45,40.04,400.4,20073648,75478148,7,694.208494,0.000572
batch,r8937440-n43543,0,18330,1623550601,46,40.56,405.6,20081892,75478148,7,692.436131,0.000458
batch,r8937440-n43543,0,18340,1623550611,47,40.22,402.2,20088036,75478148,7,654.879739,0.000572
batch,r8937440-n43543,0,18350,1623550621,47,39.79,397.9,20096472,75478148,7,648.332329,0.000572
batch,r8937440-n43543,0,18360,1623550631,48,40.17,401.7,20102616,75478148,7,679.0685,0.000572
batch,r8937440-n43543,0,18370,1623550641,49,40.53,405.3,20110884,75478148,7,662.122118,0.000458
batch,r8937440-n43543,0,18380,1623550651,49,40.19,401.9,20117028,75478148,7,667.893012,0.000572
batch,r8937440-n43543,0,18390,1623550661,50,40.4,404,20125260,75478148,7,632.997698,0.000572
batch,r8937440-n43543,0,18400,1623550671,50,39.62,396.2,20131404,75478148,7,670.528394,0.000458
batch,r8937440-n43543,0,18410,1623550681,51,40.57,405.7,20139620,75478148,7,678.766545,0.000572
batch,r8937440-n43543,0,18420,1623550691,52,40.38,403.8,20145764,75478148,7,650.282952,0.000572
batch,r8937440-n43543,0,18430,1623550701,52,39.93,399.3,20154020,75478148,7,679.796779,0.000572
batch,r8937440-n43543,0,18440,1623550711,53,40.03,400.3,20160164,75478148,7,664.07127,0.000458
batch,r8937440-n43543,0,18450,1623550721,54,39.62,396.2,20168396,75478148,7,657.19309,0.000572
batch,r8937440-n43543,0,18460,1623550731,54,40.1,401,20174540,75478148,7,677.069382,0.000572
batch,r8937440-n43543,0,18470,1623550741,55,40.19,401.9,20180684,75478148,7,673.517397,0.000572
batch,r8937440-n43543,0,18480,1623550751,56,40.08,400.8,20188924,75478148,7,648.956389,0.000458
batch,r8937440-n43543,0,18490,1623550761,56,40.53,405.3,20195068,75478148,7,698.672462,0.000572
batch,r8937440-n43543,0,18500,1623550771,57,40.34,403.4,20203260,75478148,7,678.816208,0.000572
batch,r8937440-n43543,0,18510,1623550781,58,40.42,404.2,20209404,75478148,7,646.247231,0.000572
batch,r8937440-n43543,0,18520,1623550791,0,40.79,407.9,20217596,75478148,7,688.108951,0.000458
batch,r8937440-n43543,0,18530,1623550801,0,40.11,401.1,20223740,75478148,7,654.589704,0.000572
batch,r8937440-n43543,0,18540,1623550811,1,40.26,402.6,20231932,75478148,7,692.079583,0.000572
batch,r8937440-n43543,0,18550,1623550821,2,40.11,401.1,20238076,75478148,7,662.152586,0.000572
batch,r8937440-n43543,0,18560,1623550831,2,39.97,399.7,20246268,75478148,7,665.773472,0.000458
batch,r8937440-n43543,0,18570,1623550841,3,40.09,400.9,20252412,75478148,7,660.980124,0.000572
batch,r8937440-n43543,0,18580,1623550851,4,40,400,20260604,75478148,7,681.542066,0.000572
batch,r8937440-n43543,0,18590,1623550861,4,40.46,404.6,20266908,75478148,7,654.678391,0.000572
batch,r8937440-n43543,0,18600,1623550871,5,39.82,398.2,20275100,75478148,7,676.179923,0.000458
batch,r8937440-n43543,0,18610,1623550881,6,37,370,20281244,75478148,7,563.855317,0.000572
batch,r8937440-n43543,0,18620,1623550891,6,42.09,420.9,20287388,75478148,7,737.314851,0.000572
batch,r8937440-n43543,0,18630,1623550901,7,40.02,400.2,20295776,75478148,7,672.129967,0.000458
batch,r8937440-n43543,0,18640,1623550911,8,40.23,402.3,20301976,75478148,7,668.965766,0.000572
batch,r8937440-n43543,0,18650,1623550921,8,40.39,403.9,20310168,75478148,7,670.486712,0.000572
batch,r8937440-n43543,0,18660,1623550931,9,40.15,401.5,20316316,75478148,7,664.667401,0.000572
batch,r8937440-n43543,0,18670,1623550941,10,41.04,410.4,20324508,75478148,7,666.187468,0.000458
batch,r8937440-n43543,0,18680,1623550951,10,40.03,400.3,20330652,75478148,7,647.402302,0.000572
batch,r8937440-n43543,0,18690,1623550961,11,40.64,406.4,20338844,75478148,7,687.944563,0.000572
batch,r8937440-n43543,0,18700,1623550971,12,39.85,398.5,20345056,75478148,7,656.36405,0.000458
batch,r8937440-n43543,0,18710,1623550981,12,40.39,403.9,20353248,75478148,7,681.360918,0.000572
batch,r8937440-n43543,0,18720,1623550991,13,40.37,403.7,20359392,75478148,7,670.368851,0.000572
batch,r8937440-n43543,0,18730,1623551001,14,40.26,402.6,20367724,75478148,7,696.278474,0.000572
batch,r8937440-n43543,0,18740,1623551011,14,40.57,405.7,20373868,75478148,7,662.114118,0.000458
batch,r8937440-n43543,0,18750,1623551021,15,39.87,398.7,20380012,75478148,7,654.957649,0.000572
batch,r8937440-n43543,0,18760,1623551031,16,40.24,402.4,20388284,75478148,7,681.648153,0.000572
batch,r8937440-n43543,0,18770,1623551041,16,40.09,400.9,20394428,75478404,7,671.534275,0.000572
batch,r8937440-n43543,0,18780,1623551051,17,39.69,396.9,20402620,75478404,7,650.075858,0.000458
batch,r8937440-n43543,0,18790,1623551061,18,39.95,399.5,20408764,75478404,7,679.045418,0.000572
batch,r8937440-n43543,0,18800,1623551071,18,40.04,400.4,20416956,75478404,7,688.134467,0.000572
batch,r8937440-n43543,0,18810,1623551081,19,40.28,402.8,20423100,75478404,7,694.134292,0.000458
batch,r8937440-n43543,0,18820,1623551091,20,39.02,390.2,20431292,75478404,7,619.301821,0.000572
batch,r8937440-n43543,0,18830,1623551101,20,37.21,372.1,20437436,75478404,7,617.07978,0.000458
batch,r8937440-n43543,0,18840,1623551111,21,40.38,403.8,20443580,75478404,7,684.283148,0.000572
batch,r8937440-n43543,0,18850,1623551121,21,40.31,403.1,20451772,75478404,7,654.675916,0.000572
batch,r8937440-n43543,0,18860,1623551131,22,39.78,397.8,20458056,75478404,7,652.562475,0.000572
batch,r8937440-n43543,0,18870,1623551141,23,40.81,408.1,20466248,75478404,7,682.766413,0.000458
batch,r8937440-n43543,0,18880,1623551151,23,39.66,396.6,20472392,75478404,7,679.231215,0.000572
batch,r8937440-n43543,0,18890,1623551161,24,39.78,397.8,20480704,75478404,7,663.227765,0.000572
batch,r8937440-n43543,0,18900,1623551171,25,40.08,400.8,20486920,75478404,7,656.3748,0.000458
batch,r8937440-n43543,0,18910,1623551181,25,39.94,399.4,20493064,75478404,7,654.053866,0.000572
batch,r8937440-n43543,0,18920,1623551191,26,37.63,376.3,20501272,75478404,7,585.561572,0.000572
batch,r8937440-n43543,0,18930,1623551201,27,42.82,428.2,20507424,75478404,7,752.337353,0.000572
batch,r8937440-n43543,0,18940,1623551211,27,40.23,402.3,20515724,75478404,7,657.415663,0.000458
batch,r8937440-n43543,0,18950,1623551221,28,39.16,391.6,20521868,75478404,7,621.876619,0.000572
batch,r8937440-n43543,0,18960,1623551231,28,41.5,415,20530064,75478404,7,718.503267,0.000572
batch,r8937440-n43543,0,18970,1623551241,29,40.11,401.1,20536240,75478404,7,665.691944,0.000572
batch,r8937440-n43543,0,18980,1623551251,30,40.31,403.1,20544432,75478404,7,665.943554,0.000458
batch,r8937440-n43543,0,18990,1623551261,30,38.93,389.3,20550576,75478404,7,602.093444,0.000572
batch,r8937440-n43543,0,19000,1623551271,31,35.77,357.7,20556724,75478404,7,599.870311,0.000458
batch,r8937440-n43543,0,19010,1623551281,32,40.2,402,20564996,75478404,7,655.444141,0.000572
batch,r8937440-n43543,0,19020,1623551291,32,40.39,403.9,20571192,75478404,7,690.2631,0.000458
batch,r8937440-n43543,0,19030,1623551301,33,39.16,391.6,20577336,75478404,7,633.253881,0.000572
batch,r8937440-n43543,0,19040,1623551311,33,41.36,413.6,20585528,75478404,7,722.938764,0.000572
batch,r8937440-n43543,0,19050,1623551321,34,39.38,393.8,20591672,75478404,7,660.661757,0.000572
batch,r8937440-n43543,0,19060,1623551331,35,40.05,400.5,20599900,75478404,7,693.060755,0.000458
batch,r8937440-n43543,0,19070,1623551341,35,40,400,20606044,75478404,7,646.499177,0.000572
batch,r8937440-n43543,0,19080,1623551351,36,39.97,399.7,20614236,75478404,7,664.442207,0.000572
batch,r8937440-n43543,0,19090,1623551361,37,40.15,401.5,20620380,75478404,7,656.362312,0.000572
batch,r8937440-n43543,0,19100,1623551371,37,40.14,401.4,20628572,75478404,7,663.74127,0.000458
batch,r8937440-n43543,0,19110,1623551381,38,36.77,367.7,20634716,75478404,7,549.369828,0.000572
batch,r8937440-n43543,0,19120,1623551391,38,42.41,424.1,20643028,75478404,7,760.035739,0.000572
batch,r8937440-n43543,0,19130,1623551401,39,40.47,404.7,20649172,75478404,7,662.88805,0.000458
batch,r8937440-n43543,0,19140,1623551411,40,39.73,397.3,20657364,75478404,7,648.403163,0.000572
batch,r8937440-n43543,0,19150,1623551421,40,39.97,399.7,20663508,75478404,7,685.653459,0.000572
batch,r8937440-n43543,0,19160,1623551431,41,39.4,394,20669652,75478404,7,663.009888,0.000572
batch,r8937440-n43543,0,19170,1623551441,42,39.86,398.6,20677844,75478404,7,658.597193,0.000458
batch,r8937440-n43543,0,19180,1623551451,42,39.77,397.7,20683988,75478404,7,653.547233,0.000572
batch,r8937440-n43543,0,19190,1623551461,43,39.5,395,20692180,75478404,7,664.072385,0.000572
batch,r8937440-n43543,0,19200,1623551471,43,40,400,20698324,75478404,7,661.959394,0.000572
batch,r8937440-n43543,0,19210,1623551481,44,39.68,396.8,20706516,75478404,7,655.54812,0.000458
batch,r8937440-n43543,0,19220,1623551491,45,40.14,401.4,20712660,75478404,7,676.550045,0.000572
batch,r8937440-n43543,0,19230,1623551501,45,40.1,401,20721036,75478404,7,646.010484,0.000572
batch,r8937440-n43543,0,19240,1623551511,46,40.26,402.6,20727180,75478404,7,660.025038,0.000572
batch,r8937440-n43543,0,19250,1623551521,47,40.34,403.4,20820596,75675012,7,666.147967,0.000458
batch,r8937440-n43543,0,19260,1623551531,47,39.78,397.8,20826740,75675012,7,666.19175,0.000572
batch,r8937440-n43543,0,19270,1623551541,48,39.73,397.3,20838660,75675012,7,670.084859,0.000572
batch,r8937440-n43543,0,19280,1623551551,48,40.01,400.1,20844848,75675012,7,657.616931,0.000572
batch,r8937440-n43543,0,19290,1623551561,49,39.73,397.3,20853040,75675012,7,661.29866,0.000458
batch,r8937440-n43543,0,19300,1623551571,50,40.45,404.5,20863704,75675012,7,666.634748,0.000572
batch,r8937440-n43543,0,19310,1623551581,50,39.34,393.4,20871896,75675012,7,645.468466,0.000572
batch,r8937440-n43543,0,19320,1623551591,51,39.76,397.6,20886520,75675012,7,682.891036,0.000572
batch,r8937440-n43543,0,19330,1623551601,51,39.98,399.8,20892664,75675012,7,655.533309,0.000458
batch,r8937440-n43543,0,19340,1623551611,52,40.04,400.4,20900856,75675012,7,661.822723,0.000572
batch,r8937440-n43543,0,19350,1623551621,53,40.45,404.5,20907064,75675012,7,661.92719,0.000572
batch,r8937440-n43543,0,19360,1623551631,53,39.92,399.2,20915256,75675012,7,655.87416,0.000458
batch,r8937440-n43543,0,19370,1623551641,54,40.26,402.6,20921400,75675012,7,690.801025,0.000572
batch,r8937440-n43543,0,19380,1623551651,54,40.28,402.8,20929592,75675012,7,641.542667,0.000572
batch,r8937440-n43543,0,19390,1623551661,55,40.14,401.4,20935800,75675012,7,660.858795,0.000572
batch,r8937440-n43543,0,19400,1623551671,0,39.8,398,20943992,75675012,7,648.505254,0.000458
batch,r8937440-n43543,0,19410,1623551681,1,39.77,397.7,20950136,75675012,7,671.010928,0.000572
batch,r8937440-n43543,0,19420,1623551691,1,39.65,396.5,20958328,75675012,7,660.912477,0.000572
batch,r8937440-n43543,0,19430,1623551701,2,40.2,402,20964564,75675012,7,698.161561,0.000572
batch,r8937440-n43543,0,19440,1623551711,2,38.89,388.9,20970708,75675012,7,615.578151,0.000458
batch,r8937440-n43543,0,19450,1623551721,3,41.54,415.4,20978904,75675012,7,721.071187,0.000572
batch,r8937440-n43543,0,19460,1623551731,4,40.5,405,20987096,75675012,7,679.330791,0.000572
batch,r8937440-n43543,0,19470,1623551741,4,39.98,399.8,20993240,75675012,7,666.188103,0.000572
batch,r8937440-n43543,0,19480,1623551751,5,40.17,401.7,21001432,75675012,7,671.654973,0.000458
batch,r8937440-n43543,0,19490,1623551761,6,39.7,397,21007788,75675012,7,667.659495,0.000572
batch,r8937440-n43543,0,19500,1623551771,6,40.02,400.2,21014012,75675012,7,656.745456,0.000572
batch,r8937440-n43543,0,19510,1623551781,7,40.14,401.4,21022348,75675012,7,662.784534,0.000572
batch,r8937440-n43543,0,19520,1623551791,8,40,400,21028492,75675012,7,626.039058,0.000458
batch,r8937440-n43543,0,19530,1623551801,8,40.08,400.8,21036684,75675012,7,677.50831,0.000572
batch,r8937440-n43543,0,19540,1623551811,9,40.28,402.8,21042828,75675012,7,667.51743,0.000572
batch,r8937440-n43543,0,19550,1623551821,9,40.05,400.5,21051060,75675012,7,670.202083,0.000458
batch,r8937440-n43543,0,19560,1623551831,10,40,400,21057204,75675012,7,659.723589,0.000572
batch,r8937440-n43543,0,19570,1623551841,11,39.95,399.5,21065592,75675012,7,654.785853,0.000572
batch,r8937440-n43543,0,19580,1623551851,11,40.11,401.1,21071736,75675012,7,681.462244,0.000572
batch,r8937440-n43543,0,19590,1623551861,12,40.16,401.6,21079932,75675012,7,670.721737,0.000458
batch,r8937440-n43543,0,19600,1623551871,13,39.94,399.4,21086076,75675012,7,661.299436,0.000572
batch,r8937440-n43543,0,19610,1623551881,13,39.89,398.9,21094304,75675012,7,669.644295,0.000572
batch,r8937440-n43543,0,19620,1623551891,14,40.17,401.7,21100484,75675012,7,649.115849,0.000572
batch,r8937440-n43543,0,19630,1623551901,14,40.44,404.4,21108676,75675012,7,666.721732,0.000458
batch,r8937440-n43543,0,19640,1623551911,15,39.6,396,21114820,75675012,7,626.576852,0.000572
batch,r8937440-n43543,0,19650,1623551921,16,40.28,402.8,21120964,75675012,7,688.314935,0.000572
batch,r8937440-n43543,0,19660,1623551931,16,40.01,400.1,21129196,75675012,7,663.515745,0.000572
batch,r8937440-n43543,0,19670,1623551941,17,40.45,404.5,21135340,75675012,7,695.39134,0.000458
batch,r8937440-n43543,0,19680,1623551951,18,40.48,404.8,21143532,75675012,7,653.544564,0.000572
batch,r8937440-n43543,0,19690,1623551961,18,39.64,396.4,21149760,75675012,7,626.379674,0.000572
batch,r8937440-n43543,0,19700,1623551971,19,40.88,408.8,21158020,75675012,7,694.265825,0.000572
batch,r8937440-n43543,0,19710,1623551981,19,39.62,396.2,21164164,75675012,7,652.569122,0.000458
batch,r8937440-n43543,0,19720,1623551991,20,38.62,386.2,21172356,75675012,7,612.221307,0.000572
batch,r8937440-n43543,0,19730,1623552001,21,41.41,414.1,21178500,75675012,7,715.48659,0.000572
batch,r8937440-n43543,0,19740,1623552011,21,39.81,398.1,21186692,75675012,7,661.094466,0.000572
batch,r8937440-n43543,0,19750,1623552021,22,40.65,406.5,21192836,75675012,7,672.158323,0.000458
batch,r8937440-n43543,0,19760,1623552031,22,39.88,398.8,21201028,75675012,7,655.183829,0.000572
batch,r8937440-n43543,0,19770,1623552041,23,39.64,396.4,21207172,75675012,7,667.915729,0.000572
batch,r8937440-n43543,0,19780,1623552051,24,40.02,400.2,21215364,75675012,7,670.464223,0.000458
batch,r8937440-n43543,0,19790,1623552061,24,39.98,399.8,21221508,75675012,7,668.996882,0.000572
batch,r8937440-n43543,0,19800,1623552071,25,40.19,401.9,21227652,75675012,7,662.512193,0.000572
batch,r8937440-n43543,0,19810,1623552081,26,38.97,389.7,21235844,75675012,7,605.667688,0.000572
batch,r8937440-n43543,0,19820,1623552091,26,41.43,414.3,21241988,75675012,7,713.584099,0.000458
batch,r8937440-n43543,0,19830,1623552101,27,40.28,402.8,21250180,75675012,7,673.458723,0.000572
batch,r8937440-n43543,0,19840,1623552111,27,40.15,401.5,21256500,75675012,7,662.433703,0.000572
batch,r8937440-n43543,0,19850,1623552121,28,39.7,397,21264876,75675012,7,666.531912,0.000572
batch,r8937440-n43543,0,19860,1623552131,29,39.7,397,21271020,75675012,7,657.342411,0.000458
batch,r8937440-n43543,0,19870,1623552141,29,40.05,400.5,21279212,75675012,7,639.668675,0.000572
batch,r8937440-n43543,0,19880,1623552151,30,40.18,401.8,21285356,75675012,7,676.028151,0.000572
batch,r8937440-n43543,0,19890,1623552161,30,39.9,399,21293548,75675012,7,663.027028,0.000458
batch,r8937440-n43543,0,19900,1623552171,31,40.14,401.4,21299692,75675012,7,667.816443,0.000572
batch,r8937440-n43543,0,19910,1623552181,32,40.25,402.5,21307928,75675012,7,669.232459,0.000572
batch,r8937440-n43543,0,19920,1623552191,32,40.42,404.2,21314072,75675012,7,659.747687,0.000572
batch,r8937440-n43543,0,19930,1623552201,33,40.46,404.6,21322264,75675012,7,665.584226,0.000458
batch,r8937440-n43543,0,19940,1623552211,33,39.8,398,21328512,75675012,7,672.009247,0.000572
batch,r8937440-n43543,0,19950,1623552221,34,39.61,396.1,21334708,75675012,7,683.490178,0.000572
batch,r8937440-n43543,0,19960,1623552231,35,40.1,401,21342900,75675012,7,668.942524,0.000572
batch,r8937440-n43543,0,19970,1623552241,35,38.91,389.1,21349044,75675012,7,613.648832,0.000458
batch,r8937440-n43543,0,19980,1623552251,36,41.12,411.2,21357236,75675012,7,724.170108,0.000572
batch,r8937440-n43543,0,19990,1623552261,36,40.29,402.9,21363380,75675012,7,667.866066,0.000572
batch,r8937440-n43543,0,20000,1623552271,37,39.94,399.4,21371572,75675012,7,664.770184,0.000572
batch,r8937440-n43543,0,20010,1623552281,38,38.65,386.5,21377716,75675012,7,603.965467,0.000458
batch,r8937440-n43543,0,20020,1623552291,38,41.84,418.4,21386000,75675012,7,708.277654,0.000572
batch,r8937440-n43543,0,20030,1623552301,39,39.62,396.2,21392260,75675012,7,672.808034,0.000572
batch,r8937440-n43543,0,20040,1623552311,39,40.12,401.2,21400452,75675012,7,674.786017,0.000572
batch,r8937440-n43543,0,20050,1623552321,40,40.78,407.8,21406596,75675012,7,707.973891,0.000458
batch,r8937440-n43543,0,20060,1623552331,41,40.14,401.4,21414788,75675012,7,668.692608,0.000572
batch,r8937440-n43543,0,20070,1623552341,41,40.33,403.3,21420932,75675012,7,667.12492,0.000572
batch,r8937440-n43543,0,20080,1623552351,42,40.26,402.6,21429124,75675012,7,660.596374,0.000458
batch,r8937440-n43543,0,20090,1623552361,42,39.03,390.3,21435332,75675012,7,599.742625,0.000572
batch,r8937440-n43543,0,20100,1623552371,43,41.41,414.1,21441476,75675012,7,713.83314,0.000572
batch,r8937440-n43543,0,20110,1623552381,44,39.84,398.4,21449668,75675012,7,668.007488,0.000572
batch,r8937440-n43543,0,20120,1623552391,44,40.28,402.8,21455984,75675012,7,660.078029,0.000458
batch,r8937440-n43543,0,20130,1623552401,45,40.29,402.9,21464176,75675012,7,680.191878,0.000572
batch,r8937440-n43543,0,20140,1623552411,45,40.1,401,21470400,75675012,7,653.980969,0.000572
batch,r8937440-n43543,0,20150,1623552421,46,40.9,409,21478592,75675012,7,643.195053,0.000572
batch,r8937440-n43543,0,20160,1623552431,47,39.87,398.7,21484736,75675012,7,593.247958,0.000458
batch,r8937440-n43543,0,20170,1623552441,47,41.31,413.1,21492972,75675012,7,702.555626,0.000572
batch,r8937440-n43543,0,20180,1623552451,48,40.21,402.1,21499136,75675012,7,665.454954,0.000572
batch,r8937440-n43543,0,20190,1623552461,48,40.16,401.6,21507368,75675012,7,654.381889,0.000458
batch,r8937440-n43543,0,20200,1623552471,49,39.67,396.7,21513512,75675012,7,669.529016,0.000572
batch,r8937440-n43543,0,20210,1623552481,50,40.41,404.1,21519692,75675012,7,674.93433,0.000572
batch,r8937440-n43543,0,20220,1623552491,50,40.05,400.5,21527884,75675012,7,668.903915,0.000572
batch,r8937440-n43543,0,20230,1623552501,51,39.92,399.2,21534028,75675012,7,674.615202,0.000458
batch,r8937440-n43543,0,20240,1623552511,51,39.95,399.5,21542220,75675012,7,680.137707,0.000572
batch,r8937440-n43543,0,20250,1623552521,52,39.68,396.8,21548364,75675012,7,657.157557,0.000572
batch,r8937440-n43543,0,20260,1623552531,52,38.66,386.6,21556612,75675012,7,620.942325,0.000572
batch,r8937440-n43543,0,20270,1623552541,0,40.64,406.4,21562756,75675012,7,721.219565,0.000458
batch,r8937440-n43543,0,20280,1623552551,0,39.02,390.2,21571056,75675012,7,643.79223,0.000572
batch,r8937440-n43543,0,20290,1623552561,1,40.13,401.3,21577200,75675012,7,687.264449,0.000458
batch,r8937440-n43543,0,20300,1623552571,2,40.12,401.2,21583344,75675012,7,644.267202,0.000572
batch,r8937440-n43543,0,20310,1623552581,2,36.74,367.4,21591536,75675012,7,558.129453,0.000572
batch,r8937440-n43543,0,20320,1623552591,3,42.44,424.4,21597680,75675012,7,751.11582,0.000458
batch,r8937440-n43543,0,20330,1623552601,3,38.43,384.3,21605872,75675012,7,639.328053,0.000572
batch,r8937440-n43543,0,20340,1623552611,4,40.23,402.3,21612016,75675012,7,647.574728,0.000572
batch,r8937440-n43543,0,20350,1623552621,5,39.82,398.2,21618160,75675012,7,688.006628,0.000458
batch,r8937440-n43543,0,20360,1623552631,5,40.51,405.1,21626352,75675012,7,672.777564,0.000572
batch,r8937440-n43543,0,20370,1623552641,6,39.87,398.7,21632496,75675012,7,683.803984,0.000572
batch,r8937440-n43543,0,20380,1623552651,6,40.2,402,21640852,75675012,7,644.967424,0.000572
batch,r8937440-n43543,0,20390,1623552661,7,40,400,21646996,75675012,7,656.390015,0.000458
batch,r8937440-n43543,0,20400,1623552671,8,40.49,404.9,21655316,75675012,7,653.388967,0.000572
batch,r8937440-n43543,0,20410,1623552681,8,40.09,400.9,21661460,75675012,7,660.238055,0.000572
batch,r8937440-n43543,0,20420,1623552691,9,39.99,399.9,21669652,75675012,7,689.126208,0.000572
batch,r8937440-n43543,0,20430,1623552701,9,40.2,402,21675796,75675012,7,663.116764,0.000458
batch,r8937440-n43543,0,20440,1623552711,10,39.66,396.6,21684040,75675012,7,662.855379,0.000572
batch,r8937440-n43543,0,20450,1623552721,11,40.2,402,21690184,75675012,7,650.572752,0.000572
batch,r8937440-n43543,0,20460,1623552731,11,39.65,396.5,21698376,75675012,7,667.905076,0.000572
batch,r8937440-n43543,0,20470,1623552741,12,40.41,404.1,21704520,75675012,7,688.954768,0.000458
batch,r8937440-n43543,0,20480,1623552751,12,40,400,21712712,75675012,7,665.644045,0.000572
batch,r8937440-n43543,0,20490,1623552761,13,40.02,400.2,21718920,75675012,7,669.665352,0.000572
batch,r8937440-n43543,0,20500,1623552771,14,39.89,398.9,21727228,75675012,7,660.551775,0.000572
batch,r8937440-n43543,0,20510,1623552781,14,39.89,398.9,21711216,75609476,7,672.398764,0.000458
batch,r8937440-n43543,0,20520,1623552791,15,40.13,401.3,21719408,75609476,7,658.669488,0.000572
batch,r8937440-n43543,0,20530,1623552801,15,39.88,398.8,21725552,75609476,7,632.660915,0.000572
batch,r8937440-n43543,0,20540,1623552811,16,40.19,401.9,21731748,75609476,7,687.100276,0.000572
batch,r8937440-n43543,0,20550,1623552821,17,40.23,402.3,21739940,75609476,7,657.12433,0.000458
batch,r8937440-n43543,0,20560,1623552831,17,40.1,401,21746084,75609476,7,669.043919,0.000572
batch,r8937440-n43543,0,20570,1623552841,18,40.2,402,21754376,75609476,7,680.621272,0.000572
batch,r8937440-n43543,0,20580,1623552851,18,40.38,403.8,21760520,75609476,7,646.137989,0.000458
batch,r8937440-n43543,0,20590,1623552861,19,39.76,397.6,21768712,75609476,7,669.908264,0.000572
batch,r8937440-n43543,0,20600,1623552871,19,39.92,399.2,21774856,75609476,7,667.296941,0.000572
batch,r8937440-n43543,0,20610,1623552881,20,40.29,402.9,21783048,75609476,7,674.586834,0.000572
batch,r8937440-n43543,0,20620,1623552891,21,40,400,21789192,75609476,7,648.352978,0.000458
batch,r8937440-n43543,0,20630,1623552901,21,39.94,399.4,21797412,75609476,7,675.153261,0.000572
batch,r8937440-n43543,0,20640,1623552911,22,39.96,399.6,21803556,75609476,7,684.4402,0.000572
batch,r8937440-n43543,0,20650,1623552921,22,39.98,399.8,21811748,75609476,7,679.169071,0.000572
batch,r8937440-n43543,0,20660,1623552931,23,40.37,403.7,21818056,75609476,7,678.228873,0.000458
batch,r8937440-n43543,0,20670,1623552941,24,40.46,404.6,21826248,75609476,7,652.750161,0.000572
batch,r8937440-n43543,0,20680,1623552951,24,39.68,396.8,21832516,75609476,7,675.495017,0.000572
batch,r8937440-n43543,0,20690,1623552961,25,40.42,404.2,21838660,75609476,7,677.307899,0.000572
batch,r8937440-n43543,0,20700,1623552971,25,40.64,406.4,21846884,75609476,7,666.390635,0.000458
batch,r8937440-n43543,0,20710,1623552981,26,40.13,401.3,21853048,75609476,7,648.487017,0.000572
batch,r8937440-n43543,0,20720,1623552991,27,40.19,401.9,21861276,75609476,7,676.574319,0.000572
batch,r8937440-n43543,0,20730,1623553001,27,39.95,399.5,21867420,75609476,7,661.772312,0.000458
batch,r8937440-n43543,0,20740,1623553011,28,40.31,403.1,21875612,75609476,7,676.394026,0.000572
batch,r8937440-n43543,0,20750,1623553021,28,39.74,397.4,21881792,75609476,7,664.372655,0.000572
batch,r8937440-n43543,0,20760,1623553031,29,39.12,391.2,21889984,75609476,7,632.639661,0.000572
batch,r8937440-n43543,0,20770,1623553041,29,40.76,407.6,21896172,75609476,7,701.353954,0.000458
batch,r8937440-n43543,0,20780,1623553051,30,40.01,400.1,21904364,75609476,7,670.104484,0.000572
batch,r8937440-n43543,0,20790,1623553061,31,40.33,403.3,21910508,75609476,7,663.895334,0.000572
batch,r8937440-n43543,0,20800,1623553071,31,40.07,400.7,21918700,75609476,7,645.387876,0.000572
batch,r8937440-n43543,0,20810,1623553081,32,39.83,398.3,21924844,75609476,7,653.104544,0.000458
batch,r8937440-n43543,0,20820,1623553091,32,40.25,402.5,21933036,75609476,7,657.235219,0.000572
batch,r8937440-n43543,0,20830,1623553101,33,39.88,398.8,21939180,75609476,7,657.426749,0.000572
batch,r8937440-n43543,0,20840,1623553111,33,39.98,399.8,21945324,75609476,7,674.482548,0.000572
batch,r8937440-n43543,0,20850,1623553121,34,39.8,398,21953516,75609476,7,643.266356,0.000458
batch,r8937440-n43543,0,20860,1623553131,35,39.9,399,21959660,75609476,7,672.241633,0.000572
batch,r8937440-n43543,0,20870,1623553141,35,40.3,403,21967852,75609476,7,651.466687,0.000572
batch,r8937440-n43543,0,20880,1623553151,36,39.73,397.3,21973996,75609476,7,675.347385,0.000572
batch,r8937440-n43543,0,20890,1623553161,36,40.07,400.7,21982188,75609476,7,685.835299,0.000458
batch,r8937440-n43543,0,20900,1623553171,37,40.12,401.2,21988524,75609476,7,664.924536,0.000572
batch,r8937440-n43543,0,20910,1623553181,37,40.44,404.4,21996716,75609476,7,679.226646,0.000572
batch,r8937440-n43543,0,20920,1623553191,38,40.22,402.2,22002880,75609476,7,661.833618,0.000572
batch,r8937440-n43543,0,20930,1623553201,39,39.77,397.7,22011260,75609476,7,670.28064,0.000458
batch,r8937440-n43543,0,20940,1623553211,39,40.24,402.4,22017404,75609476,7,657.546917,0.000572
batch,r8937440-n43543,0,20950,1623553221,40,40.14,401.4,22025596,75609476,7,646.271487,0.000572
batch,r8937440-n43543,0,20960,1623553231,40,40.03,400.3,22031740,75609476,7,685.793203,0.000572
batch,r8937440-n43543,0,20970,1623553241,41,40.35,403.5,22039976,75609476,7,676.273318,0.000458
batch,r8937440-n43543,0,20980,1623553251,41,39.94,399.4,22046120,75609476,7,676.158346,0.000572
batch,r8937440-n43543,0,20990,1623553261,42,40.56,405.6,22054312,75609476,7,654.951527,0.000572
batch,r8937440-n43543,0,21000,1623553271,43,39.82,398.2,22060456,75609476,7,666.003668,0.000458
batch,r8937440-n43543,0,21010,1623553281,43,39.93,399.3,22066684,75609476,7,675.094393,0.000572
batch,r8937440-n43543,0,21020,1623553291,44,40.12,401.2,22074876,75609476,7,666.794434,0.000572
batch,r8937440-n43543,0,21030,1623553301,44,39.96,399.6,22081136,75609476,7,677.157426,0.000572
batch,r8937440-n43543,0,21040,1623553311,45,40.19,401.9,22089328,75609732,7,650.096207,0.000458
batch,r8937440-n43543,0,21050,1623553321,45,40.24,402.4,22095472,75609732,7,672.391487,0.000572
batch,r8937440-n43543,0,21060,1623553331,46,40.04,400.4,22103664,75609732,7,666.399617,0.000572
batch,r8937440-n43543,0,21070,1623553341,47,40.19,401.9,22109808,75609732,7,667.739401,0.000572
batch,r8937440-n43543,0,21080,1623553351,47,40.26,402.6,22118000,75609732,7,660.054764,0.000458
batch,r8937440-n43543,0,21090,1623553361,48,40.47,404.7,22124216,75609732,7,691.884166,0.000572
batch,r8937440-n43543,0,21100,1623553371,48,40.56,405.6,22132408,75609732,7,663.919892,0.000572
batch,r8937440-n43543,0,21110,1623553381,49,40.08,400.8,22138552,75609732,7,658.490851,0.000572
batch,r8937440-n43543,0,21120,1623553391,49,36.47,364.7,22144696,75609732,7,559.986126,0.000458
batch,r8937440-n43543,0,21130,1623553401,50,41.2,412,22152888,75609732,7,767.528185,0.000572
batch,r8937440-n43543,0,21140,1623553411,51,40.14,401.4,22159032,75609732,7,655.034735,0.000458
batch,r8937440-n43543,0,21150,1623553421,0,39.89,398.9,22167308,75609732,7,655.044026,0.000572
batch,r8937440-n43543,0,21160,1623553431,1,40.62,406.2,22173452,75609732,7,677.078189,0.000572
batch,r8937440-n43543,0,21170,1623553441,1,40.24,402.4,22181644,75609732,7,660.510333,0.000572
batch,r8937440-n43543,0,21180,1623553451,2,39.81,398.1,22187972,75609732,7,688.937003,0.000458
batch,r8937440-n43543,0,21190,1623553461,2,40.5,405,22196164,75609732,7,650.581532,0.000572
batch,r8937440-n43543,0,21200,1623553471,3,39.59,395.9,22202344,75609732,7,673.661927,0.000572
batch,r8937440-n43543,0,21210,1623553481,4,40.61,406.1,22210568,75609732,7,661.353713,0.000572
batch,r8937440-n43543,0,21220,1623553491,4,39.86,398.6,22216732,75609732,7,672.988977,0.000458
batch,r8937440-n43543,0,21230,1623553501,5,40.71,407.1,22224924,75609732,7,662.603369,0.000572
batch,r8937440-n43543,0,21240,1623553511,5,40.06,400.6,22231156,75609732,7,665.701575,0.000572
batch,r8937440-n43543,0,21250,1623553521,6,39.87,398.7,22237300,75609732,7,661.063596,0.000572
batch,r8937440-n43543,0,21260,1623553531,6,40.13,401.3,22245492,75609732,7,661.376815,0.000458
batch,r8937440-n43543,0,21270,1623553541,7,39.81,398.1,22251636,75609732,7,664.617517,0.000572
batch,r8937440-n43543,0,21280,1623553551,8,39.87,398.7,22259924,75609732,7,649.004808,0.000572
batch,r8937440-n43543,0,21290,1623553561,8,40.09,400.9,22266068,75609732,7,686.600036,0.000572
batch,r8937440-n43543,0,21300,1623553571,9,40.13,401.3,22274260,75609732,7,641.764632,0.000458
batch,r8937440-n43543,0,21310,1623553581,9,40.39,403.9,22280404,75609732,7,674.579884,0.000572
batch,r8937440-n43543,0,21320,1623553591,10,40.56,405.6,22288596,75609732,7,671.277777,0.000572
batch,r8937440-n43543,0,21330,1623553601,10,39.84,398.4,22294792,75609732,7,646.744681,0.000572
batch,r8937440-n43543,0,21340,1623553611,11,39.96,399.6,22302984,75609732,7,667.278309,0.000458
batch,r8937440-n43543,0,21350,1623553621,12,40.05,400.5,22309128,75609732,7,672.54031,0.000572
batch,r8937440-n43543,0,21360,1623553631,12,39.82,398.2,22336540,75675268,10,657.376623,0.000578
batch,r8937440-n43543,0,21370,1623553641,13,39.95,399.5,22373752,75675268,10,651.485244,0.000465
batch,r8937440-n43543,0,21380,1623553651,13,39.21,392.1,22379896,75675268,10,623.860621,0.000582
batch,r8937440-n43543,0,21390,1623553661,14,41.6,416,22409212,75675268,10,724.129751,0.000582
batch,r8937440-n43543,0,21400,1623553671,14,39.8,398,22415356,75675268,10,666.996111,0.000582
batch,r8937440-n43543,0,21410,1623553681,15,40.15,401.5,22423548,75675268,10,664.838938,0.000465
batch,r8937440-n43543,0,21420,1623553691,16,40.14,401.4,22429692,75675268,10,650.5549,0.000582
batch,r8937440-n43543,0,21430,1623553701,16,40.15,401.5,22437884,75675268,10,664.434506,0.000582
batch,r8937440-n43543,0,21440,1623553711,17,40.22,402.2,22444028,75675268,10,666.090144,0.000582
batch,r8937440-n43543,0,21450,1623553721,17,39.79,397.9,22452340,75675268,10,689.546344,0.000465
batch,r8937440-n43543,0,21460,1623553731,18,40.39,403.9,22458792,75675268,10,672.622925,0.000582
batch,r8937440-n43543,0,21470,1623553741,18,40.23,402.3,22466984,75675268,10,643.769773,0.000582
batch,r8937440-n43543,0,21480,1623553751,19,39.26,392.6,22473128,75675268,10,661.834251,0.000465
batch,r8937440-n43543,0,21490,1623553761,20,39.88,398.8,22481380,75675268,10,675.975461,0.000582
batch,r8937440-n43543,0,21500,1623553771,20,39.94,399.4,22487524,75675268,10,662.332615,0.000582
batch,r8937440-n43543,0,21510,1623553781,21,39.62,396.2,22495716,75675268,10,660.683499,0.000582
batch,r8937440-n43543,0,21520,1623553791,21,40.66,406.6,22501860,75675268,10,686.451824,0.000465
batch,r8937440-n43543,0,21530,1623553801,22,39.93,399.3,22510088,75675268,10,667.392604,0.000582
batch,r8937440-n43543,0,21540,1623553811,22,40.18,401.8,22516364,75675268,10,669.449547,0.000582
batch,r8937440-n43543,0,21550,1623553821,23,40.18,401.8,22522508,75675268,10,666.23901,0.000582
batch,r8937440-n43543,0,21560,1623553831,23,39.71,397.1,22530700,75675268,10,667.674069,0.000465
batch,r8937440-n43543,0,21570,1623553841,24,40.38,403.8,22536844,75675268,10,664.459108,0.000582
batch,r8937440-n43543,0,21580,1623553851,25,40.08,400.8,22545036,75675268,10,667.867601,0.000582
batch,r8937440-n43543,0,21590,1623553861,25,39.56,395.6,22551180,75675268,10,635.007941,0.000465
batch,r8937440-n43543,0,21600,1623553871,26,39.91,399.1,22559372,75675268,10,664.425385,0.000582
batch,r8937440-n43543,0,21610,1623553881,26,40.09,400.9,22565620,75675268,10,664.76711,0.000582
batch,r8937440-n43543,0,21620,1623553891,27,38.7,387,22571864,75675268,10,641.004591,0.000582
batch,r8937440-n43543,0,21630,1623553901,27,41.03,410.3,22580056,75675268,10,668.631762,0.000465
batch,r8937440-n43543,0,21640,1623553911,28,40.03,400.3,22588248,75675268,10,690.921563,0.000582
batch,r8937440-n43543,0,21650,1623553921,28,38.68,386.8,22594392,75675268,10,631.279029,0.000582
batch,r8937440-n43543,0,21660,1623553931,29,42.23,422.3,22600588,75675268,10,709.641302,0.000582
batch,r8937440-n43543,0,21670,1623553941,30,39.99,399.9,22608780,75675268,10,672.032116,0.000465
batch,r8937440-n43543,0,21680,1623553951,30,40.36,403.6,22614924,75675268,10,667.928928,0.000582
batch,r8937440-n43543,0,21690,1623553961,31,39.34,393.4,22623248,75675268,10,620.53049,0.000582
batch,r8937440-n43543,0,21700,1623553971,31,40.71,407.1,22629392,75675268,10,703.48346,0.000582
batch,r8937440-n43543,0,21710,1623553981,32,40.49,404.9,22637596,75675268,10,657.100823,0.000465
batch,r8937440-n43543,0,21720,1623553991,32,40,400,22643780,75675268,10,649.650124,0.000582
batch,r8937440-n43543,0,21730,1623554001,33,40.09,400.9,22652476,75675268,10,673.516256,0.000582
batch,r8937440-n43543,0,21740,1623554011,34,39.11,391.1,22658620,75675268,10,645.679456,0.000582
batch,r8937440-n43543,0,21750,1623554021,34,36.63,366.3,22664788,75675268,10,573.067661,0.000465
batch,r8937440-n43543,0,21760,1623554031,35,38.58,385.8,22670932,75675268,10,659.097048,0.000465
batch,r8937440-n43543,0,21770,1623554041,35,39.99,399.9,22679180,75675268,10,668.46586,0.000582
batch,r8937440-n43543,0,21780,1623554051,36,40.57,405.7,22685352,75675268,10,655.284859,0.000582
batch,r8937440-n43543,0,21790,1623554061,36,40.58,405.8,22693560,75675268,10,685.069987,0.000465
batch,r8937440-n43543,0,21800,1623554071,37,39.74,397.4,22699704,75675268,10,634.787807,0.000582
batch,r8937440-n43543,0,21810,1623554081,37,39.85,398.5,22707896,75675268,10,672.124935,0.000582
batch,r8937440-n43543,0,21820,1623554091,38,40.06,400.6,22714040,75675268,10,663.806369,0.000465
batch,r8937440-n43543,0,21830,1623554101,38,39.67,396.7,22722232,75675268,10,664.667667,0.000582
batch,r8937440-n43543,0,21840,1623554111,39,40.46,404.6,22728376,75675268,10,672.12396,0.000582
batch,r8937440-n43543,0,21850,1623554121,39,40.31,403.1,22736568,75675268,10,654.571123,0.000582
batch,r8937440-n43543,0,21860,1623554131,40,40.1,401,22742900,75675268,10,668.927027,0.000465
batch,r8937440-n43543,0,21870,1623554141,41,40.06,400.6,22751092,75675268,10,658.422821,0.000582
batch,r8937440-n43543,0,21880,1623554151,41,40.03,400.3,22757236,75675268,10,659.203636,0.000582
batch,r8937440-n43543,0,21890,1623554161,42,39.8,398,22765428,75675268,10,662.252067,0.000582
batch,r8937440-n43543,0,21900,1623554171,42,40.4,404,22773620,75675268,10,683.993167,0.000465
batch,r8937440-n43543,0,21910,1623554181,43,39.98,399.8,22779764,75675268,10,655.540474,0.000582
batch,r8937440-n43543,0,21920,1623554191,43,39.68,396.8,22787956,75675268,10,659.211425,0.000582
batch,r8937440-n43543,0,21930,1623554201,44,40.06,400.6,22794100,75675268,10,669.968263,0.000582
batch,r8937440-n43543,0,21940,1623554211,44,39.98,399.8,22802292,75675268,10,657.377598,0.000465
batch,r8937440-n43543,0,21950,1623554221,45,39.78,397.8,22808436,75675268,10,671.994499,0.000582
batch,r8937440-n43543,0,21960,1623554231,45,40.07,400.7,22816628,75675268,10,671.362888,0.000582
batch,r8937440-n43543,0,21970,1623554241,46,39.76,397.6,22822916,75675268,10,665.639988,0.000465
batch,r8937440-n43543,0,21980,1623554251,47,40.24,402.4,22831108,75675268,10,673.464425,0.000582
batch,r8937440-n43543,0,21990,1623554261,47,40.51,405.1,22837272,75675268,10,659.594534,0.000582
batch,r8937440-n43543,0,22000,1623554271,48,39.94,399.4,22845596,75675268,10,672.166018,0.000582
batch,r8937440-n43543,0,22010,1623554281,48,40.23,402.3,22851740,75675268,10,653.456781,0.000465
batch,r8937440-n43543,0,22020,1623554291,0,39.89,398.9,22859932,75675268,10,664.486319,0.000582
batch,r8937440-n43543,0,22030,1623554301,0,40.12,401.2,22866152,75675268,10,657.237123,0.000582
batch,r8937440-n43543,0,22040,1623554311,1,39.99,399.9,22872296,75675268,10,675.589442,0.000582
batch,r8937440-n43543,0,22050,1623554321,1,39.88,398.8,22880488,75675268,10,662.037731,0.000465
batch,r8937440-n43543,0,22060,1623554331,2,39.6,396,22886632,75675268,10,651.242902,0.000582
batch,r8937440-n43543,0,22070,1623554341,2,40.63,406.3,22894824,75675268,10,672.431694,0.000582
batch,r8937440-n43543,0,22080,1623554351,3,39.52,395.2,22900992,75675268,10,654.886009,0.000582
batch,r8937440-n43543,0,22090,1623554361,4,39.91,399.1,22909184,75675268,10,673.458989,0.000465
batch,r8937440-n43543,0,22100,1623554371,4,40.06,400.6,22915328,75675268,10,646.264261,0.000582
batch,r8937440-n43543,0,22110,1623554381,5,40.15,401.5,22923520,75675268,10,648.210939,0.000582
batch,r8937440-n43543,0,22120,1623554391,5,37.34,373.4,22929780,75675268,10,607.816215,0.000465
batch,r8937440-n43543,0,22130,1623554401,6,40.2,402,22935924,75675268,10,655.69903,0.000582
batch,r8937440-n43543,0,22140,1623554411,6,39.74,397.4,22944172,75675268,10,664.783234,0.000582
batch,r8937440-n43543,0,22150,1623554421,7,39.52,395.2,22916460,75609732,10,640.20029,0.000465
batch,r8937440-n43543,0,22160,1623554431,7,40.21,402.1,22924652,75609732,10,673.359971,0.000582
batch,r8937440-n43543,0,22170,1623554441,8,40.08,400.8,22930796,75609732,10,660.223152,0.000582
batch,r8937440-n43543,0,22180,1623554451,9,40.24,402.4,22938988,75609732,10,659.920005,0.000465
batch,r8937440-n43543,0,22190,1623554461,9,39.54,395.4,22945228,75609732,10,658.268989,0.000582
batch,r8937440-n43543,0,22200,1623554471,10,40.38,403.8,22953420,75609732,10,672.028859,0.000582
batch,r8937440-n43543,0,22210,1623554481,10,37.85,378.5,22959684,75609732,10,599.313711,0.000582
batch,r8937440-n43543,0,22220,1623554491,11,42.16,421.6,22967940,75609732,10,721.633449,0.000465
batch,r8937440-n43543,0,22230,1623554501,11,40.3,403,22974084,75609732,10,671.869094,0.000582
batch,r8937440-n43543,0,22240,1623554511,12,39.85,398.5,22980280,75609732,10,670.357069,0.000582
batch,r8937440-n43543,0,22250,1623554521,12,40.38,403.8,22988496,75609732,10,662.210121,0.000582
batch,r8937440-n43543,0,22260,1623554531,13,40.17,401.7,22994644,75609732,10,653.904416,0.000465
batch,r8937440-n43543,0,22270,1623554541,13,39.83,398.3,23002876,75609732,10,677.213986,0.000582
batch,r8937440-n43543,0,22280,1623554551,14,39.92,399.2,23009020,75609732,10,678.41225,0.000582
batch,r8937440-n43543,0,22290,1623554561,15,40.47,404.7,23017228,75609732,10,654.770527,0.000582
batch,r8937440-n43543,0,22300,1623554571,15,39.97,399.7,23023372,75609732,10,672.673146,0.000465
batch,r8937440-n43543,0,22310,1623554581,16,39.78,397.8,23031628,75609732,10,673.919628,0.000582
batch,r8937440-n43543,0,22320,1623554591,16,39.68,396.8,23037772,75609732,10,667.028655,0.000582
batch,r8937440-n43543,0,22330,1623554601,17,40.24,402.4,23045964,75609732,10,679.169512,0.000582
batch,r8937440-n43543,0,22340,1623554611,17,40.44,404.4,23052108,75609732,10,649.710586,0.000465
batch,r8937440-n43543,0,22350,1623554621,18,39.99,399.9,23060300,75609732,10,669.820013,0.000582
batch,r8937440-n43543,0,22360,1623554631,18,40.11,401.1,23066444,75609732,10,661.672197,0.000582
batch,r8937440-n43543,0,22370,1623554641,19,40.07,400.7,23074636,75609732,10,667.776103,0.000582
batch,r8937440-n43543,0,22380,1623554651,19,40.09,400.9,23080780,75609732,10,657.423133,0.000465
batch,r8937440-n43543,0,22390,1623554661,20,39.87,398.7,23088972,75609732,10,669.136068,0.000582
batch,r8937440-n43543,0,22400,1623554671,21,39.99,399.9,23095116,75609732,10,676.148335,0.000582
batch,r8937440-n43543,0,22410,1623554681,21,40.15,401.5,23101260,75609732,10,672.644768,0.000465
batch,r8937440-n43543,0,22420,1623554691,22,37.77,377.7,23109452,75609732,10,580.130394,0.000582
batch,r8937440-n43543,0,22430,1623554701,22,42.74,427.4,23115596,75609732,10,750.526982,0.000582
batch,r8937440-n43543,0,22440,1623554711,23,39.62,396.2,23123928,75609732,10,682.521583,0.000582
batch,r8937440-n43543,0,22450,1623554721,23,39.67,396.7,23130072,75609732,10,668.868605,0.000465
batch,r8937440-n43543,0,22460,1623554731,24,40.04,400.4,23138436,75609732,10,670.010263,0.000582
batch,r8937440-n43543,0,22470,1623554741,24,40.31,403.1,23144596,75609732,10,668.339754,0.000582
batch,r8937440-n43543,0,22480,1623554751,25,40.15,401.5,23152788,75609732,10,666.582387,0.000582
batch,r8937440-n43543,0,22490,1623554761,25,39.97,399.7,23158932,75609732,10,677.059292,0.000465
batch,r8937440-n43543,0,22500,1623554771,26,40.17,401.7,23167124,75609732,10,671.718589,0.000582
batch,r8937440-n43543,0,22510,1623554781,26,39.74,397.4,23173268,75609732,10,666.118843,0.000582
batch,r8937440-n43543,0,22520,1623554791,27,40.27,402.7,23181592,75609732,10,670.243,0.000582
batch,r8937440-n43543,0,22530,1623554801,28,40.06,400.6,23187736,75609732,10,657.597925,0.000465
batch,r8937440-n43543,0,22540,1623554811,28,39.83,398.3,23195928,75609732,10,678.802871,0.000582
batch,r8937440-n43543,0,22550,1623554821,29,40.17,401.7,23202072,75609732,10,677.620029,0.000582
batch,r8937440-n43543,0,22560,1623554831,29,39.72,397.2,23208280,75609732,10,670.568371,0.000582
batch,r8937440-n43543,0,22570,1623554841,30,40.53,405.3,23216472,75609732,10,663.487476,0.000465
batch,r8937440-n43543,0,22580,1623554851,30,40.34,403.4,23222616,75609732,10,675.736444,0.000582
batch,r8937440-n43543,0,22590,1623554861,31,40.22,402.2,23230808,75609732,10,663.015032,0.000582
batch,r8937440-n43543,0,22600,1623554871,31,40.33,403.3,23237060,75609732,10,676.418445,0.000465
batch,r8937440-n43543,0,22610,1623554881,32,39.85,398.5,23245252,75609732,10,676.586549,0.000582
batch,r8937440-n43543,0,22620,1623554891,32,40.35,403.5,23251396,75609732,10,673.098822,0.000582
batch,r8937440-n43543,0,22630,1623554901,33,40.32,403.2,23259668,75609732,10,650.253106,0.000582
batch,r8937440-n43543,0,22640,1623554911,33,39.97,399.7,23265812,75609732,10,678.087107,0.000465
batch,r8937440-n43543,0,22650,1623554921,34,40.24,402.4,23274004,75609732,10,678.816214,0.000582
batch,r8937440-n43543,0,22660,1623554931,34,39.97,399.7,23280148,75609732,10,659.400256,0.000582
batch,r8937440-n43543,0,22670,1623554941,35,40.14,401.4,23288340,75609732,10,661.346572,0.000582
batch,r8937440-n43543,0,22680,1623554951,36,40.61,406.1,23294640,75609732,10,662.633283,0.000465
batch,r8937440-n43543,0,22690,1623554961,36,40.21,402.1,23302864,75609732,10,666.047455,0.000582
batch,r8937440-n43543,0,22700,1623554971,37,39.96,399.6,23309008,75609732,10,653.360943,0.000582
batch,r8937440-n43543,0,22710,1623554981,37,39.99,399.9,23315216,75609732,10,691.97886,0.000582
batch,r8937440-n43543,0,22720,1623554991,38,40.26,402.6,23323408,75609732,10,632.075485,0.000465
batch,r8937440-n43543,0,22730,1623555001,38,39.78,397.8,23329604,75609732,10,679.45129,0.000582
batch,r8937440-n43543,0,22740,1623555011,39,39.97,399.7,23337796,75609732,10,681.643353,0.000582
batch,r8937440-n43543,0,22750,1623555021,39,40.04,400.4,23343964,75609732,10,674.880498,0.000465
batch,r8937440-n43543,0,22760,1623555031,40,39.93,399.3,23352168,75609732,10,671.049868,0.000582
batch,r8937440-n43543,0,22770,1623555041,40,39.97,399.7,23358312,75609732,10,677.85273,0.000582
batch,r8937440-n43543,0,22780,1623555051,41,40.38,403.8,23366516,75609732,10,665.950744,0.000582
batch,r8937440-n43543,0,22790,1623555061,41,40.23,402.3,23372660,75609732,10,679.894616,0.000465
batch,r8937440-n43543,0,22800,1623555071,42,40.4,404,23380852,75609732,10,679.451628,0.000582
batch,r8937440-n43543,0,22810,1623555081,42,40.54,405.4,23386996,75609732,10,665.265694,0.000582
batch,r8937440-n43543,0,22820,1623555091,43,40.08,400.8,23395188,75609732,10,663.405105,0.000582
batch,r8937440-n43543,0,22830,1623555101,43,39.84,398.4,23401332,75609732,10,682.072458,0.000465
batch,r8937440-n43543,0,22840,1623555111,44,40.52,405.2,23409524,75609732,10,645.897142,0.000582
batch,r8937440-n43543,0,22850,1623555121,44,36.86,368.6,23415772,75609732,10,538.638931,0.000582
batch,r8937440-n43543,0,22860,1623555131,45,41.91,419.1,23422036,75609732,10,741.877239,0.000465
batch,r8937440-n43543,0,22870,1623555141,46,40.49,404.9,23430228,75609732,10,662.146295,0.000582
batch,r8937440-n43543,0,22880,1623555151,46,40,400,23436372,75609732,10,671.778776,0.000582
batch,r8937440-n43543,0,22890,1623555161,47,40.29,402.9,23444564,75609732,10,667.12475,0.000465
batch,r8937440-n43543,0,22900,1623555171,0,40.23,402.3,23450708,75609732,10,664.566093,0.000582
batch,r8937440-n43543,0,22910,1623555181,0,39.77,397.7,23458900,75609732,10,649.926755,0.000582
batch,r8937440-n43543,0,22920,1623555191,1,39.69,396.9,23465044,75609732,10,657.731127,0.000582
batch,r8937440-n43543,0,22930,1623555201,2,40.24,402.4,23471188,75609732,10,671.22153,0.000465
batch,r8937440-n43543,0,22940,1623555211,2,39.92,399.2,23479468,75609732,10,675.050908,0.000582
batch,r8937440-n43543,0,22950,1623555221,3,40.23,402.3,23485752,75609732,10,688.699223,0.000582
batch,r8937440-n43543,0,22960,1623555231,3,40.2,402,23493944,75609732,10,667.257502,0.000582
batch,r8937440-n43543,0,22970,1623555241,4,40.2,402,23500088,75609732,10,674.542521,0.000465
batch,r8937440-n43543,0,22980,1623555251,4,39.92,399.2,23508320,75609732,10,671.829173,0.000582
batch,r8937440-n43543,0,22990,1623555261,5,40.2,402,23514464,75609732,10,649.768309,0.000582
batch,r8937440-n43543,0,23000,1623555271,5,39.87,398.7,23522656,75609732,10,666.100508,0.000465
batch,r8937440-n43543,0,23010,1623555281,6,40.37,403.7,23528844,75609732,10,662.936541,0.000582
batch,r8937440-n43543,0,23020,1623555291,6,40.3,403,23537036,75609732,10,673.766359,0.000582
batch,r8937440-n43543,0,23030,1623555301,7,39.9,399,23543284,75609732,10,673.023076,0.000582
batch,r8937440-n43543,0,23040,1623555311,7,39.87,398.7,23551476,75609732,10,639.977893,0.000465
batch,r8937440-n43543,0,23050,1623555321,8,40.29,402.9,23557652,75609732,10,691.365248,0.000582
batch,r8937440-n43543,0,23060,1623555331,9,40.33,403.3,23565844,75609732,10,653.071115,0.000582
batch,r8937440-n43543,0,23070,1623555341,9,40.06,400.6,23571988,75609732,10,673.720688,0.000582
batch,r8937440-n43543,0,23080,1623555351,10,40.18,401.8,23578132,75609732,10,672.966437,0.000465
batch,r8937440-n43543,0,23090,1623555361,10,40.02,400.2,23586324,75609732,10,665.296821,0.000582
batch,r8937440-n43543,0,23100,1623555371,11,39.82,398.2,23592468,75609732,10,664.293576,0.000582
batch,r8937440-n43543,0,23110,1623555381,11,40.37,403.7,23600660,75609732,10,675.68926,0.000582
batch,r8937440-n43543,0,23120,1623555391,12,40.74,407.4,23606884,75609732,10,648.011023,0.000465
batch,r8937440-n43543,0,23130,1623555401,12,40.19,401.9,23615076,75609732,10,657.216092,0.000582
batch,r8937440-n43543,0,23140,1623555411,13,39.84,398.4,23621220,75609732,10,667.765316,0.000582
batch,r8937440-n43543,0,23150,1623555421,13,40.24,402.4,23629536,75609732,10,659.133767,0.000582
batch,r8937440-n43543,0,23160,1623555431,14,39.86,398.6,23635680,75609732,10,679.835714,0.000465
batch,r8937440-n43543,0,23170,1623555441,14,39.92,399.2,23643956,75609732,10,661.723539,0.000582
batch,r8937440-n43543,0,23180,1623555451,15,39.87,398.7,23650164,75609732,10,668.83741,0.000582
batch,r8937440-n43543,0,23190,1623555461,15,39.88,398.8,23658356,75609732,10,663.741119,0.000465
batch,r8937440-n43543,0,23200,1623555471,16,40.46,404.6,23664532,75609732,10,677.447198,0.000582
batch,r8937440-n43543,0,23210,1623555481,16,40.2,402,23670676,75609732,10,654.568775,0.000582
batch,r8937440-n43543,0,23220,1623555491,17,40.03,400.3,23678928,75609732,10,673.333779,0.000582
batch,r8937440-n43543,0,23230,1623555501,17,40,400,23685120,75609732,10,653.37743,0.000465
batch,r8937440-n43543,0,23240,1623555511,18,40.01,400.1,23693312,75609732,10,668.764259,0.000582
batch,r8937440-n43543,0,23250,1623555521,19,39.96,399.6,23699468,75609732,10,667.744584,0.000582
batch,r8937440-n43543,0,23260,1623555531,19,40.03,400.3,23707692,75609732,10,656.666356,0.000582
batch,r8937440-n43543,0,23270,1623555541,20,39.88,398.8,23713836,75609732,10,676.51339,0.000465
batch,r8937440-n43543,0,23280,1623555551,20,40.26,402.6,23722032,75609732,10,666.563127,0.000582
batch,r8937440-n43543,0,23290,1623555561,21,40.09,400.9,23728176,75609732,10,666.598434,0.000582
batch,r8937440-n43543,0,23300,1623555571,21,39.92,399.2,23736368,75609732,10,659.012878,0.000582
batch,r8937440-n43543,0,23310,1623555581,22,40.09,400.9,23742512,75609732,10,637.945777,0.000465
batch,r8937440-n43543,0,23320,1623555591,22,39.94,399.4,23750704,75609988,10,651.31068,0.000582
batch,r8937440-n43543,0,23330,1623555601,23,40.08,400.8,23756848,75609988,10,671.735827,0.000582
batch,r8937440-n43543,0,23340,1623555611,23,39.98,399.8,23765040,75609988,10,652.867167,0.000465
batch,r8937440-n43543,0,23350,1623555621,24,39.45,394.5,23771184,75609988,10,645.593239,0.000582
batch,r8937440-n43543,0,23360,1623555631,24,40.01,400.1,23777328,75609988,10,661.656544,0.000582
batch,r8937440-n43543,0,23370,1623555641,25,39.85,398.5,23785796,75609988,10,662.909763,0.000582
batch,r8937440-n43543,0,23380,1623555651,25,39.66,396.6,23791940,75609988,10,646.081474,0.000465
batch,r8937440-n43543,0,23390,1623555661,26,39.91,399.1,23800132,75609988,10,664.424924,0.000582
batch,r8937440-n43543,0,23400,1623555671,26,40.31,403.1,23806276,75609988,10,672.334445,0.000582
batch,r8937440-n43543,0,23410,1623555681,27,40.19,401.9,23814516,75609988,10,655.826313,0.000582
batch,r8937440-n43543,0,23420,1623555691,27,40.13,401.3,23820664,75609988,10,684.057537,0.000465
batch,r8937440-n43543,0,23430,1623555701,28,40.33,403.3,23828856,75609988,10,649.044265,0.000582
batch,r8937440-n43543,0,23440,1623555711,28,39.97,399.7,23835000,75609988,10,650.738436,0.000582
batch,r8937440-n43543,0,23450,1623555721,29,39.32,393.2,23843220,75609988,10,664.031544,0.000465
batch,r8937440-n43543,0,23460,1623555731,29,40.25,402.5,23849476,75609988,10,658.005783,0.000582
batch,r8937440-n43543,0,23470,1623555741,30,39.69,396.9,23855620,75609988,10,631.281219,0.000582
batch,r8937440-n43543,0,23480,1623555751,30,40.67,406.7,23904528,75741060,10,681.603073,0.000582
batch,r8937440-n43543,0,23490,1623555761,31,40.44,404.4,23921208,75741060,10,657.033721,0.000465
batch,r8937440-n43543,0,23500,1623555771,31,40,400,23929400,75741060,10,653.532648,0.000582
batch,r8937440-n43543,0,23510,1623555781,32,40.06,400.6,23935628,75741060,10,655.325265,0.000582
batch,r8937440-n43543,0,23520,1623555791,32,40.37,403.7,23943820,75741060,10,672.067256,0.000582
batch,r8937440-n43543,0,23530,1623555801,33,40.23,402.3,23949964,75741060,10,665.239636,0.000465
batch,r8937440-n43543,0,23540,1623555811,33,40.09,400.9,23958156,75741060,10,663.418694,0.000582
batch,r8937440-n43543,0,23550,1623555821,34,40.13,401.3,23964368,75741060,10,682.964117,0.000582
batch,r8937440-n43543,0,23560,1623555831,35,40.09,400.9,23972560,75741060,10,659.400698,0.000582
batch,r8937440-n43543,0,23570,1623555841,35,40.16,401.6,23978704,75741060,10,681.692054,0.000465
batch,r8937440-n43543,0,23580,1623555851,36,40.11,401.1,23986896,75741060,10,655.571411,0.000582
batch,r8937440-n43543,0,23590,1623555861,36,40.03,400.3,23993040,75741060,10,673.415466,0.000582
batch,r8937440-n43543,0,23600,1623555871,37,39.88,398.8,24001336,75741060,10,667.716995,0.000465
batch,r8937440-n43543,0,23610,1623555881,37,39.81,398.1,24007480,75741060,10,664.492719,0.000582
batch,r8937440-n43543,0,23620,1623555891,38,40.2,402,24013748,75741060,10,668.78006,0.000582
batch,r8937440-n43543,0,23630,1623555901,38,39.66,396.6,24022088,75741060,10,663.698861,0.000582
batch,r8937440-n43543,0,23640,1623555911,39,40.05,400.5,24028232,75741060,10,673.664254,0.000465
batch,r8937440-n43543,0,23650,1623555921,39,40.09,400.9,24036512,75741060,10,675.644943,0.000582
batch,r8937440-n43543,0,23660,1623555931,40,40.05,400.5,24042724,75741060,10,649.931361,0.000582
batch,r8937440-n43543,0,23670,1623555941,40,40.22,402.2,24050940,75741060,10,670.758127,0.000582
batch,r8937440-n43543,0,23680,1623555951,41,40.14,401.4,24057088,75741060,10,659.345573,0.000465
batch,r8937440-n43543,0,23690,1623555961,41,39.89,398.9,24065280,75741060,10,654.865725,0.000582
batch,r8937440-n43543,0,23700,1623555971,42,40.12,401.2,24071440,75741060,10,667.658504,0.000582
batch,r8937440-n43543,0,23710,1623555981,42,40.01,400.1,24079640,75741060,10,657.900906,0.000465
batch,r8937440-n43543,0,23720,1623555991,43,39.85,398.5,24085784,75741060,10,652.082514,0.000582
batch,r8937440-n43543,0,23730,1623556001,43,40.51,405.1,24094060,75741060,10,683.479101,0.000582
batch,r8937440-n43543,0,23740,1623556011,44,40.26,402.6,24100204,75741060,10,653.464902,0.000582
batch,r8937440-n43543,0,23750,1623556021,44,40.13,401.3,24108396,75741060,10,665.76335,0.000465
batch,r8937440-n43543,0,23760,1623556031,45,40.13,401.3,24114540,75741060,10,654.482801,0.000582
batch,r8937440-n43543,0,23770,1623556041,0,39.91,399.1,24120780,75741060,10,659.408398,0.000582
batch,r8937440-n43543,0,23780,1623556051,0,40.17,401.7,24128972,75741060,10,662.93147,0.000582
batch,r8937440-n43543,0,23790,1623556061,1,40.07,400.7,24135116,75741060,10,637.081377,0.000465
batch,r8937440-n43543,0,23800,1623556071,1,38.84,388.4,24143308,75741060,10,637.041883,0.000582
batch,r8937440-n43543,0,23810,1623556081,2,41.13,411.3,24149452,75741060,10,718.809099,0.000582
batch,r8937440-n43543,0,23820,1623556091,2,40.22,402.2,24157644,75741060,10,657.207649,0.000582
batch,r8937440-n43543,0,23830,1623556101,3,39.99,399.9,24163788,75741060,10,681.875788,0.000465
batch,r8937440-n43543,0,23840,1623556111,3,37.99,379.9,24169932,75741060,10,578.221816,0.000582
batch,r8937440-n43543,0,23850,1623556121,4,38.18,381.8,24178124,75741060,10,618.446293,0.000582
batch,r8937440-n43543,0,23860,1623556131,4,42.96,429.6,24186316,75741060,10,744.673961,0.000465
batch,r8937440-n43543,0,23870,1623556141,5,37.51,375.1,28982380,109295496,10,568.976972,0.000465
batch,r8937440-n43543,0,23880,1623556151,5,32.65,326.5,24196200,92518276,10,407.736336,0.000349
batch,r8937440-n43543,0,23890,1623556161,6,40.25,402.5,24202628,92518276,10,658.577388,0.000582
batch,r8937440-n43543,0,23900,1623556171,6,40,400,24211048,92518276,10,685.31631,0.000582
batch,r8937440-n43543,0,23910,1623556181,7,40.04,400.4,24217192,92518276,10,661.498132,0.000465
batch,r8937440-n43543,0,23920,1623556191,7,39.73,397.3,24223336,92518276,10,641.252848,0.000582
batch,r8937440-n43543,0,23930,1623556201,8,39.84,398.4,24231528,92518276,10,671.558084,0.000582
batch,r8937440-n43543,0,23940,1623556211,8,39.83,398.3,24237720,92518276,10,662.279845,0.000582
batch,r8937440-n43543,0,23950,1623556221,9,40.14,401.4,24245912,92518276,10,674.160073,0.000465
batch,r8937440-n43543,0,23960,1623556231,9,39.97,399.7,24252244,92518276,10,659.908386,0.000582
batch,r8937440-n43543,0,23970,1623556241,10,39.97,399.7,24260436,92518276,10,664.913594,0.000582
batch,r8937440-n43543,0,23980,1623556251,10,40.39,403.9,24266616,92518276,10,671.206494,0.000582
batch,r8937440-n43543,0,23990,1623556261,11,40.4,404,24274808,92518276,10,657.074522,0.000465
batch,r8937440-n43543,0,24000,1623556271,11,40.01,400.1,24280952,92518276,10,662.594212,0.000582
batch,r8937440-n43543,0,24010,1623556281,12,39.84,398.4,24289144,92518276,10,657.465675,0.000582
batch,r8937440-n43543,0,24020,1623556291,12,38.85,388.5,24263940,92452740,10,612.390891,0.000582
batch,r8937440-n43543,0,24030,1623556301,13,41.04,410.4,24272132,92452740,10,708.579221,0.000465
batch,r8937440-n43543,0,24040,1623556311,13,39.95,399.5,24278292,92452740,10,664.383485,0.000582
batch,r8937440-n43543,0,24050,1623556321,14,39.87,398.7,24286584,92452740,10,655.356199,0.000582
batch,r8937440-n43543,0,24060,1623556331,14,39.84,398.4,24292728,92452740,10,653.648318,0.000582
batch,r8937440-n43543,0,24070,1623556341,15,40.38,403.8,24298872,92452740,10,658.41438,0.000465
batch,r8937440-n43543,0,24080,1623556351,15,39.87,398.7,24307208,92452740,10,646.994587,0.000582
batch,r8937440-n43543,0,24090,1623556361,16,39.82,398.2,24313352,92452740,10,652.394369,0.000582
batch,r8937440-n43543,0,24100,1623556371,16,40.02,400.2,24321544,92452740,10,671.760048,0.000465
batch,r8937440-n43543,0,24110,1623556381,17,40.44,404.4,24327688,92452740,10,667.347351,0.000582
batch,r8937440-n43543,0,24120,1623556391,17,39.95,399.5,24335880,92452740,10,681.910199,0.000582
batch,r8937440-n43543,0,24130,1623556401,18,40.27,402.7,24342124,92452740,10,649.388889,0.000582
batch,r8937440-n43543,0,24140,1623556411,18,39.61,396.1,24350392,92452740,10,657.285115,0.000465
batch,r8937440-n43543,0,24150,1623556421,19,40.09,400.9,24356536,92452740,10,676.143076,0.000582
batch,r8937440-n43543,0,24160,1623556431,19,40.43,404.3,24364788,92452740,10,663.109867,0.000582
batch,r8937440-n43543,0,24170,1623556441,20,39.87,398.7,24370932,92452740,10,677.80996,0.000582
batch,r8937440-n43543,0,24180,1623556451,20,40.4,404,24379128,92452740,10,663.460489,0.000465
batch,r8937440-n43543,0,24190,1623556461,21,40.51,405.1,24385344,92452740,10,670.010849,0.000582
batch,r8937440-n43543,0,24200,1623556471,21,40.34,403.4,24393536,92452740,10,664.86816,0.000582
batch,r8937440-n43543,0,24210,1623556481,22,37.92,379.2,24399700,92452740,10,577.403672,0.000582
batch,r8937440-n43543,0,24220,1623556491,22,42.82,428.2,24405848,92452740,10,756.798285,0.000465
batch,r8937440-n43543,0,24230,1623556501,23,38.89,388.9,24414040,92452740,10,625.502521,0.000582
batch,r8937440-n43543,0,24240,1623556511,23,38.25,382.5,24420228,92452740,10,622.520514,0.000465
batch,r8937440-n43543,0,24250,1623556521,24,40.5,405,24426372,92452740,10,692.981136,0.000582
batch,r8937440-n43543,0,24260,1623556531,24,40.19,401.9,24434564,92452740,10,673.749046,0.000582
batch,r8937440-n43543,0,24270,1623556541,25,40.52,405.2,24440768,92452740,10,671.064631,0.000465
batch,r8937440-n43543,0,24280,1623556551,25,40.1,401,24448960,92452740,10,659.79222,0.000582
batch,r8937440-n43543,0,24290,1623556561,26,40.18,401.8,24455104,92452740,10,663.742055,0.000582
batch,r8937440-n43543,0,24300,1623556571,26,39.81,398.1,24463296,92452740,10,639.780122,0.000582
batch,r8937440-n43543,0,24310,1623556581,27,38.73,387.3,24469440,92452740,10,655.470306,0.000465
batch,r8937440-n43543,0,24320,1623556591,27,40.26,402.6,24477632,92452740,10,665.908856,0.000582
batch,r8937440-n43543,0,24330,1623556601,28,31.83,318.3,24481728,92452740,10,450.906963,0.000465
batch,r8937440-n43543,0,24340,1623556611,28,41.76,417.6,24489920,92452740,10,737.599945,0.000465
batch,r8937440-n43543,0,24350,1623556621,29,40.6,406,24496064,92452740,10,647.606624,0.000582
batch,r8937440-n43543,0,24360,1623556631,29,39.86,398.6,24504256,92452740,10,649.609299,0.000582
batch,r8937440-n43543,0,24370,1623556641,30,40.23,402.3,24510400,92452740,10,667.628583,0.000465
batch,r8937440-n43543,0,24380,1623556651,30,39.63,396.3,24518592,92452740,10,668.660734,0.000582
batch,r8937440-n43543,0,24390,1623556661,31,40.36,403.6,24524876,92452740,10,675.966707,0.000582
batch,r8937440-n43543,0,24400,1623556671,31,39.94,399.4,24531020,92452740,10,667.964751,0.000582
batch,r8937440-n43543,0,24410,1623556681,32,40.38,403.8,24539212,92452740,10,679.979454,0.000465
batch,r8937440-n43543,0,24420,1623556691,32,38.18,381.8,24545356,92452740,10,595.504313,0.000582
batch,r8937440-n43543,0,24430,1623556701,33,32.45,324.5,24551500,92452740,10,543.435243,0.000349
batch,r8937440-n43543,0,24440,1623556711,33,40.64,406.4,24557880,92452740,10,655.98081,0.000582
batch,r8937440-n43543,0,24450,1623556721,34,39.96,399.6,24566072,92452740,10,668.756605,0.000582
batch,r8937440-n43543,0,24460,1623556731,34,40.23,402.3,24572216,92452740,10,665.180573,0.000582
batch,r8937440-n43543,0,24470,1623556741,35,40.13,401.3,24580408,92452740,10,665.512179,0.000465
batch,r8937440-n43543,0,24480,1623556751,35,39.98,399.8,24586552,92452740,10,683.220456,0.000582
batch,r8937440-n43543,0,24490,1623556761,36,38.03,380.3,24592696,92452740,10,566.437747,0.000582
batch,r8937440-n43543,0,24500,1623556771,36,40.43,404.3,24600888,92452740,10,690.80152,0.000465
batch,r8937440-n43543,0,24510,1623556781,36,30.64,306.4,24604984,92452740,10,426.565384,0.000465
batch,r8937440-n43543,0,24520,1623556791,37,40.34,403.4,24613176,92452740,10,714.356256,0.000465
batch,r8937440-n43543,0,24530,1623556801,37,29.57,295.7,24617272,92452740,10,375.677538,0.000465
batch,r8937440-n43543,0,24540,1623556811,38,41.29,412.9,24623416,92452740,10,732.063169,0.000465
batch,r8937440-n43543,0,24550,1623556821,38,33.5,335,24629560,92452740,10,496.521502,0.000465
batch,r8937440-n43543,0,24560,1623556831,39,37.85,378.5,24635892,92452740,10,610.08697,0.000465
batch,r8937440-n43543,0,24570,1623556841,39,41.92,419.2,24644084,92452740,10,695.574472,0.000582
batch,r8937440-n43543,0,24580,1623556851,40,40.55,405.5,24650228,92452740,10,657.332796,0.000582
batch,r8937440-n43543,0,24590,1623556861,40,39.68,396.8,24658420,92452740,10,656.614126,0.000465
batch,r8937440-n43543,0,24600,1623556871,41,39.41,394.1,24664564,92452740,10,684.924221,0.000582
batch,r8937440-n43543,0,24610,1623556881,41,39.42,394.2,24672756,92452740,10,616.150199,0.000582
batch,r8937440-n43543,0,24620,1623556891,41,27.37,273.7,24676852,92452740,10,359.750154,0.000349
batch,r8937440-n43543,0,24630,1623556901,42,42.84,428.4,24685044,92452740,10,785.679007,0.000582
batch,r8937440-n43543,0,24640,1623556911,42,39.09,390.9,24691188,92452740,10,637.545759,0.000582
batch,r8937440-n43543,0,24650,1623556921,43,40.8,408,24697564,92452740,10,682.875412,0.000465
batch,r8937440-n43543,0,24660,1623556931,0,40.32,403.2,24705756,92452740,10,654.592052,0.000582
batch,r8937440-n43543,0,24670,1623556941,0,40.11,401.1,24711900,92452740,10,672.292377,0.000582
batch,r8937440-n43543,0,24680,1623556951,1,31.77,317.7,24718044,92452740,10,435.948657,0.000465
batch,r8937440-n43543,0,24690,1623556961,1,42.43,424.3,24724188,92452740,10,764.867473,0.000465
batch,r8937440-n43543,0,24700,1623556971,2,37.73,377.3,24732380,92452740,10,596.853921,0.000465
batch,r8937440-n43543,0,24710,1623556981,2,39.79,397.9,24738524,92452740,10,671.504324,0.000582
batch,r8937440-n43543,0,24720,1623556991,3,38.44,384.4,24744668,92452740,10,597.124996,0.000582
batch,r8937440-n43543,0,24730,1623557001,3,41.99,419.9,24752860,92452740,10,732.527905,0.000582
batch,r8937440-n43543,0,24740,1623557011,4,39.92,399.2,24761052,92452740,10,670.968125,0.000465
batch,r8937440-n43543,0,24750,1623557021,4,40.14,401.4,24767196,92452740,10,679.06548,0.000582
batch,r8937440-n43543,0,24760,1623557031,5,39.98,399.8,24773588,92452740,10,680.831572,0.000582
batch,r8937440-n43543,0,24770,1623557041,5,39.76,397.6,24781780,92452740,10,659.165208,0.000582
batch,r8937440-n43543,0,24780,1623557051,6,40.14,401.4,24787924,92452740,10,657.229765,0.000465
batch,r8937440-n43543,0,24790,1623557061,6,40.02,400.2,24796116,92452740,10,665.080906,0.000582
batch,r8937440-n43543,0,24800,1623557071,6,30.96,309.6,24800212,92452740,10,454.750206,0.000465
batch,r8937440-n43543,0,24810,1623557081,7,42.06,420.6,24808404,92452740,10,729.683718,0.000465
batch,r8937440-n43543,0,24820,1623557091,7,40.51,405.1,24814548,92452740,10,675.210691,0.000582
batch,r8937440-n43543,0,24830,1623557101,8,40.13,401.3,24822740,92452740,10,677.132908,0.000582
batch,r8937440-n43543,0,24840,1623557111,8,34.2,342,24828884,92452740,10,492.560829,0.000465
batch,r8937440-n43543,0,24850,1623557121,9,37.66,376.6,24835028,92452740,10,637.639331,0.000465
batch,r8937440-n43543,0,24860,1623557131,9,35.35,353.5,24841172,92452740,10,516.450655,0.000465
batch,r8937440-n43543,0,24870,1623557141,10,40.61,406.1,24847316,92452740,10,735.371056,0.000582
batch,r8937440-n43543,0,24880,1623557151,10,27.66,276.6,24851484,92452740,10,360.26055,0.000349
batch,r8937440-n43543,0,24890,1623557161,11,40.03,400.3,24859676,92452740,10,693.65784,0.000465
batch,r8937440-n43543,0,24900,1623557171,11,30,300,24863772,92452740,10,424.265072,0.000465
batch,r8937440-n43543,0,24910,1623557181,11,35.59,355.9,24870168,92452740,10,571.651923,0.000349
batch,r8937440-n43543,0,24920,1623557191,12,41.56,415.6,24876312,92452740,10,717.712928,0.000582
batch,r8937440-n43543,0,24930,1623557201,12,30.08,300.8,24882456,92452740,10,400.858816,0.000465
batch,r8937440-n43543,0,24940,1623557211,13,41.41,414.1,24888600,92452740,10,716.524711,0.000465
batch,r8937440-n43543,0,24950,1623557221,13,40,400,24896792,92452740,10,655.859756,0.000582
batch,r8937440-n43543,0,24960,1623557231,14,39.95,399.5,24902936,92452740,10,667.581419,0.000582
batch,r8937440-n43543,0,24970,1623557241,14,38.46,384.6,24911128,92452740,10,586.037761,0.000465
batch,r8937440-n43543,0,24980,1623557251,15,37.51,375.1,24917480,92452740,10,623.32308,0.000465
batch,r8937440-n43543,0,24990,1623557261,15,40.03,400.3,24923624,92452740,10,641.138298,0.000582
batch,r8937440-n43543,0,25000,1623557271,16,31.67,316.7,24929768,92452740,10,448.459545,0.000465
batch,r8937440-n43543,0,25010,1623557281,16,32.87,328.7,24933864,92452740,10,505.306471,0.000465
batch,r8937440-n43543,0,25020,1623557291,16,40.07,400.7,24942056,92452740,10,677.40021,0.000465
batch,r8937440-n43543,0,25030,1623557301,17,40.19,401.9,24948232,92452880,10,677.560785,0.000465
batch,r8937440-n43543,0,25040,1623557311,17,40.24,402.4,24956424,92452880,10,650.809013,0.000582
batch,r8937440-n43543,0,25050,1623557321,18,39.62,396.2,24962568,92452880,10,644.344393,0.000582
batch,r8937440-n43543,0,25060,1623557331,18,33.14,331.4,24966664,92452880,10,475.890058,0.000465
batch,r8937440-n43543,0,25070,1623557341,19,28.85,288.5,24972808,92452880,10,432.592118,0.000233
batch,r8937440-n43543,0,25080,1623557351,19,29.09,290.9,24976904,92452880,10,392.250206,0.000465
batch,r8937440-n43543,0,25090,1623557361,19,42.39,423.9,24985096,92452880,10,753.99196,0.000465
batch,r8937440-n43543,0,25100,1623557371,20,33.02,330.2,24989192,92452880,10,478.442584,0.000465
batch,r8937440-n43543,0,25110,1623557381,20,41.32,413.2,24997384,92452880,10,705.458274,0.000582
batch,r8937440-n43543,0,25120,1623557391,21,37.03,370.3,25003528,92452880,10,566.14811,0.000582
batch,r8937440-n43543,0,25130,1623557401,21,30.1,301,25007624,92452880,10,471.493646,0.000233
batch,r8937440-n43543,0,25140,1623557411,22,40.01,400.1,25016068,92452880,10,661.865211,0.000582
batch,r8937440-n43543,0,25150,1623557421,22,39.78,397.8,25022212,92452880,10,666.486358,0.000582
batch,r8937440-n43543,0,25160,1623557431,23,40.08,400.8,25030404,92452880,10,686.87929,0.000465
batch,r8937440-n43543,0,25170,1623557441,23,33.13,331.3,25034500,92452880,10,473.835149,0.000517
batch,r8937440-n43543,0,25180,1623557451,23,37.54,375.4,25040644,92452880,10,636.65759,0.00053
batch,r8937440-n43543,0,25190,1623557461,24,34.21,342.1,25046788,92452880,10,531.19381,0.000465
batch,r8937440-n43543,0,25200,1623557471,24,43.34,433.4,25054980,92452880,10,751.140274,0.000465
batch,r8937440-n43543,0,25210,1623557481,25,39.84,398.4,25063172,92452880,10,661.023088,0.000582
batch,r8937440-n43543,0,25220,1623557491,25,31.71,317.1,25067504,92452880,10,474.321737,0.000465
batch,r8937440-n43543,0,25230,1623557501,26,40.01,400.1,25075696,92452880,10,664.518479,0.000465
batch,r8937440-n43543,0,25240,1623557511,26,39.77,397.7,25081840,92452880,10,653.617883,0.000582
batch,r8937440-n43543,0,25250,1623557521,27,40.09,400.9,25087984,92452880,10,668.447562,0.000582
batch,r8937440-n43543,0,25260,1623557531,27,40.57,405.7,25096176,92452880,10,638.790051,0.000465
batch,r8937440-n43543,0,25270,1623557541,28,39.86,398.6,25102480,92452880,10,658.91979,0.000582
batch,r8937440-n43543,0,25280,1623557551,28,40.18,401.8,25110780,92452880,10,662.708629,0.000582
batch,r8937440-n43543,0,25290,1623557561,29,40,400,25116924,92452880,10,659.119592,0.000582
batch,r8937440-n43543,0,25300,1623557571,29,40.1,401,25125116,92452880,10,657.529013,0.000465
batch,r8937440-n43543,0,25310,1623557581,30,40.56,405.6,25131280,92452880,10,681.54702,0.000582
batch,r8937440-n43543,0,25320,1623557591,30,39.95,399.5,25139472,92452880,10,664.984836,0.000582
batch,r8937440-n43543,0,25330,1623557601,31,40.16,401.6,25145616,92452880,10,671.413494,0.000582
batch,r8937440-n43543,0,25340,1623557611,31,40.3,403,25153808,92452880,10,685.313527,0.000465
batch,r8937440-n43543,0,25350,1623557621,31,39.6,396,25160104,92452880,10,667.074146,0.000582
batch,r8937440-n43543,0,25360,1623557631,32,39.85,398.5,25168340,92452880,10,675.232268,0.000582
batch,r8937440-n43543,0,25370,1623557641,32,40.02,400.2,25174484,92452880,10,667.797426,0.000582
batch,r8937440-n43543,0,25380,1623557651,33,39.88,398.8,25182676,92452880,10,662.588561,0.000465
batch,r8937440-n43543,0,25390,1623557661,33,39.81,398.1,25188820,92452880,10,652.934162,0.000582
batch,r8937440-n43543,0,25400,1623557671,34,40.15,401.5,25194964,92452880,10,675.734515,0.000582
batch,r8937440-n43543,0,25410,1623557681,34,40.2,402,25203156,92452880,10,677.566692,0.000465
batch,r8937440-n43543,0,25420,1623557691,35,39.51,395.1,25209300,92452880,10,656.676914,0.000582
batch,r8937440-n43543,0,25430,1623557701,35,40.6,406,25217492,92452880,10,691.786863,0.000582
batch,r8937440-n43543,0,25440,1623557711,36,39.99,399.9,25223636,92452880,10,663.845888,0.000582
batch,r8937440-n43543,0,25450,1623557721,36,40.36,403.6,25231828,92452880,10,675.230047,0.000465
batch,r8937440-n43543,0,25460,1623557731,37,38.86,388.6,25238108,92452880,10,622.598365,0.000582
batch,r8937440-n43543,0,25470,1623557741,37,40.36,403.6,25246300,92452880,10,695.09405,0.000582
batch,r8937440-n43543,0,25480,1623557751,38,40.25,402.5,25252568,92452880,10,693.1264,0.000465
batch,r8937440-n43543,0,25490,1623557761,38,40.01,400.1,25258748,92452880,10,655.338185,0.000582
batch,r8937440-n43543,0,25500,1623557771,39,39.88,398.8,25266976,92452880,10,669.153136,0.000582
batch,r8937440-n43543,0,25510,1623557781,39,40.32,403.2,25273120,92452880,10,664.125742,0.000582
batch,r8937440-n43543,0,25520,1623557791,39,40.12,401.2,25281436,92452880,10,687.711166,0.000465
batch,r8937440-n43543,0,25530,1623557801,40,30.98,309.8,25285532,92452880,10,432.436511,0.000465
batch,r8937440-n43543,0,25540,1623557811,40,42.18,421.8,25293764,92452880,10,744.643433,0.000582
batch,r8937440-n43543,0,25550,1623557821,41,39.97,399.7,25299920,92452880,10,653.92352,0.000465
batch,r8937440-n43543,0,25560,1623557831,41,39.93,399.3,25308112,92452880,10,664.856294,0.000582
batch,r8937440-n43543,0,25570,1623557841,42,40.01,400.1,25314256,92452880,10,671.647022,0.000582
batch,r8937440-n43543,0,25580,1623557851,0,40.14,401.4,25322448,92452880,10,662.077478,0.000465
batch,r8937440-n43543,0,25590,1623557861,0,39.73,397.3,25328592,92452880,10,650.283524,0.000582
batch,r8937440-n43543,0,25600,1623557871,1,40.34,403.4,25336784,92452880,10,669.504928,0.000582
batch,r8937440-n43543,0,25610,1623557881,1,40.17,401.7,25342928,92452880,10,658.485295,0.000582
batch,r8937440-n43543,0,25620,1623557891,2,39.88,398.8,25351196,92452880,10,648.18491,0.000465
batch,r8937440-n43543,0,25630,1623557901,2,40.07,400.7,25357456,92452880,10,683.454439,0.000582
batch,r8937440-n43543,0,25640,1623557911,3,39.69,396.9,25365648,92452880,10,616.880903,0.000582
batch,r8937440-n43543,0,25650,1623557921,3,39.68,396.8,25371792,92452880,10,679.944628,0.000582
batch,r8937440-n43543,0,25660,1623557931,4,39.99,399.9,25377996,92452880,10,681.670159,0.000465
batch,r8937440-n43543,0,25670,1623557941,4,40.46,404.6,25386236,92453136,10,662.830505,0.000582
batch,r8937440-n43543,0,25680,1623557951,5,39.8,398,25411292,92518672,10,667.526042,0.000582
batch,r8937440-n43543,0,25690,1623557961,5,38.03,380.3,25419484,92518672,10,604.371542,0.000582
batch,r8937440-n43543,0,25700,1623557971,6,42.9,429,25439524,92518672,10,745.850216,0.000465
batch,r8937440-n43543,0,25710,1623557981,6,39.93,399.3,25447796,92518672,10,658.216137,0.000582
batch,r8937440-n43543,0,25720,1623557991,7,40.14,401.4,25453968,92518672,10,653.976741,0.000582
batch,r8937440-n43543,0,25730,1623558001,7,39.66,396.6,25462184,92518672,10,648.746889,0.000465
batch,r8937440-n43543,0,25740,1623558011,8,40.21,402.1,25468332,92518672,10,715.037253,0.000582
batch,r8937440-n43543,0,25750,1623558021,8,40.02,400.2,25476524,92518672,10,641.343173,0.000582
batch,r8937440-n43543,0,25760,1623558031,9,39.91,399.1,25482668,92518672,10,684.039721,0.000582
batch,r8937440-n43543,0,25770,1623558041,9,37.37,373.7,25488852,92518672,10,594.36417,0.000465
batch,r8937440-n43543,0,25780,1623558051,10,41.13,411.3,25497088,92518672,10,712.152288,0.000582
batch,r8937440-n43543,0,25790,1623558061,10,40.36,403.6,25503232,92518672,10,669.242018,0.000582
batch,r8937440-n43543,0,25800,1623558071,10,40.59,405.9,25511424,92518672,10,659.437866,0.000465
batch,r8937440-n43543,0,25810,1623558081,11,40.34,403.4,25517568,92518672,10,701.667769,0.000582
batch,r8937440-n43543,0,25820,1623558091,11,40.32,403.2,25525760,92518672,10,703.024179,0.000582
batch,r8937440-n43543,0,25830,1623558101,12,40.11,401.1,25531904,92518672,10,664.385201,0.000582
batch,r8937440-n43543,0,25840,1623558111,12,40.31,403.1,25540188,92518672,10,664.876654,0.000465
batch,r8937440-n43543,0,25850,1623558121,13,39.96,399.6,25546332,92518672,10,691.324351,0.000582
batch,r8937440-n43543,0,25860,1623558131,13,40.75,407.5,25554600,92518672,10,667.759645,0.000582
batch,r8937440-n43543,0,25870,1623558141,14,39.9,399,25560744,92518672,10,646.281233,0.000582
batch,r8937440-n43543,0,25880,1623558151,14,40.3,403,25568936,92518672,10,685.853948,0.000465
batch,r8937440-n43543,0,25890,1623558161,15,40.01,400.1,25575144,92518672,10,673.068943,0.000582
batch,r8937440-n43543,0,25900,1623558171,15,39.68,396.8,25581288,92518672,10,644.739547,0.000582
batch,r8937440-n43543,0,25910,1623558181,16,40.16,401.6,25589480,92518672,10,664.394363,0.000465
batch,r8937440-n43543,0,25920,1623558191,16,39.87,398.7,25574484,92453136,10,626.491613,0.000582
batch,r8937440-n43543,0,25930,1623558201,17,40.93,409.3,25582772,92453136,10,709.401191,0.000582
batch,r8937440-n43543,0,25940,1623558211,17,40.76,407.6,25588916,92453136,10,652.394791,0.000582
batch,r8937440-n43543,0,25950,1623558221,18,40.22,402.2,25597144,92453136,10,667.833686,0.000465
batch,r8937440-n43543,0,25960,1623558231,18,40.27,402.7,25603304,92453136,10,638.483154,0.000582
batch,r8937440-n43543,0,25970,1623558241,18,37.56,375.6,25609496,92453136,10,581.129848,0.000582
batch,r8937440-n43543,0,25980,1623558251,19,42.08,420.8,25617688,92453136,10,742.358809,0.000582
batch,r8937440-n43543,0,25990,1623558261,19,39.77,397.7,25625880,92453136,10,659.946519,0.000465
batch,r8937440-n43543,0,26000,1623558271,20,40.27,402.7,25632060,92453136,10,682.221362,0.000582
batch,r8937440-n43543,0,26010,1623558281,20,40.16,401.6,25640252,92453136,10,648.233123,0.000582
batch,r8937440-n43543,0,26020,1623558291,21,40.18,401.8,25646396,92453136,10,670.290059,0.000465
batch,r8937440-n43543,0,26030,1623558301,21,39.93,399.3,25654588,92453136,10,661.710207,0.000582
batch,r8937440-n43543,0,26040,1623558311,22,40.24,402.4,25660732,92453136,10,661.247011,0.000582
batch,r8937440-n43543,0,26050,1623558321,22,39.6,396,25666876,92453136,10,658.674709,0.000582
batch,r8937440-n43543,0,26060,1623558331,23,39.95,399.5,25675068,92453136,10,682.593234,0.000465
batch,r8937440-n43543,0,26070,1623558341,23,39.88,398.8,25681212,92453136,10,641.968977,0.000582
batch,r8937440-n43543,0,26080,1623558351,24,39.71,397.1,25689404,92453136,10,662.51186,0.000582
batch,r8937440-n43543,0,26090,1623558361,24,40.07,400.7,25695696,92453136,10,658.81496,0.000582
batch,r8937440-n43543,0,26100,1623558371,25,39.92,399.2,25704000,92453136,10,654.117831,0.000465
batch,r8937440-n43543,0,26110,1623558381,25,39.81,398.1,25710144,92453136,10,677.924752,0.000582
batch,r8937440-n43543,0,26120,1623558391,25,40.04,400.4,25718336,92453136,10,659.012879,0.000582
batch,r8937440-n43543,0,26130,1623558401,26,39.93,399.3,25724536,92453136,10,673.444664,0.000582
batch,r8937440-n43543,0,26140,1623558411,26,40.8,408,25732728,92453136,10,663.593037,0.000465
batch,r8937440-n43543,0,26150,1623558421,27,39.18,391.8,25738928,92453136,10,639.619087,0.000582
batch,r8937440-n43543,0,26160,1623558431,27,40.84,408.4,25747120,92453136,10,698.451664,0.000582
batch,r8937440-n43543,0,26170,1623558441,28,40.31,403.1,25753264,92453136,10,682.942353,0.000582
batch,r8937440-n43543,0,26180,1623558451,28,39.99,399.9,25761456,92453136,10,653.047716,0.000465
batch,r8937440-n43543,0,26190,1623558461,29,40.01,400.1,25767688,92453136,10,680.374699,0.000582
batch,r8937440-n43543,0,26200,1623558471,29,40.11,401.1,25773872,92453136,10,662.51788,0.000582
batch,r8937440-n43543,0,26210,1623558481,30,39.63,396.3,25782124,92453136,10,652.81434,0.000465
batch,r8937440-n43543,0,26220,1623558491,30,40.09,400.9,25788280,92453136,10,660.656157,0.000582
batch,r8937440-n43543,0,26230,1623558501,31,40.36,403.6,25796476,92453136,10,663.639585,0.000582
batch,r8937440-n43543,0,26240,1623558511,31,39.7,397,25802648,92453136,10,656.715483,0.000582
batch,r8937440-n43543,0,26250,1623558521,31,40.1,401,25810840,92453136,10,667.515157,0.000465
batch,r8937440-n43543,0,26260,1623558531,32,37.45,374.5,25817016,92453136,10,559.997208,0.000582
batch,r8937440-n43543,0,26270,1623558541,32,42.48,424.8,25825208,92453136,10,731.306871,0.000582
batch,r8937440-n43543,0,26280,1623558551,33,40.03,400.3,25831372,92453136,10,647.407951,0.000582
batch,r8937440-n43543,0,26290,1623558561,33,39.32,393.2,25839564,92453136,10,637.547095,0.000465
batch,r8937440-n43543,0,26300,1623558571,34,39.91,399.1,25845708,92453136,10,694.65016,0.000582
batch,r8937440-n43543,0,26310,1623558581,34,39.56,395.6,25853900,92453136,10,646.05298,0.000582
batch,r8937440-n43543,0,26320,1623558591,35,39.73,397.3,25860044,92453136,10,664.864141,0.000517
batch,r8937440-n43543,0,26330,1623558601,35,40.29,402.9,25866188,92453136,10,672.864166,0.00053
batch,r8937440-n43543,0,26340,1623558611,36,39.97,399.7,25874380,92453136,10,676.972677,0.000582
batch,r8937440-n43543,0,26350,1623558621,36,39.9,399,25880524,92453136,10,671.629893,0.000582
batch,r8937440-n43543,0,26360,1623558631,36,40.29,402.9,25888716,92453136,10,683.669783,0.000465
batch,r8937440-n43543,0,26370,1623558641,37,40.19,401.9,25894976,92453136,10,655.515992,0.000582
batch,r8937440-n43543,0,26380,1623558651,37,40.43,404.3,25903284,92453136,10,642.028982,0.000582
batch,r8937440-n43543,0,26390,1623558661,38,40.29,402.9,25909428,92453136,10,669.152637,0.000582
batch,r8937440-n43543,0,26400,1623558671,38,39.97,399.7,25917620,92453136,10,664.129237,0.000465
batch,r8937440-n43543,0,26410,1623558681,39,40.4,404,25923764,92453136,10,657.798732,0.000582
batch,r8937440-n43543,0,26420,1623558691,39,40.2,402,25932032,92453136,10,652.590882,0.000582
batch,r8937440-n43543,0,26430,1623558701,40,39.84,398.4,25938176,92453136,10,646.862267,0.000465
batch,r8937440-n43543,0,26440,1623558711,40,39.91,399.1,25946368,92453136,10,661.343645,0.000582
batch,r8937440-n43543,0,26450,1623558721,0,40,400,25952512,92453136,10,696.160807,0.000582
batch,r8937440-n43543,0,26460,1623558731,0,39.85,398.5,25958780,92453136,10,671.706393,0.000582
batch,r8937440-n43543,0,26470,1623558741,1,40.13,401.3,25967012,92453136,10,659.17337,0.000465
batch,r8937440-n43543,0,26480,1623558751,1,40.02,400.2,25973156,92453136,10,665.306695,0.000582
batch,r8937440-n43543,0,26490,1623558761,2,40,400,25981348,92453136,10,648.013082,0.000582
batch,r8937440-n43543,0,26500,1623558771,2,40.03,400.3,25987492,92453136,10,669.399258,0.000582
batch,r8937440-n43543,0,26510,1623558781,3,40,400,25995800,92453136,10,663.005335,0.000465
batch,r8937440-n43543,0,26520,1623558791,3,39.03,390.3,26001944,92453136,10,656.904394,0.000582
batch,r8937440-n43543,0,26530,1623558801,3,41.1,411,26010136,92453136,10,669.110791,0.000582
batch,r8937440-n43543,0,26540,1623558811,4,40.18,401.8,26016280,92453136,10,671.516426,0.000582
batch,r8937440-n43543,0,26550,1623558821,4,40.03,400.3,26024508,92453136,10,650.466568,0.000465
batch,r8937440-n43543,0,26560,1623558831,5,39.93,399.3,26030664,92453136,10,664.796608,0.000582
batch,r8937440-n43543,0,26570,1623558841,5,40.22,402.2,26038964,92453136,10,654.758028,0.000582
batch,r8937440-n43543,0,26580,1623558851,6,40,400,26045108,92453136,10,652.204254,0.000582
batch,r8937440-n43543,0,26590,1623558861,6,40.24,402.4,26053324,92453136,10,679.9227,0.000465
batch,r8937440-n43543,0,26600,1623558871,7,40.28,402.8,26059472,92453136,10,657.734879,0.000582
batch,r8937440-n43543,0,26610,1623558881,7,40.12,401.2,26065640,92453136,10,672.926384,0.000582
batch,r8937440-n43543,0,26620,1623558891,8,40.11,401.1,26073876,92453136,10,678.857809,0.000465
batch,r8937440-n43543,0,26630,1623558901,8,39.59,395.9,26080020,92453136,10,653.142765,0.000582
batch,r8937440-n43543,0,26640,1623558911,9,39.79,397.9,26088252,92453136,10,688.190213,0.000582
batch,r8937440-n43543,0,26650,1623558921,9,39.95,399.5,26094396,92453136,10,659.247113,0.000582
batch,r8937440-n43543,0,26660,1623558931,9,39.81,398.1,26102588,92453136,10,647.13162,0.000465
batch,r8937440-n43543,0,26670,1623558941,10,40.06,400.6,26108732,92453136,10,697.36219,0.000582
batch,r8937440-n43543,0,26680,1623558951,10,39.89,398.9,26116924,92453136,10,672.653891,0.000582
batch,r8937440-n43543,0,26690,1623558961,11,40.25,402.5,26123068,92453136,10,670.660453,0.000582
batch,r8937440-n43543,0,26700,1623558971,11,40.14,401.4,26131260,92453136,10,654.226182,0.000465
batch,r8937440-n43543,0,26710,1623558981,12,39.84,398.4,26137500,92453136,10,665.795684,0.000582
batch,r8937440-n43543,0,26720,1623558991,12,40.2,402,26145692,92453136,10,661.199731,0.000582
batch,r8937440-n43543,0,26730,1623559001,13,40.02,400.2,26151972,92453136,10,663.727239,0.000465
batch,r8937440-n43543,0,26740,1623559011,13,40.01,400.1,26158116,92453136,10,689.513326,0.000582
batch,r8937440-n43543,0,26750,1623559021,14,40.29,402.9,26166308,92453136,10,654.295166,0.000582
batch,r8937440-n43543,0,26760,1623559031,14,39.73,397.3,26172452,92453136,10,646.521946,0.000582
batch,r8937440-n43543,0,26770,1623559041,14,39.87,398.7,26180660,92453136,10,657.156188,0.000465
batch,r8937440-n43543,0,26780,1623559051,15,39.87,398.7,26186804,92453136,10,658.562861,0.000582
batch,r8937440-n43543,0,26790,1623559061,15,40.43,404.3,26194996,92453136,10,663.593368,0.000582
batch,r8937440-n43543,0,26800,1623559071,16,40.45,404.5,26201140,92453136,10,670.445852,0.000582
batch,r8937440-n43543,0,26810,1623559081,16,40.5,405,26209332,92453136,10,667.73588,0.000465
batch,r8937440-n43543,0,26820,1623559091,17,39,390,26215476,92453136,10,621.597526,0.000582
batch,r8937440-n43543,0,26830,1623559101,17,41.19,411.9,26223668,92453136,10,717.248357,0.000582
batch,r8937440-n43543,0,26840,1623559111,18,40.07,400.7,26229812,92453136,10,655.919855,0.000582
batch,r8937440-n43543,0,26850,1623559121,18,40.11,401.1,26238144,92453136,10,673.405432,0.000465
batch,r8937440-n43543,0,26860,1623559131,19,39.92,399.2,26244288,92453136,10,659.185105,0.000582
batch,r8937440-n43543,0,26870,1623559141,19,40.36,403.6,26252480,92453136,10,642.257559,0.000582
batch,r8937440-n43543,0,26880,1623559151,19,40.2,402,26258624,92453136,10,670.417822,0.000582
batch,r8937440-n43543,0,26890,1623559161,20,40.38,403.8,26264768,92453136,10,677.507826,0.000465
batch,r8937440-n43543,0,26900,1623559171,20,40.45,404.5,26273004,92453136,10,671.118099,0.000582
batch,r8937440-n43543,0,26910,1623559181,21,40.01,400.1,26279148,92453136,10,669.919004,0.000582
batch,r8937440-n43543,0,26920,1623559191,21,40.01,400.1,26287552,92453136,10,661.502129,0.000465
batch,r8937440-n43543,0,26930,1623559201,22,40.09,400.9,26293696,92453136,10,682.134558,0.000582
batch,r8937440-n43543,0,26940,1623559211,22,40.1,401,26301888,92453136,10,650.303679,0.000582
batch,r8937440-n43543,0,26950,1623559221,23,39.81,398.1,26308100,92453136,10,639.092354,0.000582
batch,r8937440-n43543,0,26960,1623559231,23,39.89,398.9,26316292,92453136,10,671.274776,0.000465
batch,r8937440-n43543,0,26970,1623559241,24,40.29,402.9,26322436,92453136,10,661.36131,0.000582
batch,r8937440-n43543,0,26980,1623559251,24,39.68,396.8,26330628,92453136,10,653.896926,0.000582
batch,r8937440-n43543,0,26990,1623559261,24,39.67,396.7,26336772,92453136,10,665.113694,0.000582
batch,r8937440-n43543,0,27000,1623559271,25,39.64,396.4,26345032,92453136,10,664.542111,0.000465
batch,r8937440-n43543,0,27010,1623559281,25,40.01,400.1,26351176,92453136,10,660.850631,0.000582
batch,r8937440-n43543,0,27020,1623559291,26,39.97,399.7,26359392,92453136,10,659.577093,0.000582
batch,r8937440-n43543,0,27030,1623559301,26,36.92,369.2,26365684,92453136,10,562.561297,0.000582
batch,r8937440-n43543,0,27040,1623559311,27,42.72,427.2,26371840,92453136,10,756.836786,0.000465
batch,r8937440-n43543,0,27050,1623559321,27,40.13,401.3,26380080,92453136,10,669.073025,0.000582
batch,r8937440-n43543,0,27060,1623559331,28,40.11,401.1,26386228,92453136,10,654.700608,0.000582
batch,r8937440-n43543,0,27070,1623559341,28,39.68,396.8,26394452,92453136,10,657.065365,0.000465
batch,r8937440-n43543,0,27080,1623559351,28,40.08,400.8,26400596,92453136,10,673.506974,0.000582
batch,r8937440-n43543,0,27090,1623559361,29,40.26,402.6,26408844,92453136,10,650.578965,0.000582
batch,r8937440-n43543,0,27100,1623559371,29,37.27,372.7,26415000,92453136,10,584.425818,0.000582
batch,r8937440-n43543,0,27110,1623559381,30,40.96,409.6,26421144,92453136,10,699.412532,0.000465
batch,r8937440-n43543,0,27120,1623559391,30,40.46,404.6,26429336,92453136,10,707.86763,0.000582
batch,r8937440-n43543,0,27130,1623559401,31,38.22,382.2,26435480,92453136,10,620.706984,0.000465
batch,r8937440-n43543,0,27140,1623559411,31,40.33,403.3,26443740,92453136,10,667.807318,0.000582
batch,r8937440-n43543,0,27150,1623559421,32,39.63,396.3,26449884,92453136,10,630.425158,0.000582
batch,r8937440-n43543,0,27160,1623559431,32,40.3,403,26456028,92453136,10,686.46577,0.000465
batch,r8937440-n43543,0,27170,1623559441,32,40.6,406,26464220,92453136,10,677.879384,0.000582
batch,r8937440-n43543,0,27180,1623559451,33,39.98,399.8,26470364,92453136,10,658.696598,0.000582
batch,r8937440-n43543,0,27190,1623559461,33,40.05,400.5,26478556,92453136,10,666.631677,0.000582
batch,r8937440-n43543,0,27200,1623559471,34,40.2,402,26484700,92453136,10,658.260414,0.000465
batch,r8937440-n43543,0,27210,1623559481,34,39.62,396.2,26492892,92453136,10,666.399504,0.000582
batch,r8937440-n43543,0,27220,1623559491,35,40.09,400.9,26499036,92453136,10,659.578056,0.000582
batch,r8937440-n43543,0,27230,1623559501,35,39.92,399.2,26507228,92453136,10,659.172964,0.000465
batch,r8937440-n43543,0,27240,1623559511,35,40.03,400.3,26513548,92453136,10,653.513188,0.000582
batch,r8937440-n43543,0,27250,1623559521,36,39.77,397.7,26521740,92453136,10,657.750493,0.000582
batch,r8937440-n43543,0,27260,1623559531,36,39.77,397.7,26527884,92453136,10,679.868866,0.000582
batch,r8937440-n43543,0,27270,1623559541,37,40.33,403.3,26536076,92453136,10,675.210226,0.000465
batch,r8937440-n43543,0,27280,1623559551,37,39.78,397.8,26542220,92453136,10,683.05864,0.000582
batch,r8937440-n43543,0,27290,1623559561,38,40.31,403.1,26550412,92453136,10,652.426877,0.000582
batch,r8937440-n43543,0,27300,1623559571,38,40.15,401.5,26556556,92453136,10,671.190625,0.000582
batch,r8937440-n43543,0,27310,1623559581,39,40.18,401.8,26563888,92453136,10,661.537378,0.000465
batch,r8937440-n43543,0,27320,1623559591,39,40.1,401,26572080,92453136,10,683.906667,0.000582
batch,r8937440-n43543,0,27330,1623559601,0,40.18,401.8,26578224,92453136,10,650.731057,0.000582
batch,r8937440-n43543,0,27340,1623559611,0,40.25,402.5,26586416,92453136,10,687.420773,0.000582
batch,r8937440-n43543,0,27350,1623559621,1,40.29,402.9,26592688,92453136,10,669.402594,0.000465
batch,r8937440-n43543,0,27360,1623559631,1,40.24,402.4,26600892,92453136,10,652.00721,0.000582
batch,r8937440-n43543,0,27370,1623559641,2,39.8,398,26607312,92453136,10,651.280488,0.000582
batch,r8937440-n43543,0,27380,1623559651,2,40.31,403.1,26615504,92453136,10,678.10236,0.000465
batch,r8937440-n43543,0,27390,1623559661,3,40.21,402.1,26621648,92453136,10,674.565727,0.000582
batch,r8937440-n43543,0,27400,1623559671,3,40,400,26629876,92453136,10,673.395149,0.000582
batch,r8937440-n43543,0,27410,1623559681,4,40.7,407,26636020,92453136,10,667.032716,0.000582
batch,r8937440-n43543,0,27420,1623559691,4,40.31,403.1,26644212,92453136,10,670.075923,0.000465
batch,r8937440-n43543,0,27430,1623559701,4,39.68,396.8,26650356,92453136,10,650.218482,0.000582
batch,r8937440-n43543,0,27440,1623559711,5,39.68,396.8,26658604,92453136,10,657.02056,0.000582
batch,r8937440-n43543,0,27450,1623559721,5,39.87,398.7,26664748,92453136,10,677.859668,0.000582
batch,r8937440-n43543,0,27460,1623559731,6,39.81,398.1,26670892,92453136,10,649.754637,0.000465
batch,r8937440-n43543,0,27470,1623559741,6,40.31,403.1,26679084,92453136,10,660.799549,0.000582
batch,r8937440-n43543,0,27480,1623559751,7,40.36,403.6,26685228,92453136,10,654.351412,0.000582
batch,r8937440-n43543,0,27490,1623559761,7,39.81,398.1,26693420,92453136,10,670.767751,0.000465
batch,r8937440-n43543,0,27500,1623559771,8,39.83,398.3,26699564,92453136,10,680.330611,0.000582
batch,r8937440-n43543,0,27510,1623559781,8,40.03,400.3,26707976,92453136,10,668.988292,0.000582
batch,r8937440-n43543,0,27520,1623559791,8,40.2,402,26714120,92453136,10,666.769589,0.000582
batch,r8937440-n43543,0,27530,1623559801,9,39.84,398.4,26722312,92453136,10,661.174706,0.000465
batch,r8937440-n43543,0,27540,1623559811,9,40.36,403.6,26728456,92453136,10,656.86658,0.000582
batch,r8937440-n43543,0,27550,1623559821,10,40.48,404.8,26736764,92453136,10,682.247901,0.000582
batch,r8937440-n43543,0,27560,1623559831,10,40.32,403.2,26742908,92453136,10,665.900496,0.000582
batch,r8937440-n43543,0,27570,1623559841,11,40.39,403.9,26751196,92453136,10,676.258351,0.000465
batch,r8937440-n43543,0,27580,1623559851,11,39.96,399.6,26757348,92453136,10,676.637161,0.000582
batch,r8937440-n43543,0,27590,1623559861,12,40.12,401.2,26765560,92453136,10,669.616158,0.000582
batch,r8937440-n43543,0,27600,1623559871,12,39.87,398.7,26771704,92453136,10,673.438916,0.000582
batch,r8937440-n43543,0,27610,1623559881,12,40.31,403.1,26777848,92453136,10,673.71893,0.000465
batch,r8937440-n43543,0,27620,1623559891,13,39.81,398.1,26786088,92453136,10,650.532748,0.000582
batch,r8937440-n43543,0,27630,1623559901,13,40.12,401.2,26792296,92453136,10,662.764185,0.000582
batch,r8937440-n43543,0,27640,1623559911,14,39.76,397.6,26800488,92453136,10,674.78019,0.000582
batch,r8937440-n43543,0,27650,1623559921,14,38.67,386.7,26806632,92453136,10,612.104567,0.000465
batch,r8937440-n43543,0,27660,1623559931,15,41.31,413.1,26814824,92453136,10,722.71271,0.000582
batch,r8937440-n43543,0,27670,1623559941,15,39.96,399.6,26820968,92453136,10,662.436247,0.000582
batch,r8937440-n43543,0,27680,1623559951,16,39.95,399.5,26829160,92453136,10,680.973033,0.000465
batch,r8937440-n43543,0,27690,1623559961,16,40.26,402.6,26835304,92453136,10,640.393386,0.000582
batch,r8937440-n43543,0,27700,1623559971,16,40.18,401.8,26843496,92453136,10,667.392451,0.000582
batch,r8937440-n43543,0,27710,1623559981,17,40.43,404.3,26849640,92453136,10,655.770419,0.000582
batch,r8937440-n43543,0,27720,1623559991,17,40,400,26857948,92453136,10,672.717601,0.000465
batch,r8937440-n43543,0,27730,1623560001,18,40.18,401.8,26864092,92453136,10,659.989033,0.000582
batch,r8937440-n43543,0,27740,1623560011,18,40.06,400.6,26870236,92453136,10,676.635808,0.000582
batch,r8937440-n43543,0,27750,1623560021,19,40.15,401.5,26878428,92453136,10,670.34214,0.000465
batch,r8937440-n43543,0,27760,1623560031,19,40.39,403.9,26884572,92453136,10,672.161588,0.000582
batch,r8937440-n43543,0,27770,1623560041,19,40.3,403,26892764,92453136,10,649.411905,0.000582
batch,r8937440-n43543,0,27780,1623560051,20,39.5,395,26898908,92453136,10,643.510888,0.000582
batch,r8937440-n43543,0,27790,1623560061,20,40.79,407.9,26907100,92453136,10,687.681592,0.000465
batch,r8937440-n43543,0,27800,1623560071,21,40.04,400.4,26937728,92518672,10,683.255035,0.000582
batch,r8937440-n43543,0,27810,1623560081,21,40.41,404.1,26945920,92518672,10,660.747499,0.000582
batch,r8937440-n43543,0,27820,1623560091,22,40.21,402.1,26963692,92518672,10,651.346282,0.000582
batch,r8937440-n43543,0,27830,1623560101,22,39.92,399.2,26971884,92518672,10,652.680346,0.000465
batch,r8937440-n43543,0,27840,1623560111,23,40.09,400.9,26978252,92518672,10,695.269512,0.000582
batch,r8937440-n43543,0,27850,1623560121,23,39.94,399.4,26986444,92518672,10,641.685822,0.000582
batch,r8937440-n43543,0,27860,1623560131,23,40.13,401.3,26992588,92518672,10,663.123569,0.000517
batch,r8937440-n43543,0,27870,1623560141,24,40.02,400.2,26999388,92518672,10,694.057009,0.00053
batch,r8937440-n43543,0,27880,1623560151,24,40.17,401.7,27007580,92518672,10,671.046437,0.000582
batch,r8937440-n43543,0,27890,1623560161,25,39.78,397.8,27013780,92518672,10,655.50845,0.000582
batch,r8937440-n43543,0,27900,1623560171,25,40.18,401.8,27021972,92518672,10,674.460168,0.000465
batch,r8937440-n43543,0,27910,1623560181,26,39.93,399.3,27031364,92518672,10,668.910036,0.000582
batch,r8937440-n43543,0,27920,1623560191,26,39.45,394.5,27039556,92518672,10,622.833963,0.000582
batch,r8937440-n43543,0,27930,1623560201,26,40.61,406.1,27045700,92518672,10,674.252797,0.000582
batch,r8937440-n43543,0,27940,1623560211,27,40.3,403,27053892,92518928,10,656.611283,0.000465
batch,r8937440-n43543,0,27950,1623560221,27,40.31,403.1,27060144,92518928,10,686.024937,0.000582
batch,r8937440-n43543,0,27960,1623560231,28,39.96,399.6,27068336,92518928,10,652.344058,0.000582
batch,r8937440-n43543,0,27970,1623560241,28,40.43,404.3,27074480,92518928,10,678.097737,0.000582
batch,r8937440-n43543,0,27980,1623560251,29,39.93,399.3,27082672,92518928,10,649.560456,0.000465
batch,r8937440-n43543,0,27990,1623560261,29,40.2,402,27088864,92518928,10,680.701609,0.000582
batch,r8937440-n43543,0,28000,1623560271,29,40.42,404.2,27097056,92518928,10,668.834772,0.000582
batch,r8937440-n43543,0,28010,1623560281,30,40,400,27103200,92518928,10,660.386045,0.000465
batch,r8937440-n43543,0,28020,1623560291,30,40.13,401.3,27109344,92518928,10,665.557439,0.000582
batch,r8937440-n43543,0,28030,1623560301,31,36.96,369.6,27117632,92518928,10,553.998361,0.000582
batch,r8937440-n43543,0,28040,1623560311,31,41.49,414.9,27123808,92518928,10,736.871816,0.000465
batch,r8937440-n43543,0,28050,1623560321,32,39.95,399.5,27132000,92518928,10,651.542112,0.000582
batch,r8937440-n43543,0,28060,1623560331,32,40.09,400.9,27138188,92518928,10,677.558585,0.000582
batch,r8937440-n43543,0,28070,1623560341,32,40.33,403.3,27146380,92518928,10,671.004299,0.000582
batch,r8937440-n43543,0,28080,1623560351,33,40.3,403,27152680,92518928,10,662.371512,0.000465
batch,r8937440-n43543,0,28090,1623560361,33,39.84,398.4,27158860,92518928,10,677.444119,0.000582
batch,r8937440-n43543,0,28100,1623560371,34,40.8,408,27167096,92518928,10,662.848768,0.000582
batch,r8937440-n43543,0,28110,1623560381,34,40.68,406.8,27173240,92518928,10,663.899825,0.000582
batch,r8937440-n43543,0,28120,1623560391,35,40.21,402.1,27181452,92518928,10,677.031953,0.000465
batch,r8937440-n43543,0,28130,1623560401,35,40.68,406.8,27187624,92518928,10,674.619024,0.000582
batch,r8937440-n43543,0,28140,1623560411,35,40.43,404.3,27195816,92518928,10,668.285585,0.000582
batch,r8937440-n43543,0,28150,1623560421,36,40.04,400.4,27201984,92518928,10,669.394485,0.000582
batch,r8937440-n43543,0,28160,1623560431,36,40.34,403.4,27210176,92518928,10,666.730875,0.000465
batch,r8937440-n43543,0,28170,1623560441,37,40.4,404,27216320,92518928,10,673.585551,0.000582
batch,r8937440-n43543,0,28180,1623560451,37,40.07,400.7,27224512,92518928,10,681.023787,0.000582
batch,r8937440-n43543,0,28190,1623560461,38,40.04,400.4,27230728,92518928,10,630.103948,0.000465
batch,r8937440-n43543,0,28200,1623560471,0,39.98,399.8,27238920,92518928,10,659.110946,0.000582
batch,r8937440-n43543,0,28210,1623560481,0,36.99,369.9,27245064,92518928,10,563.299209,0.000582
batch,r8937440-n43543,0,28220,1623560491,1,42.88,428.8,27253256,92518928,10,752.083648,0.000582
batch,r8937440-n43543,0,28230,1623560501,1,39.91,399.1,27259400,92518928,10,670.594779,0.000465
batch,r8937440-n43543,0,28240,1623560511,1,39.92,399.2,27267592,92518928,10,674.058119,0.000582
batch,r8937440-n43543,0,28250,1623560521,2,39.96,399.6,27273736,92518928,10,651.546356,0.000582
batch,r8937440-n43543,0,28260,1623560531,2,39.96,399.6,27279880,92518928,10,662.999862,0.000582
batch,r8937440-n43543,0,28270,1623560541,3,40.2,402,27288072,92518928,10,675.483599,0.000465
batch,r8937440-n43543,0,28280,1623560551,3,39.83,398.3,27294216,92518928,10,663.654745,0.000582
batch,r8937440-n43543,0,28290,1623560561,4,40.1,401,27302408,92518928,10,643.44648,0.000582
batch,r8937440-n43543,0,28300,1623560571,4,39.96,399.6,27308736,92518928,10,681.096798,0.000582
batch,r8937440-n43543,0,28310,1623560581,5,39.19,391.9,27316928,92518928,10,646.283082,0.000465
batch,r8937440-n43543,0,28320,1623560591,5,39.43,394.3,27323216,92518928,10,650.861345,0.000582
batch,r8937440-n43543,0,28330,1623560601,5,39.59,395.9,27331408,92518928,10,674.263645,0.000582
batch,r8937440-n43543,0,28340,1623560611,6,40.39,403.9,27337552,92518928,10,663.716636,0.000465
batch,r8937440-n43543,0,28350,1623560621,6,39.6,396,27345744,92518928,10,653.263893,0.000582
batch,r8937440-n43543,0,28360,1623560631,7,40.24,402.4,27351888,92518928,10,682.63554,0.000582
batch,r8937440-n43543,0,28370,1623560641,7,40.49,404.9,27358032,92518928,10,665.874147,0.000582
batch,r8937440-n43543,0,28380,1623560651,8,39.88,398.8,27366224,92518928,10,649.338063,0.000465
batch,r8937440-n43543,0,28390,1623560661,8,40.23,402.3,27372368,92518928,10,676.063414,0.000582
batch,r8937440-n43543,0,28400,1623560671,8,39.76,397.6,27380640,92518928,10,665.579226,0.000582
batch,r8937440-n43543,0,28410,1623560681,9,39.91,399.1,27386784,92518928,10,663.607387,0.000582
batch,r8937440-n43543,0,28420,1623560691,9,40.23,402.3,27394976,92518928,10,648.970155,0.000465
batch,r8937440-n43543,0,28430,1623560701,10,39.84,398.4,27401148,92518928,10,653.604975,0.000582
batch,r8937440-n43543,0,28440,1623560711,10,39.86,398.6,27409340,92518928,10,680.031798,0.000582
batch,r8937440-n43543,0,28450,1623560721,11,40.2,402,27415484,92518928,10,665.196724,0.000465
batch,r8937440-n43543,0,28460,1623560731,11,39.97,399.7,27423712,92518928,10,668.425447,0.000582
batch,r8937440-n43543,0,28470,1623560741,11,40.33,403.3,27430036,92518928,10,669.911797,0.000582
batch,r8937440-n43543,0,28480,1623560751,12,40.23,402.3,27438228,92518928,10,664.819308,0.000582
batch,r8937440-n43543,0,28490,1623560761,12,40.75,407.5,27444372,92518928,10,666.508121,0.000465
batch,r8937440-n43543,0,28500,1623560771,13,40.04,400.4,27452564,92518928,10,661.797209,0.000582
batch,r8937440-n43543,0,28510,1623560781,13,40.02,400.2,27458708,92518928,10,694.287602,0.000582
batch,r8937440-n43543,0,28520,1623560791,14,40.26,402.6,27464852,92518928,10,671.493579,0.000582
batch,r8937440-n43543,0,28530,1623560801,14,40.01,400.1,27473044,92518928,10,685.506598,0.000465
batch,r8937440-n43543,0,28540,1623560811,14,40.02,400.2,27479188,92518928,10,686.796073,0.000582
batch,r8937440-n43543,0,28550,1623560821,15,40.45,404.5,27487492,92518928,10,656.788278,0.000582
batch,r8937440-n43543,0,28560,1623560831,15,40.02,400.2,27493636,92518928,10,670.08405,0.000465
batch,r8937440-n43543,0,28570,1623560841,16,40.66,406.6,27501952,92518928,10,653.049885,0.000582
batch,r8937440-n43543,0,28580,1623560851,16,39.89,398.9,27508096,92518928,10,683.410162,0.000582
batch,r8937440-n43543,0,28590,1623560861,17,40.49,404.9,27516328,92518928,10,673.450957,0.000582
batch,r8937440-n43543,0,28600,1623560871,17,40.66,406.6,27522472,92518928,10,683.376268,0.000465
batch,r8937440-n43543,0,28610,1623560881,17,39.47,394.7,27530720,92518928,10,664.804683,0.000582
batch,r8937440-n43543,0,28620,1623560891,18,39.53,395.3,27536968,92518928,10,629.543261,0.000582
batch,r8937440-n43543,0,28630,1623560901,18,41.59,415.9,27545160,92518928,10,705.388756,0.000582
batch,r8937440-n43543,0,28640,1623560911,19,40.13,401.3,27551304,92518928,10,663.269294,0.000465
batch,r8937440-n43543,0,28650,1623560921,19,40.17,401.7,27559552,92518928,10,677.334524,0.000582
batch,r8937440-n43543,0,28660,1623560931,20,40.25,402.5,27565696,92518928,10,650.081639,0.000582
batch,r8937440-n43543,0,28670,1623560941,20,39.96,399.6,27571864,92518928,10,654.420929,0.000582
batch,r8937440-n43543,0,28680,1623560951,20,39.3,393,27580056,92518928,10,617.196479,0.000465
batch,r8937440-n43543,0,28690,1623560961,21,40.01,400.1,27586232,92518928,10,675.207185,0.000582
batch,r8937440-n43543,0,28700,1623560971,21,40.11,401.1,27594424,92518928,10,672.243855,0.000582
batch,r8937440-n43543,0,28710,1623560981,22,39.93,399.3,27600596,92518928,10,675.122164,0.000465
batch,r8937440-n43543,0,28720,1623560991,22,39.94,399.4,27608788,92518928,10,661.231068,0.000582
batch,r8937440-n43543,0,28730,1623561001,23,40.11,401.1,27615000,92518928,10,679.894141,0.000582
batch,r8937440-n43543,0,28740,1623561011,23,40,400,27623192,92518928,10,653.095138,0.000582
batch,r8937440-n43543,0,28750,1623561021,23,39.97,399.7,27629336,92518928,10,662.923938,0.000465
batch,r8937440-n43543,0,28760,1623561031,24,39.89,398.9,27637528,92518928,10,664.33784,0.000582
batch,r8937440-n43543,0,28770,1623561041,24,39.77,397.7,27643672,92518928,10,667.088143,0.000582
batch,r8937440-n43543,0,28780,1623561051,25,40.21,402.1,27649816,92518928,10,667.731061,0.000582
batch,r8937440-n43543,0,28790,1623561061,25,40.59,405.9,27658008,92518928,10,660.514006,0.000465
batch,r8937440-n43543,0,28800,1623561071,25,40.09,400.9,27664152,92518928,10,676.082577,0.000582
batch,r8937440-n43543,0,28810,1623561081,26,40.14,401.4,27672344,92518928,10,676.451457,0.000582
batch,r8937440-n43543,0,28820,1623561091,26,39.92,399.2,27678488,92518928,10,664.509885,0.000465
batch,r8937440-n43543,0,28830,1623561101,27,39.93,399.3,27686680,92518928,10,650.253236,0.000582
batch,r8937440-n43543,0,28840,1623561111,27,40.38,403.8,27692824,92518928,10,659.394966,0.000582
batch,r8937440-n43543,0,28850,1623561121,28,40.2,402,27701016,92518928,10,671.586263,0.000582
batch,r8937440-n43543,0,28860,1623561131,28,39.89,398.9,27707160,92518928,10,660.727128,0.000465
batch,r8937440-n43543,0,28870,1623561141,28,39.95,399.5,27715352,92518928,10,687.797218,0.000582
batch,r8937440-n43543,0,28880,1623561151,29,40.42,404.2,27721496,92518928,10,673.01262,0.000582
batch,r8937440-n43543,0,28890,1623561161,29,40.56,405.6,27729904,92518928,10,661.819455,0.000465
batch,r8937440-n43543,0,28900,1623561171,30,39.79,397.9,27736048,92518928,10,673.173312,0.000582
batch,r8937440-n43543,0,28910,1623561181,30,40.1,401,27742192,92518928,10,656.834646,0.000582
batch,r8937440-n43543,0,28920,1623561191,30,39.79,397.9,27720748,92453392,10,682.550698,0.000582
batch,r8937440-n43543,0,28930,1623561201,31,40.44,404.4,27727104,92453392,10,685.312805,0.000465
batch,r8937440-n43543,0,28940,1623561211,31,39.95,399.5,27735296,92453392,10,664.91203,0.000582
batch,r8937440-n43543,0,28950,1623561221,32,40.25,402.5,27741492,92453392,10,667.109779,0.000582
batch,r8937440-n43543,0,28960,1623561231,32,40.2,402,27749684,92453392,10,641.827516,0.000582
batch,r8937440-n43543,0,28970,1623561241,33,40.11,401.1,27755828,92453392,10,657.234198,0.000465
batch,r8937440-n43543,0,28980,1623561251,33,39.78,397.8,27764020,92453392,10,665.877533,0.000582
batch,r8937440-n43543,0,28990,1623561261,33,40.05,400.5,27770196,92453392,10,669.550705,0.000582
batch,r8937440-n43543,0,29000,1623561271,34,40.26,402.6,27778388,92453392,10,655.074576,0.000582
batch,r8937440-n43543,0,29010,1623561281,34,39.86,398.6,27784668,92453392,10,673.637811,0.000465
batch,r8937440-n43543,0,29020,1623561291,35,40.36,403.6,27792860,92453392,10,671.82757,0.000582
batch,r8937440-n43543,0,29030,1623561301,35,40.02,400.2,27799004,92453392,10,666.543012,0.000582
batch,r8937440-n43543,0,29040,1623561311,35,40.12,401.2,27807196,92453392,10,694.032012,0.000582
batch,r8937440-n43543,0,29050,1623561321,36,40.25,402.5,27813388,92453392,10,652.636106,0.000465
batch,r8937440-n43543,0,29060,1623561331,36,39.79,397.9,27819580,92453392,10,660.589069,0.000582
batch,r8937440-n43543,0,29070,1623561341,0,39.97,399.7,27827772,92453392,10,650.164978,0.000582
batch,r8937440-n43543,0,29080,1623561351,0,40.74,407.4,27833916,92453392,10,702.729348,0.000465
batch,r8937440-n43543,0,29090,1623561361,0,34.03,340.3,27840060,92453392,10,492.230327,0.000582
batch,r8937440-n43543,0,29100,1623561371,1,34.2,342,27846204,92453392,10,579.755874,0.000349
batch,r8937440-n43543,0,29110,1623561381,1,39.92,399.2,27852348,92453392,10,664.706491,0.000582
batch,r8937440-n43543,0,29120,1623561391,2,39.99,399.9,27860604,92453392,10,689.642175,0.000582
batch,r8937440-n43543,0,29130,1623561401,2,40.26,402.6,27866880,92453392,10,663.919331,0.000465
batch,r8937440-n43543,0,29140,1623561411,2,40.09,400.9,27875072,92453392,10,675.062238,0.000582
batch,r8937440-n43543,0,29150,1623561421,3,40.35,403.5,27881216,92453392,10,660.896684,0.000582
batch,r8937440-n43543,0,29160,1623561431,3,40.02,400.2,27889460,92453392,10,662.001012,0.000465
batch,r8937440-n43543,0,29170,1623561441,4,40.12,401.2,27895696,92453392,10,667.481581,0.000582
batch,r8937440-n43543,0,29180,1623561451,4,39.65,396.5,27903888,92453392,10,669.131886,0.000582
batch,r8937440-n43543,0,29190,1623561461,5,40.18,401.8,27910032,92453392,10,681.043553,0.000582
batch,r8937440-n43543,0,29200,1623561471,5,37.15,371.5,27916240,92453392,10,565.182226,0.000465
batch,r8937440-n43543,0,29210,1623561481,5,40.95,409.5,27924460,92453392,10,715.472541,0.000582
batch,r8937440-n43543,0,29220,1623561491,6,39.81,398.1,27930604,92453392,10,661.296752,0.000582
batch,r8937440-n43543,0,29230,1623561501,6,39.88,398.8,27938816,92453392,10,651.584026,0.000465
batch,r8937440-n43543,0,29240,1623561511,7,39.7,397,27944960,92453392,10,657.708004,0.000582
batch,r8937440-n43543,0,29250,1623561521,7,36.81,368.1,27951104,92453392,10,581.014964,0.000465
batch,r8937440-n43543,0,29260,1623561531,7,40.06,400.6,27959296,92453392,10,653.212396,0.000582
batch,r8937440-n43543,0,29270,1623561541,8,39.59,395.9,27965440,92453392,10,660.099236,0.000582
batch,r8937440-n43543,0,29280,1623561551,8,40.15,401.5,27973732,92453392,10,675.607087,0.000465
batch,r8937440-n43543,0,29290,1623561561,9,40.17,401.7,27979876,92453392,10,659.251692,0.000582
batch,r8937440-n43543,0,29300,1623561571,9,39.76,397.6,27988068,92453392,10,687.994301,0.000582
batch,r8937440-n43543,0,29310,1623561581,9,39.13,391.3,27994212,92453392,10,643.830627,0.000582
batch,r8937440-n43543,0,29320,1623561591,10,40.8,408,28002404,92453392,10,681.79542,0.000465
batch,r8937440-n43543,0,29330,1623561601,10,40.14,401.4,28008548,92453392,10,662.626423,0.000582
batch,r8937440-n43543,0,29340,1623561611,11,40.04,400.4,28014692,92453392,10,669.75511,0.000582
batch,r8937440-n43543,0,29350,1623561621,11,39.82,398.2,28022884,92453392,10,659.776721,0.000582
batch,r8937440-n43543,0,29360,1623561631,12,40.03,400.3,28029028,92453392,10,658.470142,0.000465
batch,r8937440-n43543,0,29370,1623561641,12,40.2,402,28037220,92453392,10,671.984541,0.000582
batch,r8937440-n43543,0,29380,1623561651,12,40.22,402.2,28043364,92453392,10,667.802075,0.000582
batch,r8937440-n43543,0,29390,1623561661,13,39.91,399.1,28051556,92453392,10,678.803819,0.000465
batch,r8937440-n43543,0,29400,1623561671,13,39.74,397.4,28057892,92453392,10,656.886201,0.000582
batch,r8937440-n43543,0,29410,1623561681,14,39.79,397.9,28066084,92453392,10,651.399152,0.000582
batch,r8937440-n43543,0,29420,1623561691,14,39.56,395.6,28072228,92453392,10,657.559593,0.000582
batch,r8937440-n43543,0,29430,1623561701,14,39.79,397.9,28080420,92453392,10,652.249398,0.000465
batch,r8937440-n43543,0,29440,1623561711,15,40.09,400.9,28086564,92453392,10,662.285757,0.000582
batch,r8937440-n43543,0,29450,1623561721,15,39.81,398.1,28094756,92453392,10,650.338852,0.000582
batch,r8937440-n43543,0,29460,1623561731,16,40.11,401.1,28100900,92453392,10,643.948937,0.000582
batch,r8937440-n43543,0,29470,1623561741,16,40.38,403.8,28107264,92453392,10,657.890502,0.000465
batch,r8937440-n43543,0,29480,1623561751,17,40.13,401.3,28115460,92453392,10,692.289997,0.000582
batch,r8937440-n43543,0,29490,1623561761,17,38.61,386.1,28121604,92453392,10,651.987004,0.000582
batch,r8937440-n43543,0,29500,1623561771,17,41.88,418.8,28129796,92453392,10,688.907838,0.000465
batch,r8937440-n43543,0,29510,1623561781,18,40.54,405.4,28135940,92453392,10,655.600224,0.000582
batch,r8937440-n43543,0,29520,1623561791,18,39.65,396.5,28144260,92453392,10,666.276871,0.000582
batch,r8937440-n43543,0,29530,1623561801,19,39.91,399.1,28150404,92453392,10,673.563718,0.000582
batch,r8937440-n43543,0,29540,1623561811,19,39.94,399.4,28158656,92453392,10,660.178004,0.000465
batch,r8937440-n43543,0,29550,1623561821,19,40.23,402.3,28164800,92453392,10,671.467683,0.000582
batch,r8937440-n43543,0,29560,1623561831,20,39.89,398.9,28172992,92453392,10,648.111528,0.000582
batch,r8937440-n43543,0,29570,1623561841,20,40.03,400.3,28179136,92453392,10,666.383326,0.000582
batch,r8937440-n43543,0,29580,1623561851,21,40,400,28187380,92453392,10,646.039742,0.000465
batch,r8937440-n43543,0,29590,1623561861,21,40.18,401.8,28193524,92453392,10,643.542308,0.000582
batch,r8937440-n43543,0,29600,1623561871,21,39.67,396.7,28199668,92453392,10,662.170219,0.000582
batch,r8937440-n43543,0,29610,1623561881,22,40.01,400.1,28207860,92453392,10,666.201272,0.000465
batch,r8937440-n43543,0,29620,1623561891,22,40.16,401.6,28214112,92453392,10,677.80658,0.000582
batch,r8937440-n43543,0,29630,1623561901,23,40.05,400.5,28222304,92453392,10,651.341733,0.000582
batch,r8937440-n43543,0,29640,1623561911,23,39.84,398.4,28228540,92453392,10,661.232829,0.000582
batch,r8937440-n43543,0,29650,1623561921,24,39.78,397.8,28236732,92453392,10,660.181798,0.000465
batch,r8937440-n43543,0,29660,1623561931,24,40.01,400.1,28242876,92453392,10,678.976043,0.000582
batch,r8937440-n43543,0,29670,1623561941,24,40.18,401.8,28251068,92453392,10,668.951163,0.000582
batch,r8937440-n43543,0,29680,1623561951,25,39.83,398.3,28257280,92453392,10,657.342103,0.000582
batch,r8937440-n43543,0,29690,1623561961,25,40.08,400.8,28265524,92453392,10,680.876688,0.000465
batch,r8937440-n43543,0,29700,1623561971,26,40.56,405.6,28271748,92453392,10,647.600675,0.000582
batch,r8937440-n43543,0,29710,1623561981,26,40.2,402,28279940,92453392,10,652.572025,0.000582
batch,r8937440-n43543,0,29720,1623561991,26,40.09,400.9,28286092,92453392,10,672.761505,0.000582
batch,r8937440-n43543,0,29730,1623562001,27,37.29,372.9,28292268,92453392,10,565.109483,0.000465
batch,r8937440-n43543,0,29740,1623562011,27,42.74,427.4,28300464,92453392,10,754.528383,0.000582
batch,r8937440-n43543,0,29750,1623562021,28,34.94,349.4,28306608,92453392,10,538.867003,0.000465
batch,r8937440-n43543,0,29760,1623562031,28,40.15,401.5,28312812,92453392,10,676.531039,0.000582
batch,r8937440-n43543,0,29770,1623562041,28,40.36,403.6,28321020,92453392,10,666.671605,0.000465
batch,r8937440-n43543,0,29780,1623562051,29,39.99,399.9,28327164,92453392,10,655.716548,0.000582
batch,r8937440-n43543,0,29790,1623562061,29,40.26,402.6,28335356,92453392,10,673.956243,0.000582
batch,r8937440-n43543,0,29800,1623562071,30,39.76,397.6,28341500,92453392,10,646.064481,0.000582
batch,r8937440-n43543,0,29810,1623562081,30,40.02,400.2,28349692,92453392,10,643.049606,0.000465
batch,r8937440-n43543,0,29820,1623562091,30,39.8,398,28355836,92453392,10,663.96733,0.000582
batch,r8937440-n43543,0,29830,1623562101,31,40.29,402.9,28364028,92453392,10,646.51199,0.000582
batch,r8937440-n43543,0,29840,1623562111,31,39.67,396.7,28370172,92453392,10,682.09012,0.000582
batch,r8937440-n43543,0,29850,1623562121,32,40.6,406,28376316,92453392,10,657.965903,0.000465
batch,r8937440-n43543,0,29860,1623562131,32,40.09,400.9,28384664,92453392,10,651.135127,0.000582
batch,r8937440-n43543,0,29870,1623562141,32,39.85,398.5,28390808,92453392,10,647.505448,0.000582
batch,r8937440-n43543,0,29880,1623562151,33,40.24,402.4,28399000,92453392,10,673.929384,0.000465
batch,r8937440-n43543,0,29890,1623562161,33,40.31,403.1,28405144,92453392,10,673.254717,0.000582
batch,r8937440-n43543,0,29900,1623562171,34,38.31,383.1,28413336,92453392,10,626.007436,0.000582
batch,r8937440-n43543,0,29910,1623562181,34,41.42,414.2,28419500,92453392,10,694.836002,0.000465
batch,r8937440-n43543,0,29920,1623562191,34,40.06,400.6,28454164,92518928,10,648.506282,0.000582
batch,r8937440-n43543,0,29930,1623562201,35,33.6,336,28458260,92518928,10,482.794382,0.000465
batch,r8937440-n43543,0,29940,1623562211,35,32.71,327.1,28464404,92518928,10,519.220023,0.000349
batch,r8937440-n43543,0,29950,1623562221,35,39.91,399.1,28470548,92518928,10,657.171892,0.000582
batch,r8937440-n43543,0,29960,1623562231,0,40.26,402.6,28478740,92518928,10,668.073436,0.000582
batch,r8937440-n43543,0,29970,1623562241,0,40.43,404.3,28484884,92518928,10,648.28833,0.000582
batch,r8937440-n43543,0,29980,1623562251,1,40.02,400.2,28493076,92518928,10,658.194228,0.000465
batch,r8937440-n43543,0,29990,1623562261,1,40.09,400.9,28499220,92518928,10,664.875616,0.000582
batch,r8937440-n43543,0,30000,1623562271,1,38.14,381.4,28505364,92518928,10,612.948339,0.000465
batch,r8937440-n43543,0,30010,1623562281,2,40.11,401.1,28513556,92518928,10,667.050476,0.000582
batch,r8937440-n43543,0,30020,1623562291,2,39.92,399.2,28519700,92518928,10,654.056489,0.000582
batch,r8937440-n43543,0,30030,1623562301,3,38.7,387,28528060,92518928,10,635.570866,0.000465
batch,r8937440-n43543,0,30040,1623562311,3,40.56,405.6,28534204,92518928,10,658.260233,0.000582
batch,r8937440-n43543,0,30050,1623562321,3,40.03,400.3,28540348,92518928,10,647.220552,0.000582
batch,r8937440-n43543,0,30060,1623562331,4,40.13,401.3,28548540,92518928,10,659.478913,0.000582
batch,r8937440-n43543,0,30070,1623562341,4,35.24,352.4,28554684,92518928,10,505.574508,0.000465
batch,r8937440-n43543,0,30080,1623562351,5,39.23,392.3,28561064,92518928,10,685.946215,0.000465
batch,r8937440-n43543,0,30090,1623562361,5,40.07,400.7,28569256,92518928,10,671.988681,0.000582
batch,r8937440-n43543,0,30100,1623562371,5,40.2,402,28575400,92518928,10,668.572021,0.000465
batch,r8937440-n43543,0,30110,1623562381,6,26.3,263,28579500,92518928,10,332.000154,0.000349
batch,r8937440-n43543,0,30120,1623562391,6,43.1,431,28587892,92518928,10,725.890731,0.000582
batch,r8937440-n43543,0,30130,1623562401,7,39.83,398.3,28594036,92518928,10,658.072218,0.000582
batch,r8937440-n43543,0,30140,1623562411,7,38.28,382.8,28600180,92518928,10,599.562834,0.000465
batch,r8937440-n43543,0,30150,1623562421,7,38.32,383.2,28608372,92518928,10,667.559829,0.000582
batch,r8937440-n43543,0,30160,1623562431,8,37.38,373.8,28614516,92518928,10,578.776611,0.000465
batch,r8937440-n43543,0,30170,1623562441,8,35.15,351.5,28618612,92518928,10,526.694754,0.000465
batch,r8937440-n43543,0,30180,1623562451,9,43.22,432.2,28626804,92518928,10,758.732056,0.000582
batch,r8937440-n43543,0,30190,1623562461,9,40.24,402.4,28634996,92518928,10,676.237282,0.000582
batch,r8937440-n43543,0,30200,1623562471,9,40.06,400.6,28641280,92518928,10,658.681102,0.000465
batch,r8937440-n43543,0,30210,1623562481,10,40.17,401.7,28649472,92518928,10,660.795655,0.000582
batch,r8937440-n43543,0,30220,1623562491,10,40.39,403.9,28655644,92518928,10,665.729746,0.000582
batch,r8937440-n43543,0,30230,1623562501,10,33.47,334.7,28661932,92518928,10,463.793138,0.000465
batch,r8937440-n43543,0,30240,1623562511,11,42.22,422.2,28668088,92519184,10,738.449502,0.000465
batch,r8937440-n43543,0,30250,1623562521,11,39.97,399.7,28676332,92519184,10,644.649919,0.000582
batch,r8937440-n43543,0,30260,1623562531,12,40.28,402.8,28682476,92519184,10,669.54476,0.000582
batch,r8937440-n43543,0,30270,1623562541,12,40.18,401.8,28690668,92519184,10,647.425988,0.000582
batch,r8937440-n43543,0,30280,1623562551,13,36.73,367.3,28696840,92519184,10,554.183099,0.000465
batch,r8937440-n43543,0,30290,1623562561,13,43.03,430.3,28705032,92519184,10,744.48259,0.000582
batch,r8937440-n43543,0,30300,1623562571,13,40.28,402.8,28711224,92519184,10,658.474552,0.000582
batch,r8937440-n43543,0,30310,1623562581,14,39.86,398.6,28719416,92519184,10,671.669484,0.000465
batch,r8937440-n43543,0,30320,1623562591,14,40.23,402.3,28725656,92519184,10,656.60647,0.000582
batch,r8937440-n43543,0,30330,1623562601,15,40.24,402.4,28733848,92519184,10,664.010582,0.000582
batch,r8937440-n43543,0,30340,1623562611,15,40.18,401.8,28739992,92519184,10,659.061828,0.000582
batch,r8937440-n43543,0,30350,1623562621,15,39.97,399.7,28746136,92519184,10,662.083658,0.000465
batch,r8937440-n43543,0,30360,1623562631,16,40.16,401.6,28754328,92519184,10,672.075719,0.000582
batch,r8937440-n43543,0,30370,1623562641,16,40.04,400.4,28760472,92519184,10,658.659257,0.000582
batch,r8937440-n43543,0,30380,1623562651,17,40.07,400.7,28768664,92519184,10,676.38245,0.000465
batch,r8937440-n43543,0,30390,1623562661,17,40.43,404.3,28774808,92519184,10,678.282034,0.000582
batch,r8937440-n43543,0,30400,1623562671,17,40.37,403.7,28783080,92519184,10,668.67281,0.000582
batch,r8937440-n43543,0,30410,1623562681,18,39.92,399.2,28789224,92519184,10,616.082425,0.000582
batch,r8937440-n43543,0,30420,1623562691,18,40.94,409.4,28797416,92519184,10,681.210581,0.000465
batch,r8937440-n43543,0,30430,1623562701,19,40.07,400.7,28803560,92519184,10,679.624907,0.000582
batch,r8937440-n43543,0,30440,1623562711,19,40.15,401.5,28811752,92519184,10,656.720151,0.000582
batch,r8937440-n43543,0,30450,1623562721,19,38.94,389.4,28817896,92519184,10,609.040588,0.000582
batch,r8937440-n43543,0,30460,1623562731,20,36.8,368,28824040,92519184,10,609.901684,0.000465
batch,r8937440-n43543,0,30470,1623562741,20,40.45,404.5,28830184,92519184,10,679.427313,0.000465
batch,r8937440-n43543,0,30480,1623562751,21,40.41,404.1,28838376,92519184,10,664.95302,0.000582
batch,r8937440-n43543,0,30490,1623562761,21,37.85,378.5,28844520,92519184,10,605.744226,0.000582
batch,r8937440-n43543,0,30500,1623562771,21,42.08,420.8,28852712,92519184,10,712.463126,0.000465
batch,r8937440-n43543,0,30510,1623562781,22,40.46,404.6,28858856,92519184,10,643.692456,0.000582
batch,r8937440-n43543,0,30520,1623562791,22,40,400,28867048,92519184,10,653.983016,0.000582
batch,r8937440-n43543,0,30530,1623562801,23,40.14,401.4,28846996,92453648,10,693.483367,0.000582
batch,r8937440-n43543,0,30540,1623562811,23,40.2,402,28855188,92453648,10,650.045416,0.000465
batch,r8937440-n43543,0,30550,1623562821,23,36.55,365.5,28861332,92453648,10,575.211996,0.000465
batch,r8937440-n43543,0,30560,1623562831,24,40.07,400.7,28867476,92453648,10,675.710701,0.000582
batch,r8937440-n43543,0,30570,1623562841,24,40.29,402.9,28838168,92388112,10,654.227672,0.000582
batch,r8937440-n43543,0,30580,1623562851,24,40.26,402.6,28846360,92388112,10,667.297242,0.000465
batch,r8937440-n43543,0,30590,1623562861,25,40.48,404.8,28852504,92388112,10,686.101457,0.000582
batch,r8937440-n43543,0,30600,1623562871,25,40.66,406.6,28860696,92388112,10,655.006104,0.000582
batch,r8937440-n43543,0,30610,1623562881,26,40.24,402.4,28866840,92388112,10,655.084082,0.000582
batch,r8937440-n43543,0,30620,1623562891,26,39.01,390.1,28875160,92388112,10,608.145994,0.000465
batch,r8937440-n43543,0,30630,1623562901,26,40.44,404.4,28881304,92388112,10,674.098496,0.000582
batch,r8937440-n43543,0,30640,1623562911,27,40.17,401.7,28889588,92388112,10,690.582837,0.000582
batch,r8937440-n43543,0,30650,1623562921,27,40.83,408.3,28895732,92388112,10,658.985079,0.000465
batch,r8937440-n43543,0,30660,1623562931,28,38.95,389.5,28901876,92388112,10,601.694581,0.000582
batch,r8937440-n43543,0,30670,1623562941,28,41.71,417.1,28910068,92388112,10,706.687479,0.000582
batch,r8937440-n43543,0,30680,1623562951,28,40.09,400.9,28916292,92388112,10,668.904522,0.000582
batch,r8937440-n43543,0,30690,1623562961,29,28.6,286,28881356,92322576,10,370.224138,0.000349
batch,r8937440-n43543,0,30700,1623562971,29,33.87,338.7,28887500,92322576,10,511.815475,0.000465
batch,r8937440-n43543,0,30710,1623562981,29,40.29,402.9,28895692,92322576,10,693.808286,0.000465
batch,r8937440-n43543,0,30720,1623562991,30,31.63,316.3,28899788,92322576,10,430.157824,0.000465
batch,r8937440-n43543,0,30730,1623563001,30,39.64,396.4,28906032,92322576,10,691.41382,0.000465
batch,r8937440-n43543,0,30740,1623563011,31,40.12,401.2,28914224,92322576,10,688.587923,0.000582
batch,r8937440-n43543,0,30750,1623563021,31,40.44,404.4,28920368,92322576,10,655.814278,0.000465
batch,r8937440-n43543,0,30760,1623563031,31,40.59,405.9,28928580,92322576,10,697.321342,0.000582
batch,r8937440-n43543,0,30770,1623563041,32,40.46,404.6,28934836,92322576,10,672.39128,0.000582
batch,r8937440-n43543,0,30780,1623563051,32,38.38,383.8,28941012,92322576,10,580.319235,0.000465
batch,r8937440-n43543,0,30790,1623563061,33,42.45,424.5,28949232,92322576,10,742.414224,0.000582
batch,r8937440-n43543,0,30800,1623563071,33,40.14,401.4,28957428,92322576,10,667.914832,0.000582
batch,r8937440-n43543,0,30810,1623563081,33,40.46,404.6,28963572,92322576,10,693.589292,0.000582
batch,r8937440-n43543,0,30820,1623563091,34,40.44,404.4,28971764,92322576,10,678.145501,0.000465
batch,r8937440-n43543,0,30830,1623563101,34,40.18,401.8,28978012,92322576,10,675.140772,0.000582
batch,r8937440-n43543,0,30840,1623563111,34,40.43,404.3,28984156,92322576,10,681.061131,0.000582
batch,r8937440-n43543,0,30850,1623563121,0,39.87,398.7,28992368,92322576,10,622.850554,0.000465
batch,r8937440-n43543,0,30860,1623563131,0,38.33,383.3,28998512,92322576,10,626.989953,0.000582
batch,r8937440-n43543,0,30870,1623563141,1,40.18,401.8,29006704,92322576,10,655.397079,0.000465
batch,r8937440-n43543,0,30880,1623563151,1,40.05,400.5,29012848,92322576,10,684.39509,0.000582
batch,r8937440-n43543,0,30890,1623563161,1,40.16,401.6,29018992,92322576,10,665.225545,0.000582
batch,r8937440-n43543,0,30900,1623563171,2,40.48,404.8,29027252,92322576,10,685.650547,0.000582
batch,r8937440-n43543,0,30910,1623563181,2,40.43,404.3,29033396,92322576,10,672.361642,0.000465
batch,r8937440-n43543,0,30920,1623563191,3,39.91,399.1,29041672,92322576,10,661.906791,0.000582
batch,r8937440-n43543,0,30930,1623563201,3,40.28,402.8,29047816,92322576,10,675.318581,0.000582
batch,r8937440-n43543,0,30940,1623563211,3,40.07,400.7,29056008,92322576,10,652.575525,0.000582
batch,r8937440-n43543,0,30950,1623563221,4,28.7,287,29060104,92322576,10,405.814832,0.000233
batch,r8937440-n43543,0,30960,1623563231,4,29.95,299.5,29064200,92322576,10,399.715836,0.000465
batch,r8937440-n43543,0,30970,1623563241,4,37.47,374.7,29070344,92322576,10,641.275061,0.000465
batch,r8937440-n43543,0,30980,1623563251,5,40.34,403.4,29078536,92322576,10,668.202205,0.000582
batch,r8937440-n43543,0,30990,1623563261,5,39.91,399.1,29084680,92322576,10,650.349671,0.000465
batch,r8937440-n43543,0,31000,1623563271,6,40.51,405.1,29092872,92322576,10,687.672983,0.000582
batch,r8937440-n43543,0,31010,1623563281,6,40.2,402,29099016,92322576,10,661.233027,0.000582
batch,r8937440-n43543,0,31020,1623563291,6,40.29,402.9,29107208,92322576,10,652.47965,0.000465
batch,r8937440-n43543,0,31030,1623563301,7,39.77,397.7,29113352,92322576,10,678.875832,0.000582
batch,r8937440-n43543,0,31040,1623563311,7,40.21,402.1,29119496,92322576,10,655.122023,0.000582
batch,r8937440-n43543,0,31050,1623563321,8,40.02,400.2,29127688,92322576,10,661.538629,0.000582
batch,r8937440-n43543,0,31060,1623563331,8,39.81,398.1,29133832,92322576,10,674.159919,0.000465
batch,r8937440-n43543,0,31070,1623563341,8,32.99,329.9,29139976,92322576,10,463.025502,0.000465
batch,r8937440-n43543,0,31080,1623563351,8,20.3,203,29142024,92322576,10,256.500103,0.000233
batch,r8937440-n43543,0,31090,1623563361,9,43.67,436.7,29150424,92322576,10,739.818384,0.000582
batch,r8937440-n43543,0,31100,1623563371,9,39.71,397.1,29156568,92322576,10,664.514695,0.000465
batch,r8937440-n43543,0,31110,1623563381,10,40.51,405.1,29164780,92322576,10,697.324661,0.000582
batch,r8937440-n43543,0,31120,1623563391,10,39.98,399.8,29171148,92322576,10,670.927937,0.000582
batch,r8937440-n43543,0,31130,1623563401,10,40.34,403.4,29179340,92322576,10,678.751837,0.000582
batch,r8937440-n43543,0,31140,1623563411,11,39,390,29185484,92322576,10,610.957462,0.000465
batch,r8937440-n43543,0,31150,1623563421,11,26.51,265.1,29189580,92322576,10,347.250154,0.000349
batch,r8937440-n43543,0,31160,1623563431,12,43.76,437.6,29197812,92322576,10,759.831162,0.000582
batch,r8937440-n43543,0,31170,1623563441,12,40.23,402.3,29203956,92322576,10,665.442663,0.000582
batch,r8937440-n43543,0,31180,1623563451,12,40.42,404.2,29212148,92322576,10,690.987594,0.000465
batch,r8937440-n43543,0,31190,1623563461,13,40.12,401.2,29218292,92322576,10,661.688645,0.000582
batch,r8937440-n43543,0,31200,1623563471,13,39.96,399.6,29226484,92322576,10,674.325428,0.000582
batch,r8937440-n43543,0,31210,1623563481,14,40.6,406,29232724,92322576,10,661.802645,0.000582
batch,r8937440-n43543,0,31220,1623563491,14,40.32,403.2,29240988,92322576,10,656.013824,0.000465
batch,r8937440-n43543,0,31230,1623563501,14,40.13,401.3,29247132,92322576,10,674.709941,0.000582
batch,r8937440-n43543,0,31240,1623563511,15,40.33,403.3,29255324,92322576,10,655.931105,0.000582
batch,r8937440-n43543,0,31250,1623563521,15,40.28,402.8,29261468,92322576,10,655.749897,0.000582
batch,r8937440-n43543,0,31260,1623563531,15,37.71,377.1,29267612,92322576,10,594.000165,0.000465
batch,r8937440-n43543,0,31270,1623563541,16,40.22,402.2,29275804,92322576,10,653.253304,0.000582
batch,r8937440-n43543,0,31280,1623563551,16,39.88,398.8,29282016,92322576,10,660.543687,0.000465
batch,r8937440-n43543,0,31290,1623563561,17,40.18,401.8,29290208,92322576,10,668.605428,0.000582
batch,r8937440-n43543,0,31300,1623563571,17,40.26,402.6,29296352,92322576,10,670.889653,0.000582
batch,r8937440-n43543,0,31310,1623563581,17,40.19,401.9,29302624,92322576,10,646.782357,0.000465
batch,r8937440-n43543,0,31320,1623563591,18,40.74,407.4,29310912,92322576,10,670.025204,0.000582
batch,r8937440-n43543,0,31330,1623563601,18,40.49,404.9,29317056,92322576,10,674.604277,0.000582
batch,r8937440-n43543,0,31340,1623563611,19,32.78,327.8,29323200,92322576,10,469.253019,0.000465
batch,r8937440-n43543,0,31350,1623563621,19,35.24,352.4,29329396,92322576,10,577.300478,0.000349
batch,r8937440-n43543,0,31360,1623563631,19,40.35,403.5,29335540,92322576,10,663.790854,0.000582
batch,r8937440-n43543,0,31370,1623563641,20,39.91,399.1,29343744,92322576,10,672.299375,0.000582
batch,r8937440-n43543,0,31380,1623563651,20,40.17,401.7,29349932,92322576,10,657.652373,0.000582
batch,r8937440-n43543,0,31390,1623563661,20,40.34,403.4,29358164,92322576,10,680.64062,0.000465
batch,r8937440-n43543,0,31400,1623563671,21,40.48,404.8,29364308,92322576,10,681.82727,0.000582
batch,r8937440-n43543,0,31410,1623563681,21,40.64,406.4,29372500,92322576,10,672.098171,0.000582
batch,r8937440-n43543,0,31420,1623563691,22,39.88,398.8,29378644,92322576,10,665.835701,0.000582
batch,r8937440-n43543,0,31430,1623563701,22,34.42,344.2,29384788,92322576,10,517.879837,0.000465
batch,r8937440-n43543,0,31440,1623563711,22,41.98,419.8,29390932,92322576,10,685.908985,0.000465
batch,r8937440-n43543,0,31450,1623563721,23,39.5,395,29399184,92322576,10,632.613137,0.000582
batch,r8937440-n43543,0,31460,1623563731,23,31.84,318.4,29403280,92322576,10,481.844326,0.000349
batch,r8937440-n43543,0,31470,1623563741,23,40.45,404.5,29411472,92322576,10,689.859949,0.000582
batch,r8937440-n43543,0,31480,1623563751,24,40.56,405.6,29417616,92322576,10,656.909795,0.000582
batch,r8937440-n43543,0,31490,1623563761,24,40.22,402.2,29425808,92322576,10,663.132096,0.000582
batch,r8937440-n43543,0,31500,1623563771,25,40.31,403.1,29431952,92322576,10,654.673607,0.000465
batch,r8937440-n43543,0,31510,1623563781,25,40.21,402.1,29440144,92322576,10,673.501468,0.000582
batch,r8937440-n43543,0,31520,1623563791,25,40.59,405.9,29446288,92322576,10,669.963672,0.000582
batch,r8937440-n43543,0,31530,1623563801,26,39.87,398.7,29454480,92322576,10,653.395632,0.000465
batch,r8937440-n43543,0,31540,1623563811,26,40.36,403.6,29460624,92322576,10,669.312516,0.000582
batch,r8937440-n43543,0,31550,1623563821,27,39.98,399.8,29466768,92322576,10,664.925534,0.000582
batch,r8937440-n43543,0,31560,1623563831,27,39.26,392.6,29475104,92322576,10,603.121604,0.000582
batch,r8937440-n43543,0,31570,1623563841,27,35.6,356,29481248,92322576,10,584.53994,0.000349
batch,r8937440-n43543,0,31580,1623563851,28,36.59,365.9,29487392,92322576,10,572.792566,0.000465
batch,r8937440-n43543,0,31590,1623563861,28,40.31,403.1,29493536,92322576,10,664.407166,0.000582
batch,r8937440-n43543,0,31600,1623563871,28,40.16,401.6,29501728,92322576,10,662.153943,0.000582
batch,r8937440-n43543,0,31610,1623563881,29,39.88,398.8,29507872,92322576,10,652.088824,0.000582
batch,r8937440-n43543,0,31620,1623563891,29,39.86,398.6,29516064,92322576,10,670.191836,0.000465
batch,r8937440-n43543,0,31630,1623563901,29,40.4,404,29522520,92322576,10,659.268218,0.000582
batch,r8937440-n43543,0,31640,1623563911,30,40.23,402.3,29530712,92322576,10,664.982257,0.000582
batch,r8937440-n43543,0,31650,1623563921,30,40.5,405,29536856,92322576,10,663.841374,0.000582
batch,r8937440-n43543,0,31660,1623563931,31,36.01,360.1,29543000,92322576,10,551.50712,0.000465
batch,r8937440-n43543,0,31670,1623563941,31,42.89,428.9,29551236,92322576,10,719.931904,0.000582
batch,r8937440-n43543,0,31680,1623563951,31,38.59,385.9,29557380,92322576,10,632.109728,0.000465
batch,r8937440-n43543,0,31690,1623563961,32,40,400,29563524,92322576,10,652.071404,0.000582
batch,r8937440-n43543,0,31700,1623563971,32,39.98,399.8,29571716,92322576,10,648.081213,0.000582
batch,r8937440-n43543,0,31710,1623563981,33,40.11,401.1,29577952,92322576,10,678.855499,0.000465
batch,r8937440-n43543,0,31720,1623563991,33,40.14,401.4,29586196,92322576,10,673.011174,0.000582
batch,r8937440-n43543,0,31730,1623564001,33,38.2,382,29592340,92322576,10,597.170636,0.000582
batch,r8937440-n43543,0,31740,1623564011,34,29.64,296.4,29596436,92322576,10,454.734552,0.000349
batch,r8937440-n43543,0,31750,1623564021,0,40.89,408.9,29604628,92322576,10,688.468189,0.000465
batch,r8937440-n43543,0,31760,1623564031,0,40.16,401.6,29610772,92322576,10,680.961334,0.000582
batch,r8937440-n43543,0,31770,1623564041,1,40.38,403.8,29618964,92322576,10,678.062779,0.000582
batch,r8937440-n43543,0,31780,1623564051,1,34.14,341.4,29623060,92322576,10,478.626198,0.000465
batch,r8937440-n43543,0,31790,1623564061,1,31.09,310.9,29629204,92322576,10,465.524731,0.000349
batch,r8937440-n43543,0,31800,1623564071,2,35.73,357.3,29635512,92322576,10,586.125831,0.000465
batch,r8937440-n43543,0,31810,1623564081,2,40.22,402.2,29641664,92322576,10,661.964108,0.000582
batch,r8937440-n43543,0,31820,1623564091,2,40.37,403.7,29649932,92322576,10,694.111567,0.000465
batch,r8937440-n43543,0,31830,1623564101,3,40.62,406.2,29656076,92322576,10,646.851494,0.000582
batch,r8937440-n43543,0,31840,1623564111,3,40.23,402.3,29664272,92322576,10,670.79288,0.000582
batch,r8937440-n43543,0,31850,1623564121,4,40.14,401.4,29671156,92323292,10,654.870418,0.000582
batch,r8937440-n43543,0,31860,1623564131,4,40.46,404.6,29679384,92323292,10,654.934759,0.000465
batch,r8937440-n43543,0,31870,1623564141,4,39.95,399.5,29685568,92323292,10,650.117525,0.000582
batch,r8937440-n43543,0,31880,1623564151,5,36.36,363.6,29691712,92323292,10,560.352241,0.000465
batch,r8937440-n43543,0,31890,1623564161,5,28.63,286.3,29695832,92323292,10,387.500206,0.000465
batch,r8937440-n43543,0,31900,1623564171,5,42.44,424.4,29704024,92323292,10,776.038457,0.000465
batch,r8937440-n43543,0,31910,1623564181,6,40.52,405.2,29710168,92323292,10,662.737408,0.000582
batch,r8937440-n43543,0,31920,1623564191,6,40.16,401.6,29718360,92323292,10,643.614784,0.000582
batch,r8937440-n43543,0,31930,1623564201,7,40.08,400.8,29724504,92323292,10,662.590078,0.000465
batch,r8937440-n43543,0,31940,1623564211,7,40.31,403.1,29732696,92323292,10,669.189301,0.000582
batch,r8937440-n43543,0,31950,1623564221,7,36.63,366.3,29738840,92323292,10,593.814599,0.000465
batch,r8937440-n43543,0,31960,1623564231,8,40.13,401.3,29745088,92323292,10,652.674709,0.000582
batch,r8937440-n43543,0,31970,1623564241,8,40.19,401.9,29753280,92323292,10,666.379022,0.000582
batch,r8937440-n43543,0,31980,1623564251,8,40.4,404,29759424,92323292,10,661.91001,0.000465
batch,r8937440-n43543,0,31990,1623564261,9,36.38,363.8,29765568,92323292,10,535.658403,0.000582
batch,r8937440-n43543,0,32000,1623564271,9,40.14,401.4,29773884,92323292,10,710.109984,0.000465
batch,r8937440-n43543,0,32010,1623564281,10,39.92,399.2,29780028,92323292,10,645.484178,0.000582
batch,r8937440-n43543,0,32020,1623564291,10,39.69,396.9,29788220,92323292,10,671.116001,0.000582
batch,r8937440-n43543,0,32030,1623564301,10,35.06,350.6,29792316,92323292,10,529.55305,0.000465
batch,r8937440-n43543,0,32040,1623564311,11,23.98,239.8,29796412,92323292,10,339.250103,0.000233
batch,r8937440-n43543,0,32050,1623564321,11,40.68,406.8,29804604,92323292,10,649.246329,0.000582
batch,r8937440-n43543,0,32060,1623564331,11,24.11,241.1,29806652,92323292,10,294.000103,0.000233
batch,r8937440-n43543,0,32070,1623564341,11,39.85,398.5,29814844,92323292,10,682.805127,0.000582
batch,r8937440-n43543,0,32080,1623564351,12,39.91,399.1,29820988,92323292,10,662.968547,0.000465
batch,r8937440-n43543,0,32090,1623564361,12,39.8,398,29829180,92323292,10,673.417256,0.000582
batch,r8937440-n43543,0,32100,1623564371,13,40.08,400.8,29835324,92323292,10,663.629852,0.000582
batch,r8937440-n43543,0,32110,1623564381,13,40.32,403.2,29843516,92323292,10,646.01508,0.000465
batch,r8937440-n43543,0,32120,1623564391,13,40.22,402.2,29849860,92323292,10,660.663345,0.000582
batch,r8937440-n43543,0,32130,1623564401,14,36,360,29903256,92454364,10,591.9288,0.000465
batch,r8937440-n43543,0,32140,1623564411,14,41.56,415.6,29919896,92454364,10,691.861281,0.000582
batch,r8937440-n43543,0,32150,1623564421,15,39.69,396.9,29926040,92454364,10,657.429552,0.000582
batch,r8937440-n43543,0,32160,1623564431,15,40.22,402.2,29942572,92454364,10,680.799757,0.000582
batch,r8937440-n43543,0,32170,1623564441,15,39.98,399.8,29948740,92454364,10,663.487578,0.000465
batch,r8937440-n43543,0,32180,1623564451,16,40.29,402.9,29954884,92454364,10,680.392313,0.000582
batch,r8937440-n43543,0,32190,1623564461,16,40.14,401.4,29963076,92454364,10,650.427505,0.000582
batch,r8937440-n43543,0,32200,1623564471,16,39.73,397.3,29969220,92454364,10,612.20264,0.000582
batch,r8937440-n43543,0,32210,1623564481,17,39.13,391.3,29977460,92454364,10,660.370303,0.000465
batch,r8937440-n43543,0,32220,1623564491,17,40.13,401.3,29983604,92454364,10,657.163938,0.000582
batch,r8937440-n43543,0,32230,1623564501,18,39.77,397.7,29990028,92454364,10,642.955068,0.000465
batch,r8937440-n43543,0,32240,1623564511,18,39.78,397.8,29998296,92454364,10,677.040812,0.000582
batch,r8937440-n43543,0,32250,1623564521,18,39.99,399.9,30004548,92454364,10,647.938237,0.000582
batch,r8937440-n43543,0,32260,1623564531,19,37.79,377.9,30012740,92454364,10,596.440066,0.000465
batch,r8937440-n43543,0,32270,1623564541,19,40.69,406.9,30018884,92454364,10,687.985517,0.000582
batch,r8937440-n43543,0,32280,1623564551,19,40.07,400.7,30027076,92454364,10,668.42548,0.000582
batch,r8937440-n43543,0,32290,1623564561,20,40.23,402.3,30033340,92454364,10,666.208018,0.000465
batch,r8937440-n43543,0,32300,1623564571,20,39.86,398.6,30039484,92454364,10,661.275379,0.000582
batch,r8937440-n43543,0,32310,1623564581,21,40.04,400.4,30047788,92454364,10,666.990129,0.000582
batch,r8937440-n43543,0,32320,1623564591,21,40.08,400.8,30054048,92454364,10,667.694991,0.000582
batch,r8937440-n43543,0,32330,1623564601,21,40.53,405.3,30062240,92454364,10,638.857215,0.000465
batch,r8937440-n43543,0,32340,1623564611,22,40.3,403,30068384,92454364,10,693.381149,0.000582
batch,r8937440-n43543,0,32350,1623564621,22,40.17,401.7,30076612,92454364,10,665.519507,0.000582
batch,r8937440-n43543,0,32360,1623564631,22,39.31,393.1,30082756,92454364,10,636.300121,0.000582
batch,r8937440-n43543,0,32370,1623564641,23,40.91,409.1,30091016,92454364,10,702.78074,0.000465
batch,r8937440-n43543,0,32380,1623564651,23,39.72,397.2,30097160,92454364,10,662.014714,0.000582
batch,r8937440-n43543,0,32390,1623564661,24,39.89,398.9,30105384,92454364,10,642.814969,0.000582
batch,r8937440-n43543,0,32400,1623564671,24,40.17,401.7,30111560,92454364,10,663.340818,0.000465
batch,r8937440-n43543,0,32410,1623564681,24,40.2,402,30119760,92454364,10,669.398624,0.000582
batch,r8937440-n43543,0,32420,1623564691,25,40.15,401.5,30125904,92454364,10,670.734136,0.000582
batch,r8937440-n43543,0,32430,1623564701,25,39.76,397.6,30132048,92454364,10,651.920018,0.000582
batch,r8937440-n43543,0,32440,1623564711,25,40.36,403.6,30140240,92454364,10,673.629338,0.000465
batch,r8937440-n43543,0,32450,1623564721,26,40.14,401.4,30146384,92454364,10,655.117835,0.000582
batch,r8937440-n43543,0,32460,1623564731,26,39.4,394,30154576,92454364,10,658.387015,0.000582
batch,r8937440-n43543,0,32470,1623564741,27,40.1,401,30160720,92454364,10,668.701822,0.000582
batch,r8937440-n43543,0,32480,1623564751,27,40.25,402.5,30168912,92454364,10,660.356741,0.000465
batch,r8937440-n43543,0,32490,1623564761,27,39.88,398.8,30175056,92454364,10,667.239829,0.000582
batch,r8937440-n43543,0,32500,1623564771,28,40.3,403,30183248,92454364,10,671.988162,0.000582
batch,r8937440-n43543,0,32510,1623564781,28,40.1,401,30189392,92454364,10,669.989565,0.000465
batch,r8937440-n43543,0,32520,1623564791,28,39.82,398.2,30197760,92454364,10,667.483097,0.000582
batch,r8937440-n43543,0,32530,1623564801,29,40.63,406.3,30203904,92454364,10,690.216426,0.000582
batch,r8937440-n43543,0,32540,1623564811,29,40.1,401,30212096,92454364,10,654.868199,0.000582
batch,r8937440-n43543,0,32550,1623564821,30,39.58,395.8,30218392,92454364,10,664.446415,0.000465
batch,r8937440-n43543,0,32560,1623564831,30,40.53,405.3,30224556,92454364,10,664.322241,0.000582
batch,r8937440-n43543,0,32570,1623564841,30,40.5,405,30232748,92454364,10,673.633258,0.000582
batch,r8937440-n43543,0,32580,1623564851,31,39.92,399.2,30238892,92454364,10,661.988181,0.000582
batch,r8937440-n43543,0,32590,1623564861,31,40.05,400.5,30247084,92454364,10,658.140466,0.000465
batch,r8937440-n43543,0,32600,1623564871,31,40.03,400.3,30253228,92454620,10,638.122169,0.000582
batch,r8937440-n43543,0,32610,1623564881,32,39.97,399.7,30261420,92454620,10,657.956223,0.000582
batch,r8937440-n43543,0,32620,1623564891,32,39.81,398.1,30267564,92454620,10,652.302555,0.000582
batch,r8937440-n43543,0,32630,1623564901,32,40.42,404.2,30275852,92454620,10,672.244977,0.000465
batch,r8937440-n43543,0,32640,1623564911,0,39.62,396.2,30282352,92454976,10,663.513788,0.000582
batch,r8937440-n43543,0,32650,1623564921,0,39.37,393.7,30288496,92454976,10,626.393132,0.000582
batch,r8937440-n43543,0,32660,1623564931,0,40.57,405.7,30296688,92454976,10,714.319515,0.000465
batch,r8937440-n43543,0,32670,1623564941,1,40.15,401.5,30302996,92454976,10,652.400562,0.000582
batch,r8937440-n43543,0,32680,1623564951,1,40.28,402.8,30311236,92454976,10,684.406318,0.000582
batch,r8937440-n43543,0,32690,1623564961,2,40.22,402.2,30298220,92389440,10,664.015409,0.000582
batch,r8937440-n43543,0,32700,1623564971,2,40.56,405.6,30306412,92389440,10,652.63678,0.000465
batch,r8937440-n43543,0,32710,1623564981,2,40.3,403,30312556,92389440,10,699.20112,0.000582
batch,r8937440-n43543,0,32720,1623564991,3,37.88,378.8,30318764,92389440,10,557.83241,0.000582
batch,r8937440-n43543,0,32730,1623565001,3,40.04,400.4,30326956,92389440,10,700.042235,0.000465
batch,r8937440-n43543,0,32740,1623565011,3,40.19,401.9,30333100,92389440,10,656.991938,0.000582
batch,r8937440-n43543,0,32750,1623565021,4,39.61,396.1,30341368,92389440,10,666.234995,0.000465
batch,r8937440-n43543,0,32760,1623565031,4,39.88,398.8,30347512,92389440,10,676.12391,0.000582
batch,r8937440-n43543,0,32770,1623565041,5,40.32,403.2,30355704,92389440,10,655.496371,0.000582
batch,r8937440-n43543,0,32780,1623565051,5,40.23,402.3,30361848,92389440,10,674.285391,0.000582
batch,r8937440-n43543,0,32790,1623565061,5,40.25,402.5,30370040,92389440,10,694.461856,0.000465
batch,r8937440-n43543,0,32800,1623565071,6,40.34,403.4,30376268,92389440,10,673.180908,0.000582
batch,r8937440-n43543,0,32810,1623565081,6,40.27,402.7,30384480,92389440,10,651.076262,0.000582
batch,r8937440-n43543,0,32820,1623565091,6,40.38,403.8,30390712,92389440,10,658.427615,0.000582
batch,r8937440-n43543,0,32830,1623565101,7,39.76,397.6,30398920,92389440,10,680.972604,0.000465
batch,r8937440-n43543,0,32840,1623565111,7,39.93,399.3,30405120,92389440,10,661.636502,0.000582
batch,r8937440-n43543,0,32850,1623565121,8,39.84,398.4,30413320,92389440,10,670.145645,0.000582
batch,r8937440-n43543,0,32860,1623565131,8,39.77,397.7,30419496,92389440,10,651.371585,0.000582
batch,r8937440-n43543,0,32870,1623565141,8,40.15,401.5,30425640,92389440,10,660.423883,0.000465
batch,r8937440-n43543,0,32880,1623565151,9,39.66,396.6,30433864,92389440,10,655.378678,0.000582
batch,r8937440-n43543,0,32890,1623565161,9,39.63,396.3,30440064,92389440,10,679.44065,0.000582
batch,r8937440-n43543,0,32900,1623565171,9,39.97,399.7,30448256,92389440,10,674.146544,0.000465
batch,r8937440-n43543,0,32910,1623565181,10,40.61,406.1,30454400,92389440,10,669.774446,0.000582
batch,r8937440-n43543,0,32920,1623565191,10,39.92,399.2,30462592,92389440,10,650.408284,0.000582
batch,r8937440-n43543,0,32930,1623565201,11,40.01,400.1,30468736,92389440,10,665.175148,0.000582
batch,r8937440-n43543,0,32940,1623565211,11,39.93,399.3,30476928,92389440,10,643.69807,0.000465
batch,r8937440-n43543,0,32950,1623565221,11,39.71,397.1,30483072,92389440,10,656.781548,0.000582
batch,r8937440-n43543,0,32960,1623565231,12,40.03,400.3,30491264,92389440,10,685.194221,0.000582
batch,r8937440-n43543,0,32970,1623565241,12,40.25,402.5,30497408,92389440,10,664.697451,0.000582
batch,r8937440-n43543,0,32980,1623565251,12,38.95,389.5,30503668,92389440,10,613.694235,0.000465
batch,r8937440-n43543,0,32990,1623565261,13,40.91,409.1,30511860,92389440,10,704.626635,0.000582
batch,r8937440-n43543,0,33000,1623565271,13,40.42,404.2,30518004,92389440,10,662.417455,0.000582
batch,r8937440-n43543,0,33010,1623565281,14,39.59,395.9,30526196,92389440,10,654.16925,0.000465
batch,r8937440-n43543,0,33020,1623565291,14,39.74,397.4,30532468,92389440,10,638.232564,0.000582
batch,r8937440-n43543,0,33030,1623565301,14,41,410,30540660,92389440,10,717.835077,0.000582
batch,r8937440-n43543,0,33040,1623565311,15,39.84,398.4,30546804,92389440,10,664.240971,0.000582
batch,r8937440-n43543,0,33050,1623565321,15,39.99,399.9,30554996,92389440,10,667.763646,0.000465
batch,r8937440-n43543,0,33060,1623565331,15,40.42,404.2,30561140,92389440,10,666.09796,0.000582
batch,r8937440-n43543,0,33070,1623565341,16,39.84,398.4,30569332,92389440,10,660.887452,0.000582
batch,r8937440-n43543,0,33080,1623565351,16,40.13,401.3,30575476,92389440,10,670.212173,0.000582
batch,r8937440-n43543,0,33090,1623565361,16,40.23,402.3,30583668,92389440,10,652.1237,0.000465
batch,r8937440-n43543,0,33100,1623565371,17,39.83,398.3,30589812,92389440,10,659.162468,0.000582
batch,r8937440-n43543,0,33110,1623565381,17,40.209,402.09,30598088,92389440,10,668.273386,0.000582
batch,r8937440-n43543,0,33120,1623565391,18,40.401,404.01,30604416,92389440,10,660.496192,0.000582
batch,r8937440-n43543,0,33130,1623565401,18,35.58,355.8,30610596,92389440,10,513.004982,0.000465
batch,r8937440-n43543,0,33140,1623565411,18,38.23,382.3,30616740,92389440,10,646.812754,0.000465
batch,r8937440-n43543,0,33150,1623565421,19,39.789,397.89,30624932,92389440,10,689.519877,0.000582
batch,r8937440-n43543,0,33160,1623565431,19,39.851,398.51,30631076,92389440,10,624.315969,0.000465
batch,r8937440-n43543,0,33170,1623565441,19,40.54,405.4,30639268,92389440,10,677.805799,0.000582
batch,r8937440-n43543,0,33180,1623565451,20,40.1,401,30645476,92389440,10,659.506269,0.000582
batch,r8937440-n43543,0,33190,1623565461,20,40.37,403.7,30653720,92389440,10,675.232486,0.000582
batch,r8937440-n43543,0,33200,1623565471,20,40.2,402,30659864,92389440,10,661.579029,0.000465
batch,r8937440-n43543,0,33210,1623565481,21,39.7,397,30666008,92389440,10,649.125875,0.000582
batch,r8937440-n43543,0,33220,1623565491,21,39.95,399.5,30674200,92389440,10,666.68331,0.000582
batch,r8937440-n43543,0,33230,1623565501,22,39.85,398.5,30680408,92389440,10,677.759206,0.000582
batch,r8937440-n43543,0,33240,1623565511,22,40.5,405,30688600,92389440,10,677.880392,0.000465
batch,r8937440-n43543,0,33250,1623565521,22,39.52,395.2,30694744,92389440,10,677.735117,0.000582
batch,r8937440-n43543,0,33260,1623565531,23,40.389,403.89,30702936,92389440,10,653.140781,0.000582
batch,r8937440-n43543,0,33270,1623565541,23,39.481,394.81,30709156,92389440,10,649.580815,0.000465
batch,r8937440-n43543,0,33280,1623565551,23,41.2,412,30717348,92389440,10,684.996075,0.000582
batch,r8937440-n43543,0,33290,1623565561,24,40.43,404.3,30723512,92389440,10,664.57857,0.000582
batch,r8937440-n43543,0,33300,1623565571,24,39.87,398.7,30731704,92389440,10,670.236286,0.000582
batch,r8937440-n43543,0,33310,1623565581,25,40.179,401.79,30737940,92389440,10,661.418477,0.000465
batch,r8937440-n43543,0,33320,1623565591,25,40.221,402.21,30746000,92389440,10,674.14888,0.000582
batch,r8937440-n43543,0,33330,1623565601,25,40.11,401.1,30752144,92389440,10,649.453396,0.000582
batch,r8937440-n43543,0,33340,1623565611,26,39.89,398.9,30758316,92389440,10,651.790077,0.000582
batch,r8937440-n43543,0,33350,1623565621,26,40.02,400.2,30766744,92389440,10,640.864246,0.000465
batch,r8937440-n43543,0,33360,1623565631,26,40.11,401.1,30772928,92389440,10,677.984804,0.000582
batch,r8937440-n43543,0,33370,1623565641,27,39.679,396.79,30781148,92389440,10,656.826954,0.000582
batch,r8937440-n43543,0,33380,1623565651,27,40.611,406.11,30787332,92389440,10,657.72921,0.000465
batch,r8937440-n43543,0,33390,1623565661,27,39.699,396.99,30795524,92389440,10,665.184652,0.000582
batch,r8937440-n43543,0,33400,1623565671,28,40.071,400.71,30801692,92389440,10,633.98282,0.000582
batch,r8937440-n43543,0,33410,1623565681,28,40.08,400.8,30809884,92389440,10,679.401482,0.000582
batch,r8937440-n43543,0,33420,1623565691,28,39.759,397.59,30816028,92389440,10,668.801582,0.000465
batch,r8937440-n43543,0,33430,1623565701,29,39.78,397.8,30824220,92389440,10,673.951156,0.000582
batch,r8937440-n43543,0,33440,1623565711,29,37.59,375.9,30830364,92389440,10,602.674418,0.000582
batch,r8937440-n43543,0,33450,1623565721,30,42.591,425.91,30838556,92389440,10,723.628945,0.000582
batch,r8937440-n43543,0,33460,1623565731,30,40.08,400.8,30844700,92389440,10,681.549006,0.000465
batch,r8937440-n43543,0,33470,1623565741,30,40.4,404,30852892,92389440,10,660.697416,0.000582
batch,r8937440-n43543,0,33480,1623565751,31,39.85,398.5,30859036,92389440,10,655.621711,0.000582
batch,r8937440-n43543,0,33490,1623565761,31,40.12,401.2,30865180,92389440,10,655.349893,0.000465
batch,r8937440-n43543,0,33500,1623565771,31,39.86,398.6,30873372,92389440,10,664.985601,0.000582
batch,r8937440-n43543,0,33510,1623565781,32,40.19,401.9,30879516,92389440,10,649.823485,0.000582
batch,r8937440-n43543,0,33520,1623565791,0,39.95,399.5,30887708,92389440,10,678.110229,0.000582
batch,r8937440-n43543,0,33530,1623565801,0,39.77,397.7,30894200,92389440,10,659.600637,0.000465
batch,r8937440-n43543,0,33540,1623565811,1,40.08,400.8,30902392,92389440,10,660.64559,0.000582
batch,r8937440-n43543,0,33550,1623565821,1,40.21,402.1,30908536,92389440,10,675.233342,0.000582
batch,r8937440-n43543,0,33560,1623565831,1,40.279,402.79,30916728,92389440,10,674.103595,0.000582
batch,r8937440-n43543,0,33570,1623565841,2,37.881,378.81,30922872,92389440,10,588.525732,0.000465
batch,r8937440-n43543,0,33580,1623565851,2,41.66,416.6,30931064,92389440,10,721.017094,0.000582
batch,r8937440-n43543,0,33590,1623565861,2,38.17,381.7,30937208,92389440,10,596.562529,0.000582
batch,r8937440-n43543,0,33600,1623565871,3,41.47,414.7,30943432,92389440,10,700.421171,0.000465
batch,r8937440-n43543,0,33610,1623565881,3,39.24,392.4,30951628,92389440,10,623.89484,0.000582
batch,r8937440-n43543,0,33620,1623565891,3,40.84,408.4,30957772,92389440,10,699.200681,0.000582
batch,r8937440-n43543,0,33630,1623565901,4,40.329,403.29,30965964,92389440,10,678.452216,0.000582
batch,r8937440-n43543,0,33640,1623565911,4,40.28,402.8,30972108,92389440,10,650.347583,0.000465
batch,r8937440-n43543,0,33650,1623565921,5,38.731,387.31,30980352,92389440,10,606.816072,0.000582
batch,r8937440-n43543,0,33660,1623565931,5,42.06,420.6,30986496,92389440,10,727.494686,0.000582
batch,r8937440-n43543,0,33670,1623565941,5,39.679,396.79,30994728,92389440,10,654.85164,0.000465
batch,r8937440-n43543,0,33680,1623565951,6,39.521,395.21,31000872,92389440,10,689.189136,0.000582
batch,r8937440-n43543,0,33690,1623565961,6,39.97,399.7,31009216,92389440,10,648.699102,0.000582
batch,r8937440-n43543,0,33700,1623565971,6,39.919,399.19,31015360,92389440,10,653.339539,0.000582
batch,r8937440-n43543,0,33710,1623565981,7,40.161,401.61,31023552,92389440,10,680.465916,0.000465
batch,r8937440-n43543,0,33720,1623565991,7,39.929,399.29,31029696,92389440,10,667.342834,0.000582
batch,r8937440-n43543,0,33730,1623566001,8,40.331,403.31,31035840,92389440,10,656.967371,0.000582
batch,r8937440-n43543,0,33740,1623566011,8,40.02,400.2,31044092,92389440,10,677.911367,0.000582
batch,r8937440-n43543,0,33750,1623566021,8,40.08,400.8,31050288,92389440,10,663.752503,0.000465
batch,r8937440-n43543,0,33760,1623566031,9,39.96,399.6,31058528,92389440,10,654.505964,0.000582
batch,r8937440-n43543,0,33770,1623566041,9,39.829,398.29,31064672,92389440,10,662.011926,0.000582
batch,r8937440-n43543,0,33780,1623566051,9,39.611,396.11,31072864,92389440,10,658.71422,0.000582
batch,r8937440-n43543,0,33790,1623566061,10,40.69,406.9,31079048,92389440,10,664.122022,0.000465
batch,r8937440-n43543,0,33800,1623566071,10,39.77,397.7,31087308,92389440,10,660.762687,0.000582
batch,r8937440-n43543,0,33810,1623566081,10,39.54,395.4,31093476,92389440,10,650.62145,0.000582
batch,r8937440-n43543,0,33820,1623566091,11,41.36,413.6,31101672,92389440,10,716.958764,0.000465
batch,r8937440-n43543,0,33830,1623566101,11,40.58,405.8,31107872,92389440,10,665.085538,0.000582
batch,r8937440-n43543,0,33840,1623566111,12,39.11,391.1,31114072,92389440,10,637.948929,0.000582
batch,r8937440-n43543,0,33850,1623566121,12,36.86,368.6,31120240,92389440,10,588.639085,0.000465
batch,r8937440-n43543,0,33860,1623566131,12,40.14,401.4,31128432,92389440,10,666.672488,0.000582
batch,r8937440-n43543,0,33870,1623566141,13,40.23,402.3,31134592,92389440,10,670.952065,0.000465
batch,r8937440-n43543,0,33880,1623566151,13,39.99,399.9,31142784,92389440,10,661.529048,0.000582
batch,r8937440-n43543,0,33890,1623566161,13,40.27,402.7,31148928,92389440,10,667.631293,0.000582
batch,r8937440-n43543,0,33900,1623566171,14,40.21,402.1,31157120,92389440,10,657.409068,0.000582
batch,r8937440-n43543,0,33910,1623566181,14,39.96,399.6,31163264,92389440,10,669.717231,0.000465
batch,r8937440-n43543,0,33920,1623566191,14,40.24,402.4,31171456,92389440,10,668.289689,0.000582
batch,r8937440-n43543,0,33930,1623566201,15,40.11,401.1,31177600,92389440,10,663.432003,0.000582
batch,r8937440-n43543,0,33940,1623566211,15,39.71,397.1,31185792,92389440,10,673.845077,0.000465
batch,r8937440-n43543,0,33950,1623566221,15,40.1,401,31191936,92389440,10,669.817227,0.000582
batch,r8937440-n43543,0,33960,1623566231,16,40.71,407.1,31200240,92389440,10,664.371742,0.000582
batch,r8937440-n43543,0,33970,1623566241,16,40.22,402.2,31206384,92389440,10,659.600813,0.000582
batch,r8937440-n43543,0,33980,1623566251,17,39.81,398.1,31214576,92389440,10,659.848994,0.000465
batch,r8937440-n43543,0,33990,1623566261,17,39.88,398.8,31220852,92389440,10,651.518287,0.000582
batch,r8937440-n43543,0,34000,1623566271,17,40.23,402.3,31226996,92389440,10,689.755859,0.000582
batch,r8937440-n43543,0,34010,1623566281,18,39.8,398,31235188,92389440,10,669.021908,0.000582
batch,r8937440-n43543,0,34020,1623566291,18,40.01,400.1,31241332,92389440,10,683.038718,0.000465
batch,r8937440-n43543,0,34030,1623566301,18,40.41,404.1,31249524,92389440,10,657.732241,0.000582
batch,r8937440-n43543,0,34040,1623566311,19,40.17,401.7,31255668,92389440,10,648.580247,0.000582
batch,r8937440-n43543,0,34050,1623566321,19,40.3,403,31263860,92389440,10,683.596765,0.000582
batch,r8937440-n43543,0,34060,1623566331,19,38.32,383.2,31270028,92389440,10,606.802117,0.000465
batch,r8937440-n43543,0,34070,1623566341,20,42.57,425.7,31278220,92389440,10,713.220881,0.000582
batch,r8937440-n43543,0,34080,1623566351,20,39.82,398.2,31284364,92389440,10,655.348453,0.000582
batch,r8937440-n43543,0,34090,1623566361,20,39.84,398.4,31292556,92389440,10,660.914893,0.000465
batch,r8937440-n43543,0,34100,1623566371,21,40.17,401.7,31298700,92389440,10,675.512045,0.000582
batch,r8937440-n43543,0,34110,1623566381,21,37.33,373.3,31304844,92389440,10,568.431117,0.000582
batch,r8937440-n43543,0,34120,1623566391,22,41.93,419.3,31313212,92389440,10,759.132401,0.000465
batch,r8937440-n43543,0,34130,1623566401,22,40.25,402.5,31319556,92389440,10,687.327439,0.000582
batch,r8937440-n43543,0,34140,1623566411,22,40.32,403.2,31327748,92389440,10,667.56926,0.000582
batch,r8937440-n43543,0,34150,1623566421,23,39.87,398.7,31333892,92389440,10,640.913945,0.000582
batch,r8937440-n43543,0,34160,1623566431,23,40.95,409.5,31342084,92389440,10,677.399054,0.000465
batch,r8937440-n43543,0,34170,1623566441,23,40.55,405.5,31348336,92389440,10,683.331443,0.000582
batch,r8937440-n43543,0,34180,1623566451,24,40.27,402.7,31356528,92389440,10,643.722552,0.000582
batch,r8937440-n43543,0,34190,1623566461,24,40.2,402,31362672,92389440,10,683.83172,0.000582
batch,r8937440-n43543,0,34200,1623566471,24,39.83,398.3,31368816,92389440,10,652.245699,0.000465
batch,r8937440-n43543,0,34210,1623566481,25,39.9,399,31377008,92389440,10,666.402204,0.000582
batch,r8937440-n43543,0,34220,1623566491,25,39.98,399.8,31383152,92389440,10,658.02596,0.000582
batch,r8937440-n43543,0,34230,1623566501,25,40.57,405.7,31391408,92389440,10,672.504963,0.000465
batch,r8937440-n43543,0,34240,1623566511,26,40.14,401.4,31397552,92389440,10,663.126844,0.000582
batch,r8937440-n43543,0,34250,1623566521,26,39.9,399,31405744,92389440,10,677.813226,0.000582
batch,r8937440-n43543,0,34260,1623566531,27,39.95,399.5,31411924,92389440,10,679.134721,0.000582
batch,r8937440-n43543,0,34270,1623566541,27,40.04,400.4,31420196,92389440,10,640.812787,0.000465
batch,r8937440-n43543,0,34280,1623566551,27,39.48,394.8,31426340,92389440,10,660.854279,0.000582
batch,r8937440-n43543,0,34290,1623566561,28,40.22,402.2,31434532,92389440,10,698.491325,0.000582
batch,r8937440-n43543,0,34300,1623566571,28,40.2,402,31440676,92389440,10,667.291111,0.000582
batch,r8937440-n43543,0,34310,1623566581,28,39.65,396.5,31448988,92389440,10,670.171361,0.000465
batch,r8937440-n43543,0,34320,1623566591,29,40,400,31455176,92389440,10,655.669373,0.000582
batch,r8937440-n43543,0,34330,1623566601,29,40.14,401.4,31463392,92389440,10,673.591277,0.000582
batch,r8937440-n43543,0,34340,1623566611,29,39.58,395.8,31469536,92389440,10,655.911094,0.000465
batch,r8937440-n43543,0,34350,1623566621,30,40.19,401.9,31475700,92389440,10,678.03272,0.000582
batch,r8937440-n43543,0,34360,1623566631,30,39.87,398.7,31483920,92389440,10,661.058037,0.000582
batch,r8937440-n43543,0,34370,1623566641,30,40.2,402,31490096,92389440,10,652.852813,0.000582
batch,r8937440-n43543,0,34380,1623566651,31,40.26,402.6,31498288,92389440,10,656.94686,0.000465
batch,r8937440-n43543,0,34390,1623566661,0,40.55,405.5,31504432,92389440,10,661.262914,0.000582
batch,r8937440-n43543,0,34400,1623566671,0,40.39,403.9,31512624,92389440,10,670.252621,0.000582
batch,r8937440-n43543,0,34410,1623566681,0,40.25,402.5,31518768,92389440,10,653.066466,0.000582
batch,r8937440-n43543,0,34420,1623566691,1,40.5,405,31526960,92389440,10,667.523372,0.000465
batch,r8937440-n43543,0,34430,1623566701,1,40.07,400.7,31533104,92389440,10,672.10627,0.000582
batch,r8937440-n43543,0,34440,1623566711,1,40.25,402.5,31541376,92389440,10,668.048393,0.000582
batch,r8937440-n43543,0,34450,1623566721,2,39.99,399.9,31547520,92389440,10,684.080501,0.000582
batch,r8937440-n43543,0,34460,1623566731,2,39.93,399.3,31555712,92389440,10,667.817411,0.000465
batch,r8937440-n43543,0,34470,1623566741,3,40.02,400.2,31561980,92389440,10,667.128882,0.000582
batch,r8937440-n43543,0,34480,1623566751,3,39.86,398.6,31568124,92389440,10,658.667765,0.000582
batch,r8937440-n43543,0,34490,1623566761,3,29.43,294.3,31574268,92389440,10,403.221706,0.000349
batch,r8937440-n43543,0,34500,1623566771,4,43.51,435.1,31580412,92389440,10,773.354186,0.000582
batch,r8937440-n43543,0,34510,1623566781,4,38.23,382.3,31588604,92389440,10,618.661748,0.000465
batch,r8937440-n43543,0,34520,1623566791,4,40.59,405.9,31594748,92389440,10,685.882151,0.000582
batch,r8937440-n43543,0,34530,1623566801,5,40.47,404.7,31602940,92389440,10,650.979043,0.000582
batch,r8937440-n43543,0,34540,1623566811,5,40.18,401.8,31609084,92389440,10,677.5395,0.000582
batch,r8937440-n43543,0,34550,1623566821,5,39.24,392.4,31615228,92389440,10,625.738123,0.000465
batch,r8937440-n43543,0,34560,1623566831,6,40.87,408.7,31623420,92389440,10,690.610712,0.000582
batch,r8937440-n43543,0,34570,1623566841,6,39.75,397.5,31631612,92389440,10,678.703781,0.000582
batch,r8937440-n43543,0,34580,1623566851,6,40.26,402.6,31637756,92389440,10,646.351707,0.000465
batch,r8937440-n43543,0,34590,1623566861,7,38.08,380.8,31644080,92389440,10,614.074917,0.000582
batch,r8937440-n43543,0,34600,1623566871,7,39.68,396.8,31652400,92389440,10,653.701243,0.000465
batch,r8937440-n43543,0,34610,1623566881,7,40.15,401.5,31658544,92389440,10,697.371507,0.000582
batch,r8937440-n43543,0,34620,1623566891,8,39.78,397.8,31666736,92389440,10,664.609549,0.000582
batch,r8937440-n43543,0,34630,1623566901,8,39.9,399,31672880,92389440,10,664.070795,0.000582
batch,r8937440-n43543,0,34640,1623566911,8,39.79,397.9,31679024,92389440,10,651.585801,0.000465
batch,r8937440-n43543,0,34650,1623566921,9,40.26,402.6,31687216,92389440,10,661.963984,0.000582
batch,r8937440-n43543,0,34660,1623566931,9,39.98,399.8,31693480,92389440,10,673.008793,0.000582
batch,r8937440-n43543,0,34670,1623566941,10,39.7,397,31701672,92389440,10,666.995297,0.000582
batch,r8937440-n43543,0,34680,1623566951,10,40.51,405.1,31707816,92389440,10,656.189867,0.000465
batch,r8937440-n43543,0,34690,1623566961,10,38.91,389.1,31716008,92389440,10,611.52814,0.000582
batch,r8937440-n43543,0,34700,1623566971,11,38.92,389.2,31722200,92389440,10,655.289596,0.000465
batch,r8937440-n43543,0,34710,1623566981,11,39.09,390.9,31728344,92389440,10,607.907752,0.000582
batch,r8937440-n43543,0,34720,1623566991,11,41.66,416.6,31736536,92389440,10,724.416903,0.000582
batch,r8937440-n43543,0,34730,1623567001,12,39.93,399.3,31742680,92389440,10,652.279843,0.000582
batch,r8937440-n43543,0,34740,1623567011,12,38.72,387.2,31750992,92389440,10,610.243207,0.000465
batch,r8937440-n43543,0,34750,1623567021,12,41.15,411.5,31757192,92389440,10,727.689853,0.000582
batch,r8937440-n43543,0,34760,1623567031,13,39.97,399.7,31765384,92389440,10,651.154772,0.000582
batch,r8937440-n43543,0,34770,1623567041,13,39.94,399.4,31771568,92389440,10,676.161469,0.000465
batch,r8937440-n43543,0,34780,1623567051,13,40.11,401.1,31779760,92389440,10,667.098916,0.000582
batch,r8937440-n43543,0,34790,1623567061,14,40.56,405.6,31785904,92389440,10,688.534618,0.000582
batch,r8937440-n43543,0,34800,1623567071,14,40.42,404.2,31794168,92389440,10,662.135097,0.000582
batch,r8937440-n43543,0,34810,1623567081,14,39.76,397.6,31800408,92389440,10,642.803181,0.000465
batch,r8937440-n43543,0,34820,1623567091,15,41.28,412.8,31806568,92389440,10,713.390289,0.000582
batch,r8937440-n43543,0,34830,1623567101,15,40.21,402.1,31814760,92389440,10,656.470924,0.000582
batch,r8937440-n43543,0,34840,1623567111,15,31.03,310.3,31818876,92389440,10,439.031438,0.000349
batch,r8937440-n43543,0,34850,1623567121,16,40.71,407.1,31827068,92389440,10,696.76631,0.000582
batch,r8937440-n43543,0,34860,1623567131,16,39.99,399.9,31833228,92389440,10,638.878474,0.000582
batch,r8937440-n43543,0,34870,1623567141,16,39.63,396.3,31841436,92389440,10,689.384008,0.000465
batch,r8937440-n43543,0,34880,1623567151,17,40.23,402.3,31847580,92389696,10,647.946432,0.000582
batch,r8937440-n43543,0,34890,1623567161,17,39.7,397,31855848,92389696,10,663.195377,0.000582
batch,r8937440-n43543,0,34900,1623567171,18,40.4,404,31861992,92389696,10,656.690839,0.000465
batch,r8937440-n43543,0,34910,1623567181,18,40.16,401.6,31870184,92389696,10,667.464152,0.000582
batch,r8937440-n43543,0,34920,1623567191,18,39.98,399.8,31876328,92389696,10,670.032185,0.000582
batch,r8937440-n43543,0,34930,1623567201,19,34.15,341.5,31882472,92389696,10,503.388709,0.000465
batch,r8937440-n43543,0,34940,1623567211,19,41.54,415.4,31888672,92389696,10,747.750799,0.000582
batch,r8937440-n43543,0,34950,1623567221,19,39.94,399.4,31896864,92389696,10,676.55061,0.000582
batch,r8937440-n43543,0,34960,1623567231,20,40.18,401.8,31903008,92389696,10,673.475417,0.000465
batch,r8937440-n43543,0,34970,1623567241,20,40.05,400.5,31911200,92389696,10,643.443581,0.000582
batch,r8937440-n43543,0,34980,1623567251,20,38.47,384.7,31917344,92389696,10,593.370085,0.000582
batch,r8937440-n43543,0,34990,1623567261,21,41.49,414.9,31925536,92389696,10,718.282597,0.000465
batch,r8937440-n43543,0,35000,1623567271,21,39.17,391.7,31931680,92389696,10,627.644578,0.000582
batch,r8937440-n43543,0,35010,1623567281,21,40.53,405.3,31939872,92389696,10,708.998795,0.000582
batch,r8937440-n43543,0,35020,1623567291,22,39.79,397.9,31946188,92389696,10,659.847583,0.000582
batch,r8937440-n43543,0,35030,1623567301,22,40.43,404.3,31954380,92389696,10,651.729406,0.000465
batch,r8937440-n43543,0,35040,1623567311,22,39.8,398,31960524,92389696,10,654.387021,0.000582
batch,r8937440-n43543,0,35050,1623567321,23,40.05,400.5,31968716,92389696,10,670.859471,0.000582
batch,r8937440-n43543,0,35060,1623567331,23,37.59,375.9,31974860,92389696,10,596.573686,0.000582
batch,r8937440-n43543,0,35070,1623567341,23,35.83,358.3,31981004,92389696,10,609.65468,0.000349
batch,r8937440-n43543,0,35080,1623567351,24,38.98,389.8,31987148,92389696,10,620.801549,0.000582
batch,r8937440-n43543,0,35090,1623567361,24,41.46,414.6,31995512,92389696,10,708.379764,0.000582
batch,r8937440-n43543,0,35100,1623567371,24,40.35,403.5,32001656,92389696,10,656.010321,0.000465
batch,r8937440-n43543,0,35110,1623567381,25,36.1,361,32007840,92389696,10,585.775292,0.000582
batch,r8937440-n43543,0,35120,1623567391,25,39.95,399.5,32016032,92389696,10,678.128222,0.000465
batch,r8937440-n43543,0,35130,1623567401,25,37.29,372.9,32022176,92389696,10,571.70886,0.000582
batch,r8937440-n43543,0,35140,1623567411,26,35.06,350.6,32028344,92389696,10,566.683563,0.000465
batch,r8937440-n43543,0,35150,1623567421,26,39.05,390.5,32034488,92389696,10,667.401679,0.000465
batch,r8937440-n43543,0,35160,1623567431,26,38.97,389.7,32040772,92389696,10,624.488165,0.000582
batch,r8937440-n43543,0,35170,1623567441,27,41.53,415.3,32048992,92389696,10,697.108401,0.000465
batch,r8937440-n43543,0,35180,1623567451,27,39.6,396,32055136,92389696,10,675.44017,0.000582
batch,r8937440-n43543,0,35190,1623567461,27,39.73,397.3,32063328,92389696,10,660.90261,0.000582
batch,r8937440-n43543,0,35200,1623567471,28,37.24,372.4,32069472,92389696,10,574.815969,0.000582
batch,r8937440-n43543,0,35210,1623567481,28,39.91,399.1,32075616,92389696,10,672.728801,0.000465
batch,r8937440-n43543,0,35220,1623567491,28,40.45,404.5,32083808,92389696,10,679.756694,0.000582
batch,r8937440-n43543,0,35230,1623567501,29,39.56,395.6,32090060,92389696,10,655.845565,0.000465
batch,r8937440-n43543,0,35240,1623567511,29,40.35,403.5,32098252,92389696,10,691.085382,0.000582
batch,r8937440-n43543,0,35250,1623567521,29,40.03,400.3,32104472,92389696,10,660.767312,0.000582
batch,r8937440-n43543,0,35260,1623567531,30,39.92,399.2,32112664,92389696,10,684.255976,0.000582
batch,r8937440-n43543,0,35270,1623567541,30,39.88,398.8,32118808,92389696,10,651.620898,0.000465
batch,r8937440-n43543,0,35280,1623567551,0,39.81,398.1,32127056,92389696,10,656.222446,0.000582
batch,r8937440-n43543,0,35290,1623567561,0,39.63,396.3,32133244,92389696,10,664.218121,0.000582
batch,r8937440-n43543,0,35300,1623567571,0,40.27,402.7,32141436,92389696,10,661.462418,0.000582
batch,r8937440-n43543,0,35310,1623567581,1,40.29,402.9,32147680,92389696,10,665.213408,0.000465
batch,r8937440-n43543,0,35320,1623567591,1,40.13,401.3,32153844,92389696,10,657.122237,0.000582
batch,r8937440-n43543,0,35330,1623567601,1,30.32,303.2,32160000,92389696,10,457.750206,0.000465
batch,r8937440-n43543,0,35340,1623567611,2,42.47,424.7,32168216,92389696,10,724.030736,0.000465
batch,r8937440-n43543,0,35350,1623567621,2,40.55,405.5,32174396,92389696,10,681.337981,0.000582
batch,r8937440-n43543,0,35360,1623567631,3,40.42,404.2,32182612,92389696,10,651.865206,0.000582
batch,r8937440-n43543,0,35370,1623567641,3,40.35,403.5,32188756,92389696,10,665.73033,0.000582
batch,r8937440-n43543,0,35380,1623567651,3,40.17,401.7,32194900,92389696,10,669.311032,0.000465
batch,r8937440-n43543,0,35390,1623567661,4,40.22,402.2,32203092,92389696,10,659.487268,0.000582
batch,r8937440-n43543,0,35400,1623567671,4,39.9,399,32209236,92389696,10,659.622348,0.000582
batch,r8937440-n43543,0,35410,1623567681,4,40.07,400.7,32217428,92389696,10,680.118532,0.000465
batch,r8937440-n43543,0,35420,1623567691,5,39.91,399.1,32223572,92389696,10,664.306247,0.000582
batch,r8937440-n43543,0,35430,1623567701,5,39.7,397,32231764,92389696,10,662.163795,0.000582
batch,r8937440-n43543,0,35440,1623567711,5,39.55,395.5,32237908,92389696,10,655.222662,0.000582
batch,r8937440-n43543,0,35450,1623567721,6,39.73,397.3,32246100,92389696,10,667.909966,0.000465
batch,r8937440-n43543,0,35460,1623567731,6,40.02,400.2,32252244,92389696,10,658.74887,0.000582
batch,r8937440-n43543,0,35470,1623567741,6,39.43,394.3,32260672,92389696,10,639.128346,0.000582
batch,r8937440-n43543,0,35480,1623567751,7,39.87,398.7,32266816,92389696,10,671.726704,0.000582
batch,r8937440-n43543,0,35490,1623567761,7,40.04,400.4,32275008,92389696,10,668.335806,0.000465
batch,r8937440-n43543,0,35500,1623567771,7,39.74,397.4,32281152,92389696,10,659.316787,0.000582
batch,r8937440-n43543,0,35510,1623567781,8,40.01,400.1,32287296,92389696,10,673.43178,0.000582
batch,r8937440-n43543,0,35520,1623567791,8,40.07,400.7,32295488,92389696,10,660.859168,0.000465
batch,r8937440-n43543,0,35530,1623567801,8,39.5,395,32301632,92389696,10,650.546966,0.000582
batch,r8937440-n43543,0,35540,1623567811,9,39.65,396.5,32309824,92389696,10,662.687025,0.000582
batch,r8937440-n43543,0,35550,1623567821,9,39.82,398.2,32315968,92389696,10,667.408356,0.000582
batch,r8937440-n43543,0,35560,1623567831,9,40.09,400.9,32324160,92389696,10,676.277534,0.000465
batch,r8937440-n43543,0,35570,1623567841,10,39.98,399.8,32330304,92389696,10,645.427839,0.000582
batch,r8937440-n43543,0,35580,1623567851,10,39.79,397.9,32338496,92389696,10,649.236091,0.000582
batch,r8937440-n43543,0,35590,1623567861,10,40.03,400.3,32344640,92389696,10,666.108451,0.000582
batch,r8937440-n43543,0,35600,1623567871,11,40.5,405,32353012,92389696,10,660.30243,0.000465
batch,r8937440-n43543,0,35610,1623567881,11,39.73,397.3,32359156,92389696,10,659.763014,0.000582
batch,r8937440-n43543,0,35620,1623567891,11,20.04,200.4,32361204,92389696,10,186.810414,0.000233
batch,r8937440-n43543,0,35630,1623567901,12,42.19,421.9,32332820,92324160,10,733.585227,0.000582
batch,r8937440-n43543,0,35640,1623567911,12,39.91,399.1,32338964,92324160,10,665.004248,0.000465
batch,r8937440-n43543,0,35650,1623567921,12,39.96,399.6,32347340,92324160,10,668.239622,0.000582
batch,r8937440-n43543,0,35660,1623567931,13,40.04,400.4,32353484,92324160,10,650.767387,0.000582
batch,r8937440-n43543,0,35670,1623567941,13,40.32,403.2,32361676,92324160,10,650.930209,0.000465
batch,r8937440-n43543,0,35680,1623567951,13,40.27,402.7,32367924,92324160,10,676.411508,0.000582
batch,r8937440-n43543,0,35690,1623567961,14,39.25,392.5,32376116,92324160,10,648.565379,0.000582
batch,r8937440-n43543,0,35700,1623567971,14,39.87,398.7,32382260,92324160,10,674.161594,0.000582
batch,r8937440-n43543,0,35710,1623567981,14,40.26,402.6,32388404,92324160,10,649.364307,0.000465
batch,r8937440-n43543,0,35720,1623567991,15,39.93,399.3,32396596,92324160,10,667.521153,0.000582
batch,r8937440-n43543,0,35730,1623568001,15,39.59,395.9,32402740,92324160,10,636.915805,0.000582
batch,r8937440-n43543,0,35740,1623568011,15,40.81,408.1,32410932,92324160,10,691.310456,0.000465
batch,r8937440-n43543,0,35750,1623568021,16,40.18,401.8,32417076,92324160,10,660.601679,0.000582
batch,r8937440-n43543,0,35760,1623568031,16,40.02,400.2,32425444,92324160,10,650.779645,0.000582
batch,r8937440-n43543,0,35770,1623568041,16,40.24,402.4,32431588,92324160,10,646.32702,0.000582
batch,r8937440-n43543,0,35780,1623568051,17,40.28,402.8,32439808,92324160,10,696.041325,0.000465
batch,r8937440-n43543,0,35790,1623568061,17,40.17,401.7,32445984,92324160,10,655.214639,0.000582
batch,r8937440-n43543,0,35800,1623568071,17,40.26,402.6,32454176,92324160,10,649.604183,0.000582
batch,r8937440-n43543,0,35810,1623568081,18,40.09,400.9,32460412,92324160,10,673.696027,0.000582
batch,r8937440-n43543,0,35820,1623568091,18,40.17,401.7,32468612,92324160,10,680.320824,0.000465
batch,r8937440-n43543,0,35830,1623568101,19,39.89,398.9,32474780,92324160,10,661.517255,0.000582
batch,r8937440-n43543,0,35840,1623568111,19,39.47,394.7,32480940,92324160,10,659.014701,0.000582
batch,r8937440-n43543,0,35850,1623568121,19,40.63,406.3,32489172,92324160,10,678.190676,0.000465
batch,r8937440-n43543,0,35860,1623568131,20,40.32,403.2,32495316,92324160,10,663.031941,0.000582
batch,r8937440-n43543,0,35870,1623568141,20,39.93,399.3,32503508,92324160,10,652.217384,0.000582
batch,r8937440-n43543,0,35880,1623568151,20,39.87,398.7,32509652,92324160,10,667.591605,0.000582
batch,r8937440-n43543,0,35890,1623568161,21,40.23,402.3,32517844,92324160,10,663.684578,0.000465
batch,r8937440-n43543,0,35900,1623568171,21,39.29,392.9,32523988,92324160,10,646.022467,0.000582
batch,r8937440-n43543,0,35910,1623568181,21,38.9,389,32530132,92324160,10,621.371257,0.000582
batch,r8937440-n43543,0,35920,1623568191,22,37.74,377.4,32536276,92324160,10,628.824174,0.000465
batch,r8937440-n43543,0,35930,1623568201,22,40.35,403.5,32544560,92324160,10,678.367943,0.000465
batch,r8937440-n43543,0,35940,1623568211,22,39.82,398.2,32550704,92324160,10,654.845784,0.000582
batch,r8937440-n43543,0,35950,1623568221,23,40,400,32558896,92324160,10,657.424261,0.000582
batch,r8937440-n43543,0,35960,1623568231,23,40.5,405,32565164,92324160,10,686.327069,0.000582
batch,r8937440-n43543,0,35970,1623568241,23,40.51,405.1,32573356,92324160,10,666.222579,0.000465
batch,r8937440-n43543,0,35980,1623568251,24,39.46,394.6,32579500,92324160,10,625.173008,0.000582
batch,r8937440-n43543,0,35990,1623568261,24,40.85,408.5,32587692,92324160,10,711.563301,0.000582
batch,r8937440-n43543,0,36000,1623568271,24,39.93,399.3,32593836,92324160,10,656.982389,0.000582
batch,r8937440-n43543,0,36010,1623568281,25,40.16,401.6,32602028,92324160,10,651.306214,0.000465
batch,r8937440-n43543,0,36020,1623568291,25,39.82,398.2,32608172,92324160,10,667.965688,0.000582
batch,r8937440-n43543,0,36030,1623568301,25,40.04,400.4,32616364,92324160,10,668.752465,0.000582
batch,r8937440-n43543,0,36040,1623568311,26,40.88,408.8,32622508,92324160,10,639.303969,0.000465
batch,r8937440-n43543,0,36050,1623568321,26,40.1,401,32628652,92324160,10,657.861746,0.000582
batch,r8937440-n43543,0,36060,1623568331,26,40.26,402.6,32636996,92324160,10,666.881835,0.000582
batch,r8937440-n43543,0,36070,1623568341,27,39.98,399.8,32643148,92324160,10,661.417581,0.000582
batch,r8937440-n43543,0,36080,1623568351,27,38.81,388.1,32651340,92324160,10,618.220614,0.000465
batch,r8937440-n43543,0,36090,1623568361,27,39.05,390.5,32657484,92324160,10,631.394172,0.000582
batch,r8937440-n43543,0,36100,1623568371,28,35.23,352.3,32663664,92324160,10,538.531661,0.000465
batch,r8937440-n43543,0,36110,1623568381,28,42.85,428.5,32672040,92324160,10,764.383709,0.000582
batch,r8937440-n43543,0,36120,1623568391,28,40.11,401.1,32678184,92324160,10,648.808614,0.000582
batch,r8937440-n43543,0,36130,1623568401,29,40.2,402,32686376,92324160,10,667.777575,0.000465
batch,r8937440-n43543,0,36140,1623568411,29,40.03,400.3,32692548,92324160,10,648.578096,0.000582
batch,r8937440-n43543,0,36150,1623568421,29,39.84,398.4,32700740,92324160,10,664.090016,0.000582
batch,r8937440-n43543,0,36160,1623568431,0,40.24,402.4,32706952,92324160,10,653.111215,0.000465
batch,r8937440-n43543,0,36170,1623568441,0,40,400,32713096,92324160,10,662.280756,0.000582
batch,r8937440-n43543,0,36180,1623568451,0,40.07,400.7,32721288,92324160,10,664.482509,0.000582
batch,r8937440-n43543,0,36190,1623568461,1,40.27,402.7,32727516,92324160,10,676.322182,0.000582
batch,r8937440-n43543,0,36200,1623568471,1,40.56,405.6,32735708,92324160,10,678.151335,0.000465
batch,r8937440-n43543,0,36210,1623568481,1,40.17,401.7,32741852,92324160,10,657.611223,0.000582
batch,r8937440-n43543,0,36220,1623568491,2,40.94,409.4,32750044,92324160,10,664.517882,0.000582
batch,r8937440-n43543,0,36230,1623568501,2,40.95,409.5,32756188,92324160,10,662.138748,0.000465
batch,r8937440-n43543,0,36240,1623568511,2,40.73,407.3,32764444,92324160,10,662.239459,0.000582
batch,r8937440-n43543,0,36250,1623568521,3,35.73,357.3,32770652,92324160,10,560.020262,0.000465
batch,r8937440-n43543,0,36260,1623568531,3,41.23,412.3,32776884,92324160,10,645.627179,0.000582
batch,r8937440-n43543,0,36270,1623568541,3,41.6,416,32785076,92324160,10,714.369799,0.000582
batch,r8937440-n43543,0,36280,1623568551,4,40.68,406.8,32791236,92324160,10,662.802911,0.000582
batch,r8937440-n43543,0,36290,1623568561,4,40.33,403.3,32799428,92324160,10,657.961648,0.000465
batch,r8937440-n43543,0,36300,1623568571,4,40.27,402.7,32805596,92324160,10,671.585275,0.000582
batch,r8937440-n43543,0,36310,1623568581,5,40.57,405.7,32811796,92324160,10,665.53877,0.000582
batch,r8937440-n43543,0,36320,1623568591,5,40.76,407.6,32819988,92324160,10,685.636846,0.000465
batch,r8937440-n43543,0,36330,1623568601,5,40.86,408.6,32826132,92324160,10,665.034048,0.000582
batch,r8937440-n43543,0,36340,1623568611,6,40.02,400.2,32834368,92324160,10,668.35288,0.000582
batch,r8937440-n43543,0,36350,1623568621,6,40.49,404.9,32840512,92324160,10,639.246697,0.000582
batch,r8937440-n43543,0,36360,1623568631,7,40.2,402,32848704,92324160,10,662.152864,0.000465
batch,r8937440-n43543,0,36370,1623568641,7,40.26,402.6,32854920,92324160,10,660.676296,0.000582
batch,r8937440-n43543,0,36380,1623568651,7,40.12,401.2,32863112,92324160,10,653.655931,0.000582
batch,r8937440-n43543,0,36390,1623568661,8,40.34,403.4,32869256,92324160,10,667.683722,0.000582
batch,r8937440-n43543,0,36400,1623568671,8,40.42,404.2,32913024,92389696,10,670.670712,0.000465
batch,r8937440-n43543,0,36410,1623568681,8,37.37,373.7,32919432,92389696,10,549.884663,0.000582
batch,r8937440-n43543,0,36420,1623568691,9,43.03,430.3,32925576,92389696,10,748.770269,0.000582
batch,r8937440-n43543,0,36430,1623568701,9,34.29,342.9,32931720,92389696,10,514.003543,0.000465
batch,r8937440-n43543,0,36440,1623568711,9,42.38,423.8,32939912,92389696,10,733.5773,0.000465
batch,r8937440-n43543,0,36450,1623568721,10,40.11,401.1,32946056,92389696,10,676.875187,0.000582
batch,r8937440-n43543,0,36460,1623568731,10,40.71,407.1,32954248,92389696,10,676.65624,0.000582
batch,r8937440-n43543,0,36470,1623568741,10,40.39,403.9,32960392,92389696,10,649.069586,0.000582
batch,r8937440-n43543,0,36480,1623568751,11,40.34,403.4,32968584,92389696,10,678.503997,0.000465
batch,r8937440-n43543,0,36490,1623568761,11,39.87,398.7,32974728,92389696,10,659.364469,0.000582
batch,r8937440-n43543,0,36500,1623568771,11,40.34,403.4,32982920,92389696,10,682.799131,0.000582
batch,r8937440-n43543,0,36510,1623568781,12,40.63,406.3,32989244,92389696,10,652.038926,0.000582
batch,r8937440-n43543,0,36520,1623568791,12,40.22,402.2,32997728,92389696,10,659.389907,0.000465
batch,r8937440-n43543,0,36530,1623568801,12,40.13,401.3,33003872,92389696,10,665.78168,0.000582
batch,r8937440-n43543,0,36540,1623568811,13,40,400,33012064,92389696,10,657.166676,0.000582
batch,r8937440-n43543,0,36550,1623568821,13,40.6,406,33018340,92389696,10,680.164878,0.000465
batch,r8937440-n43543,0,36560,1623568831,13,40.4,404,33024552,92389696,10,665.88727,0.000582
batch,r8937440-n43543,0,36570,1623568841,14,40.2,402,33032744,92389696,10,663.235204,0.000582
batch,r8937440-n43543,0,36580,1623568851,14,39.96,399.6,33038992,92389696,10,665.288376,0.000582
batch,r8937440-n43543,0,36590,1623568861,14,40.15,401.5,33047184,92389696,10,665.246656,0.000465
batch,r8937440-n43543,0,36600,1623568871,15,40.47,404.7,33053328,92389696,10,658.147648,0.000582
batch,r8937440-n43543,0,36610,1623568881,15,40.04,400.4,33061552,92389696,10,654.503006,0.000582
batch,r8937440-n43543,0,36620,1623568891,15,40.39,403.9,33067696,92389696,10,669.607874,0.000465
batch,r8937440-n43543,0,36630,1623568901,16,39.96,399.6,33075888,92389696,10,688.005218,0.000582
batch,r8937440-n43543,0,36640,1623568911,16,40.06,400.6,33082032,92389696,10,677.398432,0.000582
batch,r8937440-n43543,0,36650,1623568921,16,37.25,372.5,33088256,92389696,10,598.059758,0.000582
batch,r8937440-n43543,0,36660,1623568931,17,42.65,426.5,33096512,92389696,10,719.612211,0.000465
batch,r8937440-n43543,0,36670,1623568941,17,40.14,401.4,33102656,92389696,10,667.73693,0.000582
batch,r8937440-n43543,0,36680,1623568951,17,40.37,403.7,33110848,92389696,10,658.841218,0.000582
batch,r8937440-n43543,0,36690,1623568961,18,40.29,402.9,33118368,92389696,10,661.787142,0.000465
batch,r8937440-n43543,0,36700,1623568971,18,40.42,404.2,33126612,92389696,10,654.094474,0.000582
batch,r8937440-n43543,0,36710,1623568981,18,35.88,358.8,33132772,92389696,10,566.39147,0.000465
batch,r8937440-n43543,0,36720,1623568991,19,40.15,401.5,33139036,92389696,10,646.945976,0.000582
batch,r8937440-n43543,0,36730,1623569001,19,39.88,398.8,33147228,92389696,10,681.850682,0.000582
batch,r8937440-n43543,0,36740,1623569011,19,40.73,407.3,33153372,92389696,10,664.16624,0.000465
batch,r8937440-n43543,0,36750,1623569021,20,40.44,404.4,33161616,92389696,10,663.412275,0.000582
batch,r8937440-n43543,0,36760,1623569031,20,40.13,401.3,33167760,92389696,10,655.403405,0.000582
batch,r8937440-n43543,0,36770,1623569041,20,40.02,400.2,33173932,92389696,10,640.304783,0.000582
batch,r8937440-n43543,0,36780,1623569051,21,40.36,403.6,33182128,92389696,10,652.29134,0.000465
batch,r8937440-n43543,0,36790,1623569061,21,40.45,404.5,33188272,92389696,10,659.818227,0.000582
batch,r8937440-n43543,0,36800,1623569071,21,40.14,401.4,33196500,92389696,10,672.44222,0.000582
batch,r8937440-n43543,0,36810,1623569081,22,40.24,402.4,33202644,92389696,10,657.493881,0.000465
batch,r8937440-n43543,0,36820,1623569091,22,40.21,402.1,33210868,92389696,10,660.731344,0.000582
batch,r8937440-n43543,0,36830,1623569101,22,40.36,403.6,33217012,92389696,10,669.144623,0.000582
batch,r8937440-n43543,0,36840,1623569111,23,40.46,404.6,33225204,92389696,10,689.719114,0.000465
batch,r8937440-n43543,0,36850,1623569121,23,40.18,401.8,33231348,92389696,10,656.277751,0.000582
batch,r8937440-n43543,0,36860,1623569131,23,40.23,402.3,33239540,92389696,10,646.133251,0.000582
batch,r8937440-n43543,0,36870,1623569141,24,39.95,399.5,33245684,92389696,10,668.758258,0.000582
batch,r8937440-n43543,0,36880,1623569151,24,40.09,400.9,33251828,92389696,10,660.378735,0.000465
batch,r8937440-n43543,0,36890,1623569161,24,40.1,401,33260020,92389696,10,689.056382,0.000582
batch,r8937440-n43543,0,36900,1623569171,25,40.51,405.1,33266164,92389696,10,660.424318,0.000582
batch,r8937440-n43543,0,36910,1623569181,25,40.91,409.1,33274356,92389696,10,667.716785,0.000582
batch,r8937440-n43543,0,36920,1623569191,25,40.6,406,33280500,92389696,10,665.09031,0.000465
batch,r8937440-n43543,0,36930,1623569201,26,40.16,401.6,33288852,92389696,10,656.55196,0.000582
batch,r8937440-n43543,0,36940,1623569211,26,39.63,396.3,33294996,92389696,10,651.053829,0.000582
batch,r8937440-n43543,0,36950,1623569221,26,40.45,404.5,33303344,92389696,10,675.190809,0.000465
batch,r8937440-n43543,0,36960,1623569231,26,40.07,400.7,33309488,92389696,10,647.65682,0.000582
batch,r8937440-n43543,0,36970,1623569241,27,40.7,407,33317680,92389696,10,676.221429,0.000582
batch,r8937440-n43543,0,36980,1623569251,27,39.99,399.9,33323824,92389696,10,651.77777,0.000582
batch,r8937440-n43543,0,36990,1623569261,27,40.4,404,33329968,92389696,10,651.682588,0.000465
batch,r8937440-n43543,0,37000,1623569271,28,40.07,400.7,33338160,92389696,10,659.949504,0.000582
batch,r8937440-n43543,0,37010,1623569281,28,40.04,400.4,33344420,92389696,10,659.602773,0.000582
batch,r8937440-n43543,0,37020,1623569291,28,40.24,402.4,33352616,92389696,10,674.764349,0.000465
batch,r8937440-n43543,0,37030,1623569301,0,40.22,402.2,33358760,92389696,10,656.57618,0.000582
batch,r8937440-n43543,0,37040,1623569311,0,40.36,403.6,33366952,92389696,10,674.666634,0.000582
batch,r8937440-n43543,0,37050,1623569321,0,40.56,405.6,33373096,92389696,10,674.695879,0.000582
batch,r8937440-n43543,0,37060,1623569331,1,40.41,404.1,33381428,92389696,10,647.661419,0.000465
batch,r8937440-n43543,0,37070,1623569341,1,40.05,400.5,33387572,92389696,10,673.904471,0.000582
batch,r8937440-n43543,0,37080,1623569351,1,40.03,400.3,33395764,92389696,10,680.959302,0.000582
batch,r8937440-n43543,0,37090,1623569361,2,40.01,400.1,33401908,92389696,10,667.2521,0.000582
batch,r8937440-n43543,0,37100,1623569371,2,40.25,402.5,33410148,92389696,10,649.027486,0.000465
batch,r8937440-n43543,0,37110,1623569381,2,40.25,402.5,33416292,92389696,10,661.058825,0.000582
batch,r8937440-n43543,0,37120,1623569391,3,40.05,400.5,33422436,92389696,10,678.005339,0.000582
batch,r8937440-n43543,0,37130,1623569401,3,40.18,401.8,33430712,92389696,10,665.687969,0.000465
batch,r8937440-n43543,0,37140,1623569411,3,40.32,403.2,33436856,92389696,10,668.753834,0.000582
batch,r8937440-n43543,0,37150,1623569421,4,39.92,399.2,33445116,92389696,10,663.238539,0.000582
batch,r8937440-n43543,0,37160,1623569431,4,40.58,405.8,33451260,92389696,10,673.029167,0.000582
batch,r8937440-n43543,0,37170,1623569441,4,40.53,405.3,33459508,92389696,10,680.469058,0.000465
batch,r8937440-n43543,0,37180,1623569451,5,40.06,400.6,33465652,92389952,10,656.045284,0.000582
batch,r8937440-n43543,0,37190,1623569461,5,40.66,406.6,33473844,92389952,10,641.149001,0.000582
batch,r8937440-n43543,0,37200,1623569471,5,40.33,403.3,33480112,92389952,10,680.48776,0.000582
batch,r8937440-n43543,0,37210,1623569481,6,40.27,402.7,33488320,92389952,10,672.430662,0.000465
batch,r8937440-n43543,0,37220,1623569491,6,40.58,405.8,33464544,92324416,10,672.911854,0.000582
batch,r8937440-n43543,0,37230,1623569501,6,40.33,403.3,33470692,92324416,10,669.853184,0.000582
batch,r8937440-n43543,0,37240,1623569511,7,39.65,396.5,33478932,92324416,10,631.118921,0.000465
batch,r8937440-n43543,0,37250,1623569521,7,41.72,417.2,33485100,92324416,10,687.4279,0.000582
batch,r8937440-n43543,0,37260,1623569531,7,41.14,411.4,33493292,92324416,10,633.273361,0.000582
batch,r8937440-n43543,0,37270,1623569541,8,40.43,404.3,33499436,92324416,10,684.175436,0.000465
batch,r8937440-n43543,0,37280,1623569551,8,40.15,401.5,33507628,92324416,10,674.984304,0.000582
batch,r8937440-n43543,0,37290,1623569561,8,40.51,405.1,33513772,92324416,10,667.966932,0.000582
batch,r8937440-n43543,0,37300,1623569571,9,40.73,407.3,33521964,92324416,10,665.226155,0.000582
batch,r8937440-n43543,0,37310,1623569581,9,40.41,404.1,33528108,92324416,10,679.978074,0.000465
batch,r8937440-n43543,0,37320,1623569591,9,40.55,405.5,33534324,92324416,10,666.52921,0.000582
batch,r8937440-n43543,0,37330,1623569601,10,40.35,403.5,33542516,92324416,10,662.951247,0.000582
batch,r8937440-n43543,0,37340,1623569611,10,40.31,403.1,33548756,92324416,10,675.669353,0.000465
batch,r8937440-n43543,0,37350,1623569621,10,40.52,405.2,33556948,92324416,10,664.165571,0.000582
batch,r8937440-n43543,0,37360,1623569631,11,40.18,401.8,33563092,92324416,10,654.761207,0.000582
batch,r8937440-n43543,0,37370,1623569641,11,40.06,400.6,33571284,92324416,10,658.403648,0.000582
batch,r8937440-n43543,0,37380,1623569651,11,40.07,400.7,33577428,92324416,10,678.778694,0.000465
batch,r8937440-n43543,0,37390,1623569661,12,40.48,404.8,33585620,92324416,10,663.143533,0.000582
batch,r8937440-n43543,0,37400,1623569671,12,39.67,396.7,33591764,92324416,10,651.06602,0.000582
batch,r8937440-n43543,0,37410,1623569681,12,39.91,399.1,33599956,92324416,10,675.280299,0.000582
batch,r8937440-n43543,0,37420,1623569691,13,40.29,402.9,33606100,92324416,10,656.330905,0.000465
batch,r8937440-n43543,0,37430,1623569701,13,39.94,399.4,33612244,92324416,10,671.641291,0.000582
batch,r8937440-n43543,0,37440,1623569711,13,40.22,402.2,33620436,92324416,10,653.641828,0.000582
batch,r8937440-n43543,0,37450,1623569721,14,40.63,406.3,33626580,92324416,10,685.036639,0.000465
batch,r8937440-n43543,0,37460,1623569731,14,40.11,401.1,33634928,92324416,10,660.799344,0.000582
batch,r8937440-n43543,0,37470,1623569741,14,40.02,400.2,33641244,92324416,10,666.662146,0.000582
batch,r8937440-n43543,0,37480,1623569751,15,40.09,400.9,33649436,92324416,10,661.127362,0.000582
batch,r8937440-n43543,0,37490,1623569761,15,40.62,406.2,33655580,92324416,10,670.505647,0.000465
batch,r8937440-n43543,0,37500,1623569771,15,40.36,403.6,33663772,92324416,10,680.462898,0.000582
batch,r8937440-n43543,0,37510,1623569781,16,40.75,407.5,33669956,92324416,10,664.889314,0.000582
batch,r8937440-n43543,0,37520,1623569791,16,39.73,397.3,33678148,92324416,10,656.564051,0.000465
batch,r8937440-n43543,0,37530,1623569801,16,40.47,404.7,33684364,92324416,10,687.429229,0.000582
batch,r8937440-n43543,0,37540,1623569811,16,40.67,406.7,33692580,92324416,10,670.272785,0.000582
batch,r8937440-n43543,0,37550,1623569821,17,39.91,399.1,33698724,92324416,10,642.061241,0.000582
batch,r8937440-n43543,0,37560,1623569831,17,40.31,403.1,33704868,92324416,10,676.397761,0.000465
batch,r8937440-n43543,0,37570,1623569841,17,40.23,402.3,33713060,92324416,10,672.101688,0.000582
batch,r8937440-n43543,0,37580,1623569851,18,40.47,404.7,33719204,92324416,10,649.814616,0.000582
batch,r8937440-n43543,0,37590,1623569861,18,40.12,401.2,33727484,92324416,10,676.337678,0.000582
batch,r8937440-n43543,0,37600,1623569871,18,40.39,403.9,33733628,92324416,10,661.269288,0.000465
batch,r8937440-n43543,0,37610,1623569881,19,40.43,404.3,33741844,92324416,10,651.229125,0.000582
batch,r8937440-n43543,0,37620,1623569891,19,39.71,397.1,33748084,92324416,10,652.46323,0.000582
batch,r8937440-n43543,0,37630,1623569901,19,40.17,401.7,33756308,92324416,10,661.476072,0.000465
batch,r8937440-n43543,0,37640,1623569911,20,40.22,402.2,33762452,92324416,10,672.200308,0.000582
batch,r8937440-n43543,0,37650,1623569921,20,39.92,399.2,33770716,92324416,10,642.917278,0.000582
batch,r8937440-n43543,0,37660,1623569931,20,41.05,410.5,33776892,92324416,10,695.04622,0.000582
batch,r8937440-n43543,0,37670,1623569941,21,40.51,405.1,33785116,92324416,10,664.202127,0.000465
batch,r8937440-n43543,0,37680,1623569951,21,40.76,407.6,33791260,92324416,10,658.951037,0.000582
batch,r8937440-n43543,0,37690,1623569961,21,40.47,404.7,33797436,92324416,10,652.45501,0.000582
batch,r8937440-n43543,0,37700,1623569971,22,40,400,33805628,92324416,10,658.992853,0.000582
batch,r8937440-n43543,0,37710,1623569981,22,40.16,401.6,33811772,92324416,10,674.928835,0.000465
batch,r8937440-n43543,0,37720,1623569991,22,40.59,405.9,33820012,92324416,10,647.801932,0.000582
batch,r8937440-n43543,0,37730,1623570001,23,40.18,401.8,33826156,92324416,10,654.425489,0.000582
batch,r8937440-n43543,0,37740,1623570011,23,40.25,402.5,33834348,92324416,10,670.700423,0.000465
batch,r8937440-n43543,0,37750,1623570021,23,40.17,401.7,33840492,92324416,10,643.28861,0.000582
batch,r8937440-n43543,0,37760,1623570031,24,40.26,402.6,33848684,92324416,10,668.268764,0.000582
batch,r8937440-n43543,0,37770,1623570041,24,40.62,406.2,33854828,92324416,10,651.069508,0.000582
batch,r8937440-n43543,0,37780,1623570051,24,40.19,401.9,33863020,92324416,10,678.767034,0.000465
batch,r8937440-n43543,0,37790,1623570061,25,40.39,403.9,33869164,92324416,10,654.82223,0.000582
batch,r8937440-n43543,0,37800,1623570071,25,39.42,394.2,33875308,92324416,10,633.816092,0.000582
batch,r8937440-n43543,0,37810,1623570081,25,40.97,409.7,33883500,92324416,10,688.253698,0.000582
batch,r8937440-n43543,0,37820,1623570091,26,39.64,396.4,33889776,92324416,10,622.393322,0.000465
batch,r8937440-n43543,0,37830,1623570101,26,40.59,405.9,33897968,92324416,10,691.13705,0.000582
batch,r8937440-n43543,0,37840,1623570111,26,40.33,403.3,33904272,92324416,10,670.460992,0.000582
batch,r8937440-n43543,0,37850,1623570121,27,40.07,400.7,33912464,92324416,10,668.089279,0.000465
batch,r8937440-n43543,0,37860,1623570131,27,40.32,403.2,33918608,92324416,10,653.463187,0.000582
batch,r8937440-n43543,0,37870,1623570141,27,40.07,400.7,33926800,92324416,10,653.573073,0.000582
batch,r8937440-n43543,0,37880,1623570151,27,33.59,335.9,33930896,92324416,10,496.02368,0.000465
batch,r8937440-n43543,0,37890,1623570161,28,38.52,385.2,33939088,92324416,10,657.529499,0.000465
batch,r8937440-n43543,0,37900,1623570171,0,40.53,405.3,33945324,92324416,10,656.260808,0.000582
batch,r8937440-n43543,0,37910,1623570181,0,39.92,399.2,33953516,92324416,10,631.642085,0.000465
batch,r8937440-n43543,0,37920,1623570191,0,40.18,401.8,33959660,92324416,10,681.831827,0.000582
batch,r8937440-n43543,0,37930,1623570201,1,40.43,404.3,33965848,92324416,10,662.133442,0.000582
batch,r8937440-n43543,0,37940,1623570211,1,39.56,395.6,33974132,92324416,10,620.276862,0.000465
batch,r8937440-n43543,0,37950,1623570221,1,40.26,402.6,33980276,92324416,10,679.651984,0.000582
batch,r8937440-n43543,0,37960,1623570231,1,39.4,394,33986452,92324416,10,634.047284,0.000582
batch,r8937440-n43543,0,37970,1623570241,2,40.57,405.7,33994644,92324416,10,685.805094,0.000582
batch,r8937440-n43543,0,37980,1623570251,2,40.35,403.5,34002836,92324416,10,652.555642,0.000465
batch,r8937440-n43543,0,37990,1623570261,2,39.84,398.4,34008980,92324416,10,653.757197,0.000582
batch,r8937440-n43543,0,38000,1623570271,3,40.32,403.2,34015200,92324416,10,658.780218,0.000582
batch,r8937440-n43543,0,38010,1623570281,3,40.34,403.4,34023392,92324416,10,666.056635,0.000465
batch,r8937440-n43543,0,38020,1623570291,3,40.08,400.8,34029536,92324416,10,650.184476,0.000582
batch,r8937440-n43543,0,38030,1623570301,4,40.2,402,34037728,92324416,10,665.090606,0.000582
batch,r8937440-n43543,0,38040,1623570311,4,39.85,398.5,34043940,92324416,10,655.832893,0.000465
batch,r8937440-n43543,0,38050,1623570321,4,40.11,401.1,34052216,92324416,10,656.224783,0.000582
batch,r8937440-n43543,0,38060,1623570331,5,39.8,398,34058360,92324416,10,672.379431,0.000582
batch,r8937440-n43543,0,38070,1623570341,5,40.38,403.8,34066580,92324416,10,669.030511,0.000582
batch,r8937440-n43543,0,38080,1623570351,5,40.21,402.1,34072812,92324416,10,651.661992,0.000465
batch,r8937440-n43543,0,38090,1623570361,6,40.12,401.2,34078956,92324416,10,655.33567,0.000582
batch,r8937440-n43543,0,38100,1623570371,6,39.92,399.2,34087148,92324416,10,650.763548,0.000582
batch,r8937440-n43543,0,38110,1623570381,6,40.66,406.6,34093332,92324416,10,698.734738,0.000582
batch,r8937440-n43543,0,38120,1623570391,7,40.84,408.4,34101544,92324416,10,660.158751,0.000465
batch,r8937440-n43543,0,38130,1623570401,7,40.06,400.6,34107696,92324416,10,662.43375,0.000582
batch,r8937440-n43543,0,38140,1623570411,7,39.75,397.5,34115888,92324416,10,626.703085,0.000582
batch,r8937440-n43543,0,38150,1623570421,8,39.68,396.8,34122112,92324416,10,624.561499,0.000465
batch,r8937440-n43543,0,38160,1623570431,8,40.84,408.4,34130304,92324416,10,675.75442,0.000582
batch,r8937440-n43543,0,38170,1623570441,8,39.87,398.7,34136448,92324416,10,658.521934,0.000582
batch,r8937440-n43543,0,38180,1623570451,9,39.97,399.7,34144640,92324416,10,674.339868,0.000465
batch,r8937440-n43543,0,38190,1623570461,9,40.17,401.7,34150784,92324416,10,647.120578,0.000582
batch,r8937440-n43543,0,38200,1623570471,9,40.38,403.8,34156928,92324416,10,652.95918,0.000582
batch,r8937440-n43543,0,38210,1623570481,10,40.69,406.9,34165120,92324416,10,666.542992,0.000582
batch,r8937440-n43543,0,38220,1623570491,10,40.11,401.1,34171264,92324416,10,655.004313,0.000465
batch,r8937440-n43543,0,38230,1623570501,10,39.79,397.9,34179456,92324416,10,652.3217,0.000582
batch,r8937440-n43543,0,38240,1623570511,11,40.26,402.6,34185712,92324416,10,680.895504,0.000582
batch,r8937440-n43543,0,38250,1623570521,11,38.24,382.4,34191856,92324416,10,578.7452,0.000582
batch,r8937440-n43543,0,38260,1623570531,11,41.01,410.1,34200048,92324416,10,706.618417,0.000465
batch,r8937440-n43543,0,38270,1623570541,12,40.1,401,34206192,92324416,10,677.625261,0.000582
batch,r8937440-n43543,0,38280,1623570551,12,38.15,381.5,34214384,92324416,10,584.555117,0.000465
batch,r8937440-n43543,0,38290,1623570561,12,38.8,388,34220528,92324416,10,667.84589,0.000582
batch,r8937440-n43543,0,38300,1623570571,12,40.38,403.8,34226836,92324416,10,667.756331,0.000465
batch,r8937440-n43543,0,38310,1623570581,13,39.73,397.3,34235028,92324416,10,659.017584,0.000582
batch,r8937440-n43543,0,38320,1623570591,13,40.23,402.3,34241172,92324416,10,670.806836,0.000582
batch,r8937440-n43543,0,38330,1623570601,13,40.43,404.3,34249364,92324416,10,670.696795,0.000582
batch,r8937440-n43543,0,38340,1623570611,14,40.21,402.1,34255532,92324416,10,644.041488,0.000465
batch,r8937440-n43543,0,38350,1623570621,14,40.16,401.6,34263740,92324416,10,655.000656,0.000582
batch,r8937440-n43543,0,38360,1623570631,14,40.23,402.3,34270028,92324416,10,679.415694,0.000582
batch,r8937440-n43543,0,38370,1623570641,15,40.18,401.8,34278220,92324416,10,664.659726,0.000465
batch,r8937440-n43543,0,38380,1623570651,15,39.23,392.3,34284364,92324416,10,634.324512,0.000582
batch,r8937440-n43543,0,38390,1623570661,15,41.86,418.6,34292608,92324416,10,703.105642,0.000582
batch,r8937440-n43543,0,38400,1623570671,16,40.17,401.7,34298752,92324416,10,673.141278,0.000582
batch,r8937440-n43543,0,38410,1623570681,16,40.49,404.9,34304960,92324416,10,650.908633,0.000465
batch,r8937440-n43543,0,38420,1623570691,16,40.4,404,34313152,92324416,10,658.824739,0.000582
batch,r8937440-n43543,0,38430,1623570701,17,40.33,403.3,34319296,92324416,10,653.715652,0.000582
batch,r8937440-n43543,0,38440,1623570711,17,40.88,408.8,34327488,92324416,10,679.009602,0.000582
batch,r8937440-n43543,0,38450,1623570721,17,40.04,400.4,34333632,92324416,10,666.173766,0.000465
batch,r8937440-n43543,0,38460,1623570731,18,39.84,398.4,34341884,92324416,10,650.833138,0.000582
batch,r8937440-n43543,0,38470,1623570741,18,38.47,384.7,34348028,92324416,10,647.44216,0.000465
batch,r8937440-n43543,0,38480,1623570751,18,39.87,398.7,34354280,92324416,10,653.027295,0.000582
batch,r8937440-n43543,0,38490,1623570761,18,39.69,396.9,34362472,92324416,10,629.92747,0.000582
batch,r8937440-n43543,0,38500,1623570771,19,41.22,412.2,34368616,92324416,10,690.145524,0.000582
batch,r8937440-n43543,0,38510,1623570781,19,40.49,404.9,34376832,92324416,10,678.958817,0.000465
batch,r8937440-n43543,0,38520,1623570791,19,39.97,399.7,34383072,92324416,10,666.63691,0.000582
batch,r8937440-n43543,0,38530,1623570801,20,40.45,404.5,34325768,92258880,10,644.141474,0.000582
batch,r8937440-n43543,0,38540,1623570811,20,40.29,402.9,34331920,92258880,10,682.069262,0.000465
batch,r8937440-n43543,0,38550,1623570821,20,39.5,395,34340112,92258880,10,667.078902,0.000582
batch,r8937440-n43543,0,38560,1623570831,21,40.45,404.5,34346272,92258880,10,665.361142,0.000582
batch,r8937440-n43543,0,38570,1623570841,21,40.03,400.3,34362116,92324416,10,654.926999,0.000582
batch,r8937440-n43543,0,38580,1623570851,21,39.63,396.3,34370900,92324416,10,635.697607,0.000465
batch,r8937440-n43543,0,38590,1623570861,22,40.37,403.7,34377144,92324416,10,668.024631,0.000582
batch,r8937440-n43543,0,38600,1623570871,22,40.05,400.5,34387184,92324416,10,662.270268,0.000582
batch,r8937440-n43543,0,38610,1623570881,22,40.2,402,34393328,92324416,10,654.69415,0.000465
batch,r8937440-n43543,0,38620,1623570891,23,40.12,401.2,34404952,92324416,10,644.261689,0.000582
batch,r8937440-n43543,0,38630,1623570901,23,39.92,399.2,34411096,92324416,10,659.949626,0.000582
batch,r8937440-n43543,0,38640,1623570911,23,40.28,402.8,34419288,92324416,10,659.399879,0.000582
batch,r8937440-n43543,0,38650,1623570921,24,40.57,405.7,34429324,92324416,10,679.423762,0.000465
batch,r8937440-n43543,0,38660,1623570931,24,40.15,401.5,34437516,92324416,10,666.300433,0.000582
batch,r8937440-n43543,0,38670,1623570941,24,40.49,404.9,34443660,92324416,10,652.510771,0.000582
batch,r8937440-n43543,0,38680,1623570951,24,40.07,400.7,34451852,92324416,10,670.515142,0.000465
batch,r8937440-n43543,0,38690,1623570961,25,40.05,400.5,34457996,92324416,10,658.916623,0.000582
batch,r8937440-n43543,0,38700,1623570971,25,40.46,404.6,34470212,92324416,10,667.108188,0.000582
batch,r8937440-n43543,0,38710,1623570981,25,32.04,320.4,34476664,92324416,10,503.063855,0.000349
batch,r8937440-n43543,0,38720,1623570991,26,41,410,34484392,92324416,10,676.037721,0.000582
batch,r8937440-n43543,0,38730,1623571001,26,40.07,400.7,34492584,92324416,10,692.041984,0.000582
batch,r8937440-n43543,0,38740,1623571011,26,40.33,403.3,34498728,92324416,10,673.780275,0.000582
batch,r8937440-n43543,0,38750,1623571021,27,39.94,399.4,34506920,92324416,10,631.037646,0.000465
batch,r8937440-n43543,0,38760,1623571031,27,40.42,404.2,34513064,92324416,10,689.296193,0.000582
batch,r8937440-n43543,0,38770,1623571041,27,40.35,403.5,34521256,92324416,10,658.106761,0.000582
batch,r8937440-n43543,0,38780,1623571051,0,39.94,399.4,34527480,92324416,10,667.047102,0.000465
batch,r8937440-n43543,0,38790,1623571061,0,40.33,403.3,34535832,92324416,10,661.917502,0.000582
batch,r8937440-n43543,0,38800,1623571071,0,40.02,400.2,34542088,92324416,10,659.363365,0.000582
batch,r8937440-n43543,0,38810,1623571081,1,40.18,401.8,34550280,92324416,10,675.312281,0.000582
batch,r8937440-n43543,0,38820,1623571091,1,40.62,406.2,34556424,92324416,10,664.603069,0.000465
batch,r8937440-n43543,0,38830,1623571101,1,34.68,346.8,34562612,92324416,10,539.799297,0.000465
batch,r8937440-n43543,0,38840,1623571111,2,39.75,397.5,34568756,92324416,10,654.978753,0.000582
batch,r8937440-n43543,0,38850,1623571121,2,40.16,401.6,34576948,92324416,10,659.456372,0.000582
batch,r8937440-n43543,0,38860,1623571131,2,40.07,400.7,34583140,92324416,10,651.17342,0.000465
batch,r8937440-n43543,0,38870,1623571141,3,40.51,405.1,34591376,92324416,10,667.419372,0.000582
batch,r8937440-n43543,0,38880,1623571151,3,40.52,405.2,34597520,92324416,10,665.011358,0.000582
batch,r8937440-n43543,0,38890,1623571161,3,40.1,401,34605712,92324416,10,673.011479,0.000582
batch,r8937440-n43543,0,38900,1623571171,3,40.45,404.5,34611856,92324416,10,667.726112,0.000465
batch,r8937440-n43543,0,38910,1623571181,4,40.61,406.1,34620108,92324416,10,657.223522,0.000582
batch,r8937440-n43543,0,38920,1623571191,4,40.01,400.1,34626252,92324416,10,665.669677,0.000582
batch,r8937440-n43543,0,38930,1623571201,4,40.02,400.2,34632476,92324416,10,650.207577,0.000465
batch,r8937440-n43543,0,38940,1623571211,5,40.16,401.6,34640684,92324416,10,656.139023,0.000582
batch,r8937440-n43543,0,38950,1623571221,5,40.17,401.7,34646912,92324416,10,671.15093,0.000582
batch,r8937440-n43543,0,38960,1623571231,5,40.09,400.9,34655120,92324416,10,636.682377,0.000582
batch,r8937440-n43543,0,38970,1623571241,6,40.11,401.1,34661328,92324416,10,669.892935,0.000465
batch,r8937440-n43543,0,38980,1623571251,6,40.2,402,34669520,92324416,10,674.775264,0.000582
batch,r8937440-n43543,0,38990,1623571261,6,40.55,405.5,34675664,92324416,10,671.266722,0.000582
batch,r8937440-n43543,0,39000,1623571271,7,40.04,400.4,34683904,92324416,10,640.547984,0.000465
batch,r8937440-n43543,0,39010,1623571281,7,40.12,401.2,34690048,92324416,10,664.586653,0.000582
batch,r8937440-n43543,0,39020,1623571291,7,40.8,408,34698504,92324416,10,700.421001,0.000582
batch,r8937440-n43543,0,39030,1623571301,8,40.13,401.3,34704648,92324416,10,648.511013,0.000582
batch,r8937440-n43543,0,39040,1623571311,8,40.66,406.6,34710792,92324416,10,651.63193,0.000465
batch,r8937440-n43543,0,39050,1623571321,8,40.16,401.6,34718984,92324416,10,648.685351,0.000582
batch,r8937440-n43543,0,39060,1623571331,9,40.13,401.3,34725128,92324416,10,657.914625,0.000582
batch,r8937440-n43543,0,39070,1623571341,9,40.07,400.7,34733320,92324416,10,637.533452,0.000465
batch,r8937440-n43543,0,39080,1623571351,9,40.38,403.8,34739560,92324416,10,669.080679,0.000582
batch,r8937440-n43543,0,39090,1623571361,10,40.72,407.2,34747752,92324416,10,665.313698,0.000582
batch,r8937440-n43543,0,39100,1623571371,10,40.44,404.4,34753964,92324416,10,666.3942,0.000582
batch,r8937440-n43543,0,39110,1623571381,10,40.31,403.1,34762156,92324416,10,654.990803,0.000465
batch,r8937440-n43543,0,39120,1623571391,10,39.99,399.9,34768300,92324416,10,642.333031,0.000582
batch,r8937440-n43543,0,39130,1623571401,11,40.14,401.4,34774560,92324416,10,664.443696,0.000582
batch,r8937440-n43543,0,39140,1623571411,11,40.4,404,34782752,92324416,10,657.3896,0.000582
batch,r8937440-n43543,0,39150,1623571421,11,40.1,401,34788896,92324416,10,656.020559,0.000465
batch,r8937440-n43543,0,39160,1623571431,12,40.25,402.5,34797088,92324416,10,662.767482,0.000582
batch,r8937440-n43543,0,39170,1623571441,12,40.15,401.5,34803232,92324416,10,675.652752,0.000582
batch,r8937440-n43543,0,39180,1623571451,12,40.43,404.3,34811424,92324416,10,669.475853,0.000465
batch,r8937440-n43543,0,39190,1623571461,13,40.75,407.5,34817568,92324416,10,668.677217,0.000582
batch,r8937440-n43543,0,39200,1623571471,13,40.61,406.1,34825840,92324416,10,668.232967,0.000582
batch,r8937440-n43543,0,39210,1623571481,13,40.18,401.8,34832132,92324416,10,653.95989,0.000582
batch,r8937440-n43543,0,39220,1623571491,14,40.32,403.2,34844916,92324416,10,655.05745,0.000465
batch,r8937440-n43543,0,39230,1623571501,14,40.13,401.3,34853896,92324416,10,666.072532,0.000582
batch,r8937440-n43543,0,39240,1623571511,14,40.17,401.7,34862088,92324416,10,650.953241,0.000582
batch,r8937440-n43543,0,39250,1623571521,15,39.79,397.9,34868288,92324416,10,666.920613,0.000465
batch,r8937440-n43543,0,39260,1623571531,15,40.34,403.4,34874432,92324416,10,674.327072,0.000582
batch,r8937440-n43543,0,39270,1623571541,15,40.43,404.3,34882904,92324416,10,658.461649,0.000582
batch,r8937440-n43543,0,39280,1623571551,15,40.77,407.7,34889084,92324416,10,647.295198,0.000582
batch,r8937440-n43543,0,39290,1623571561,16,39.91,399.1,34897276,92324416,10,661.519298,0.000465
batch,r8937440-n43543,0,39300,1623571571,16,39.97,399.7,34903420,92324416,10,676.502491,0.000582
batch,r8937440-n43543,0,39310,1623571581,16,40.25,402.5,34911612,92324416,10,667.928799,0.000582
batch,r8937440-n43543,0,39320,1623571591,17,40.05,400.5,34917780,92324416,10,677.867523,0.000465
batch,r8937440-n43543,0,39330,1623571601,17,40.15,401.5,34932436,92324416,10,655.191176,0.000582
batch,r8937440-n43543,0,39340,1623571611,17,40.18,401.8,34938632,92324416,10,665.656358,0.000582
batch,r8937440-n43543,0,39350,1623571621,18,40.31,403.1,34946892,92324416,10,659.766633,0.000582
batch,r8937440-n43543,0,39360,1623571631,18,40.36,403.6,34953128,92324416,10,665.472438,0.000465
batch,r8937440-n43543,0,39370,1623571641,18,40.16,401.6,34959332,92324416,10,677.493674,0.000582
batch,r8937440-n43543,0,39380,1623571651,19,40.11,401.1,34967560,92324416,10,684.70036,0.000582
batch,r8937440-n43543,0,39390,1623571661,19,40.11,401.1,34973704,92324416,10,643.490388,0.000582
batch,r8937440-n43543,0,39400,1623571671,19,40.06,400.6,34981896,92324416,10,649.608631,0.000465
batch,r8937440-n43543,0,39410,1623571681,19,39.85,398.5,34988068,92324416,10,666.39408,0.000582
batch,r8937440-n43543,0,39420,1623571691,20,34.17,341.7,34994244,92324416,10,470.213017,0.000465
batch,r8937440-n43543,0,39430,1623571701,20,43.16,431.6,35002484,92324416,10,772.056962,0.000582
batch,r8937440-n43543,0,39440,1623571711,20,40.16,401.6,35008632,92324416,10,661.013206,0.000582
batch,r8937440-n43543,0,39450,1623571721,21,39.63,396.3,35016824,92324416,10,669.645041,0.000465
batch,r8937440-n43543,0,39460,1623571731,21,40.21,402.1,35022968,92324416,10,650.645385,0.000582
batch,r8937440-n43543,0,39470,1623571741,21,40.53,405.3,35031160,92324672,10,672.744808,0.000582
batch,r8937440-n43543,0,39480,1623571751,22,40.53,405.3,35037304,92324672,10,648.932772,0.000465
batch,r8937440-n43543,0,39490,1623571761,22,40,400,35045496,92324672,10,657.962934,0.000582
batch,r8937440-n43543,0,39500,1623571771,22,40.19,401.9,35051640,92324672,10,668.825677,0.000582
batch,r8937440-n43543,0,39510,1623571781,23,40.35,403.5,35057784,92324672,10,657.46152,0.000582
batch,r8937440-n43543,0,39520,1623571791,23,40.9,409,35065976,92324672,10,657.744161,0.000465
batch,r8937440-n43543,0,39530,1623571801,23,40.79,407.9,35072120,92324672,10,648.442931,0.000582
batch,r8937440-n43543,0,39540,1623571811,23,39.96,399.6,35080448,92324672,10,670.074432,0.000582
batch,r8937440-n43543,0,39550,1623571821,24,40.4,404,35086592,92324672,10,653.100279,0.000465
batch,r8937440-n43543,0,39560,1623571831,24,40.19,401.9,35094924,92324672,10,670.430449,0.000582
batch,r8937440-n43543,0,39570,1623571841,24,40.17,401.7,35101068,92324672,10,662.839477,0.000582
batch,r8937440-n43543,0,39580,1623571851,25,40.2,402,35109260,92324672,10,671.118257,0.000465
batch,r8937440-n43543,0,39590,1623571861,25,40.25,402.5,35115404,92324672,10,664.442792,0.000582
batch,r8937440-n43543,0,39600,1623571871,25,40.27,402.7,35121548,92324672,10,689.162486,0.000582
batch,r8937440-n43543,0,39610,1623571881,26,40.43,404.3,35129740,92324672,10,671.826727,0.000582
batch,r8937440-n43543,0,39620,1623571891,26,40.32,403.2,35135964,92324672,10,668.307842,0.000465
batch,r8937440-n43543,0,39630,1623571901,26,40.39,403.9,35144160,92324672,10,678.600387,0.000582
batch,r8937440-n43543,0,39640,1623571911,27,40.25,402.5,35150304,92324672,10,659.746857,0.000582
batch,r8937440-n43543,0,39650,1623571921,0,40.06,400.6,35158628,92324672,10,673.102557,0.000582
batch,r8937440-n43543,0,39660,1623571931,0,40.3,403,35164796,92324672,10,652.566851,0.000465
batch,r8937440-n43543,0,39670,1623571941,0,40.04,400.4,35172988,92324672,10,652.720392,0.000582
batch,r8937440-n43543,0,39680,1623571951,1,40.37,403.7,35179156,92324672,10,685.682477,0.000582
batch,r8937440-n43543,0,39690,1623571961,1,40.58,405.8,35187348,92324672,10,653.52454,0.000465
batch,r8937440-n43543,0,39700,1623571971,1,40.21,402.1,35193568,92324672,10,660.426734,0.000582
batch,r8937440-n43543,0,39710,1623571981,1,40.28,402.8,35201760,92324672,10,639.02231,0.000582
batch,r8937440-n43543,0,39720,1623571991,2,39.73,397.3,35207904,92324672,10,673.810138,0.000582
batch,r8937440-n43543,0,39730,1623572001,2,40.45,404.5,35214048,92324672,10,655.737031,0.000465
batch,r8937440-n43543,0,39740,1623572011,2,40.67,406.7,35222344,92324672,10,672.488924,0.000582
batch,r8937440-n43543,0,39750,1623572021,3,40.44,404.4,35228488,92324672,10,660.751249,0.000582
batch,r8937440-n43543,0,39760,1623572031,3,40.19,401.9,35236680,92324672,10,666.816743,0.000582
batch,r8937440-n43543,0,39770,1623572041,3,40.57,405.7,35242856,92324672,10,658.14111,0.000465
batch,r8937440-n43543,0,39780,1623572051,4,40.13,401.3,35251048,92324672,10,664.432913,0.000582
batch,r8937440-n43543,0,39790,1623572061,4,40.22,402.2,35257280,92324672,10,664.762127,0.000582
batch,r8937440-n43543,0,39800,1623572071,4,39.88,398.8,35265540,92324672,10,656.92645,0.000465
batch,r8937440-n43543,0,39810,1623572081,5,40.38,403.8,35271684,92324672,10,672.281663,0.000582
batch,r8937440-n43543,0,39820,1623572091,5,40.36,403.6,35279884,92324672,10,675.47652,0.000582
batch,r8937440-n43543,0,39830,1623572101,5,40.08,400.8,35286056,92324672,10,662.327963,0.000582
batch,r8937440-n43543,0,39840,1623572111,6,39.11,391.1,35292200,92324672,10,616.341271,0.000465
batch,r8937440-n43543,0,39850,1623572121,6,41.6,416,35300444,92324672,10,710.586965,0.000582
batch,r8937440-n43543,0,39860,1623572131,6,40.25,402.5,35306632,92324672,10,683.30289,0.000582
batch,r8937440-n43543,0,39870,1623572141,6,40.6,406,35314824,92324672,10,658.035975,0.000465
batch,r8937440-n43543,0,39880,1623572151,7,40.32,403.2,35320968,92324672,10,670.160942,0.000582
batch,r8937440-n43543,0,39890,1623572161,7,40.3,403,35329160,92324672,10,660.549087,0.000582
batch,r8937440-n43543,0,39900,1623572171,7,40.58,405.8,35335304,92324672,10,698.109569,0.000582
batch,r8937440-n43543,0,39910,1623572181,8,40.36,403.6,35343496,92324672,10,657.412759,0.000465
batch,r8937440-n43543,0,39920,1623572191,8,40.33,403.3,35349640,92324672,10,657.254285,0.000582
batch,r8937440-n43543,0,39930,1623572201,8,40.24,402.4,35357832,92324672,10,688.21207,0.000582
batch,r8937440-n43543,0,39940,1623572211,9,40.81,408.1,35363976,92324672,10,653.180591,0.000582
batch,r8937440-n43543,0,39950,1623572221,9,40.64,406.4,35372168,92324672,10,682.00921,0.000465
batch,r8937440-n43543,0,39960,1623572231,9,40.16,401.6,35378312,92324672,10,654.022406,0.000582
batch,r8937440-n43543,0,39970,1623572241,10,40.04,400.4,35384456,92324672,10,686.279598,0.000582
batch,r8937440-n43543,0,39980,1623572251,10,40.59,405.9,35392788,92324672,10,680.810487,0.000465
batch,r8937440-n43543,0,39990,1623572261,10,40.18,401.8,35399052,92324672,10,662.299541,0.000582
batch,r8937440-n43543,0,40000,1623572271,10,40.1,401,35407244,92324672,10,659.903436,0.000582
batch,r8937440-n43543,0,40010,1623572281,11,39.97,399.7,35413388,92324672,10,653.998993,0.000582
batch,r8937440-n43543,0,40020,1623572291,11,40.16,401.6,35421580,92324672,10,669.321352,0.000465
batch,r8937440-n43543,0,40030,1623572301,11,40.34,403.4,35427724,92324672,10,645.206914,0.000582
batch,r8937440-n43543,0,40040,1623572311,12,39.85,398.5,35435916,92324672,10,659.147523,0.000582
batch,r8937440-n43543,0,40050,1623572321,12,40.25,402.5,35442060,92324672,10,671.313317,0.000582
batch,r8937440-n43543,0,40060,1623572331,12,40.14,401.4,35450332,92324672,10,660.03962,0.000465
batch,r8937440-n43543,0,40070,1623572341,13,40.39,403.9,35456480,92324672,10,650.441149,0.000582
batch,r8937440-n43543,0,40080,1623572351,13,39.88,398.8,35462624,92324672,10,654.958248,0.000582
batch,r8937440-n43543,0,40090,1623572361,13,39.96,399.6,35470816,92324672,10,674.097645,0.000465
batch,r8937440-n43543,0,40100,1623572371,14,40.08,400.8,35477092,92324672,10,671.514732,0.000582
batch,r8937440-n43543,0,40110,1623572381,14,40.37,403.7,35485284,92324672,10,648.414398,0.000582
batch,r8937440-n43543,0,40120,1623572391,14,37.58,375.8,35491428,92324672,10,603.608813,0.000465
batch,r8937440-n43543,0,40130,1623572401,14,40.14,401.4,35497668,92324672,10,669.028142,0.000582
batch,r8937440-n43543,0,40140,1623572411,15,40.02,400.2,35505920,92324672,10,670.490676,0.000582
batch,r8937440-n43543,0,40150,1623572421,15,40.55,405.5,35512064,92324672,10,668.629352,0.000465
batch,r8937440-n43543,0,40160,1623572431,15,40.41,404.1,35520256,92324672,10,667.686406,0.000582
batch,r8937440-n43543,0,40170,1623572441,16,40.26,402.6,35526424,92324672,10,653.265801,0.000582
batch,r8937440-n43543,0,40180,1623572451,16,40.23,402.3,35534616,92324672,10,671.280725,0.000582
batch,r8937440-n43543,0,40190,1623572461,16,40.62,406.2,35540844,92324672,10,664.887868,0.000465
batch,r8937440-n43543,0,40200,1623572471,17,40.26,402.6,35549036,92324672,10,659.824689,0.000582
batch,r8937440-n43543,0,40210,1623572481,17,40.03,400.3,35555232,92324672,10,675.549095,0.000582
batch,r8937440-n43543,0,40220,1623572491,17,40.32,403.2,35563424,92324672,10,652.118729,0.000465
batch,r8937440-n43543,0,40230,1623572501,17,40.18,401.8,35569640,92324672,10,682.652159,0.000582
batch,r8937440-n43543,0,40240,1623572511,18,39.92,399.2,35575840,92324672,10,669.598053,0.000582
batch,r8937440-n43543,0,40250,1623572521,18,40.23,402.3,35584032,92324672,10,639.392767,0.000582
batch,r8937440-n43543,0,40260,1623572531,18,38.07,380.7,35590228,92324672,10,618.89568,0.000465
batch,r8937440-n43543,0,40270,1623572541,19,39.79,397.9,35598420,92324672,10,663.293117,0.000582
batch,r8937440-n43543,0,40280,1623572551,19,40.45,404.5,35604564,92324672,10,677.417089,0.000465
batch,r8937440-n43543,0,40290,1623572561,19,39.89,398.9,35610764,92324672,10,665.410443,0.000582
batch,r8937440-n43543,0,40300,1623572571,20,40.23,402.3,35618956,92324672,10,677.545925,0.000582
batch,r8937440-n43543,0,40310,1623572581,20,40.13,401.3,35625144,92324672,10,661.139728,0.000582
batch,r8937440-n43543,0,40320,1623572591,20,40.17,401.7,35633336,92324672,10,681.432863,0.000465
batch,r8937440-n43543,0,40330,1623572601,20,39.72,397.2,35639516,92324672,10,669.073988,0.000582
batch,r8937440-n43543,0,40340,1623572611,21,34.44,344.4,35645660,92324672,10,495.436411,0.000465
batch,r8937440-n43543,0,40350,1623572621,21,39.02,390.2,35651804,92324672,10,675.290473,0.000465
batch,r8937440-n43543,0,40360,1623572631,21,40.6,406,35659996,92324672,10,670.872321,0.000582
batch,r8937440-n43543,0,40370,1623572641,22,40.4,404,35666140,92324672,10,654.917011,0.000582
batch,r8937440-n43543,0,40380,1623572651,22,40.69,406.9,35674332,92324672,10,670.757818,0.000465
batch,r8937440-n43543,0,40390,1623572661,22,40.34,403.4,35680476,92324672,10,672.842187,0.000582
batch,r8937440-n43543,0,40400,1623572671,23,39.69,396.9,35686620,92324672,10,634.308562,0.000582
batch,r8937440-n43543,0,40410,1623572681,23,39.91,399.1,35694812,92324672,10,664.750599,0.000465
batch,r8937440-n43543,0,40420,1623572691,23,40.19,401.9,35700956,92324672,10,670.473,0.000582
batch,r8937440-n43543,0,40430,1623572701,23,40.46,404.6,35709148,92324672,10,648.647933,0.000582
batch,r8937440-n43543,0,40440,1623572711,24,40.31,403.1,35715292,92324672,10,657.116312,0.000582
batch,r8937440-n43543,0,40450,1623572721,24,39.72,397.2,35723484,92324672,10,654.452971,0.000465
batch,r8937440-n43543,0,40460,1623572731,24,40.07,400.7,35729908,92324672,10,674.271586,0.000582
batch,r8937440-n43543,0,40470,1623572741,25,40.28,402.8,35738100,92324672,10,637.199193,0.000582
batch,r8937440-n43543,0,40480,1623572751,25,40.13,401.3,35744244,92324672,10,660.315234,0.000465
batch,r8937440-n43543,0,40490,1623572761,25,39.95,399.5,35752436,92324672,10,677.865873,0.000582
batch,r8937440-n43543,0,40500,1623572771,26,40.43,404.3,35758648,92324672,10,672.329898,0.000582
batch,r8937440-n43543,0,40510,1623572781,26,40.19,401.9,35766844,92324672,10,648.597322,0.000582
batch,r8937440-n43543,0,40520,1623572791,0,40.79,407.9,35772988,92324672,10,669.077842,0.000465
batch,r8937440-n43543,0,40530,1623572801,0,40.04,400.4,35779132,92324672,10,671.414446,0.000582
batch,r8937440-n43543,0,40540,1623572811,0,40,400,35787348,92324672,10,663.309008,0.000582
batch,r8937440-n43543,0,40550,1623572821,0,40.45,404.5,35793604,92324672,10,672.949276,0.000582
batch,r8937440-n43543,0,40560,1623572831,1,40.79,407.9,35801796,92324672,10,644.712588,0.000465
batch,r8937440-n43543,0,40570,1623572841,1,40.44,404.4,35807940,92324672,10,674.30232,0.000582
batch,r8937440-n43543,0,40580,1623572851,1,39.32,393.2,35816132,92324672,10,624.442835,0.000582
batch,r8937440-n43543,0,40590,1623572861,2,41.38,413.8,35822308,92324672,10,699.042488,0.000465
batch,r8937440-n43543,0,40600,1623572871,2,40.15,401.5,35830500,92324672,10,664.348568,0.000582
batch,r8937440-n43543,0,40610,1623572881,2,40.27,402.7,35836644,92324672,10,658.155983,0.000582
batch,r8937440-n43543,0,40620,1623572891,3,40.43,404.3,35844900,92324672,10,652.054846,0.000582
batch,r8937440-n43543,0,40630,1623572901,3,39.97,399.7,35851044,92324672,10,674.282742,0.000465
batch,r8937440-n43543,0,40640,1623572911,3,40.24,402.4,35857188,92324672,10,662.92621,0.000582
batch,r8937440-n43543,0,40650,1623572921,3,40.39,403.9,35865436,92324672,10,639.79034,0.000582
batch,r8937440-n43543,0,40660,1623572931,4,40.55,405.5,35894988,92390208,10,666.067749,0.000465
batch,r8937440-n43543,0,40670,1623572941,4,40.13,401.3,35903236,92390208,10,656.633325,0.000582
batch,r8937440-n43543,0,40680,1623572951,4,40.09,400.9,35909384,92390208,10,645.544288,0.000582
batch,r8937440-n43543,0,40690,1623572961,5,39.97,399.7,35920312,92390208,10,669.236238,0.000582
batch,r8937440-n43543,0,40700,1623572971,5,40.13,401.3,35926492,92390208,10,671.78958,0.000465
batch,r8937440-n43543,0,40710,1623572981,5,40.23,402.3,35934684,92390208,10,656.075167,0.000582
batch,r8937440-n43543,0,40720,1623572991,6,39.99,399.9,35940880,92390208,10,685.374105,0.000582
batch,r8937440-n43543,0,40730,1623573001,6,40.32,403.2,35949084,92390208,10,681.686798,0.000582
batch,r8937440-n43543,0,40740,1623573011,6,40.66,406.6,35955228,92390208,10,674.838953,0.000465
batch,r8937440-n43543,0,40750,1623573021,7,40.19,401.9,35961372,92390208,10,664.940316,0.000582
batch,r8937440-n43543,0,40760,1623573031,7,39.77,397.7,35969588,92390208,10,629.678944,0.000582
batch,r8937440-n43543,0,40770,1623573041,7,40.89,408.9,35975732,92390208,10,678.980801,0.000465
batch,r8937440-n43543,0,40780,1623573051,7,40.11,401.1,35983924,92390208,10,677.895152,0.000582
batch,r8937440-n43543,0,40790,1623573061,8,40.38,403.8,35990068,92390208,10,655.568019,0.000582
batch,r8937440-n43543,0,40800,1623573071,8,40.15,401.5,35998260,92390208,10,669.159225,0.000582
batch,r8937440-n43543,0,40810,1623573081,8,40.15,401.5,36004404,92390208,10,654.529502,0.000465
batch,r8937440-n43543,0,40820,1623573091,9,40.15,401.5,36012596,92390208,10,663.659818,0.000582
batch,r8937440-n43543,0,40830,1623573101,9,40.44,404.4,36018740,92390208,10,667.08522,0.000582
batch,r8937440-n43543,0,40840,1623573111,9,40.68,406.8,36027056,92390208,10,663.862068,0.000465
batch,r8937440-n43543,0,40850,1623573121,10,39.99,399.9,36033200,92390208,10,635.820471,0.000582
batch,r8937440-n43543,0,40860,1623573131,10,40.77,407.7,36039344,92390208,10,666.321757,0.000582
batch,r8937440-n43543,0,40870,1623573141,10,40.6,406,36047536,92390208,10,659.799,0.000582
batch,r8937440-n43543,0,40880,1623573151,10,40.6,406,36053680,92390208,10,659.020634,0.000465
batch,r8937440-n43543,0,40890,1623573161,11,40.24,402.4,36061872,92390208,10,678.707503,0.000582
batch,r8937440-n43543,0,40900,1623573171,11,39.7,397,36068144,92390208,10,658.79042,0.000582
batch,r8937440-n43543,0,40910,1623573181,11,40.24,402.4,36076336,92390208,10,677.850139,0.000582
batch,r8937440-n43543,0,40920,1623573191,12,40.42,404.2,36082480,92390208,10,678.499566,0.000465
batch,r8937440-n43543,0,40930,1623573201,12,40.18,401.8,36090784,92390208,10,651.761004,0.000582
batch,r8937440-n43543,0,40940,1623573211,12,39.81,398.1,36096932,92390208,10,675.104811,0.000582
batch,r8937440-n43543,0,40950,1623573221,13,40.27,402.7,36105124,92390208,10,655.936728,0.000465
batch,r8937440-n43543,0,40960,1623573231,13,40.22,402.2,36111408,92390208,10,675.685905,0.000582
batch,r8937440-n43543,0,40970,1623573241,13,40.44,404.4,36119636,92390208,10,666.151903,0.000582
batch,r8937440-n43543,0,40980,1623573251,13,40.05,400.5,36125884,92390208,10,680.25176,0.000582
batch,r8937440-n43543,0,40990,1623573261,14,40.11,401.1,36132028,92390208,10,663.432786,0.000465
batch,r8937440-n43543,0,41000,1623573271,14,40.42,404.2,36140220,92390208,10,670.142621,0.000582
batch,r8937440-n43543,0,41010,1623573281,14,40.58,405.8,36146436,92390208,10,666.204008,0.000582
batch,r8937440-n43543,0,41020,1623573291,15,40.29,402.9,36154628,92390208,10,665.753055,0.000465
batch,r8937440-n43543,0,41030,1623573301,15,40.08,400.8,36160824,92390208,10,669.627974,0.000582
batch,r8937440-n43543,0,41040,1623573311,15,39.98,399.8,36169016,92390208,10,648.40631,0.000582
batch,r8937440-n43543,0,41050,1623573321,16,40.34,403.4,36175160,92390208,10,684.318226,0.000582
batch,r8937440-n43543,0,41060,1623573331,16,40.16,401.6,36183352,92390208,10,658.804483,0.000465
batch,r8937440-n43543,0,41070,1623573341,16,39.87,398.7,36189496,92390208,10,649.4582,0.000582
batch,r8937440-n43543,0,41080,1623573351,16,38.96,389.6,36195764,92390208,10,613.656034,0.000582
batch,r8937440-n43543,0,41090,1623573361,17,41.99,419.9,36203956,92390208,10,711.900782,0.000582
batch,r8937440-n43543,0,41100,1623573371,17,39.9,399,36212172,92390208,10,666.262222,0.000465
batch,r8937440-n43543,0,41110,1623573381,17,39.87,398.7,36218432,92390208,10,669.332452,0.000582
batch,r8937440-n43543,0,41120,1623573391,18,40.46,404.6,36224576,92390208,10,662.338955,0.000582
batch,r8937440-n43543,0,41130,1623573401,18,40.42,404.2,36232768,92390208,10,648.138607,0.000465
batch,r8937440-n43543,0,41140,1623573411,18,40.17,401.7,36238968,92390208,10,637.696673,0.000582
batch,r8937440-n43543,0,41150,1623573421,19,40.61,406.1,36247160,92390208,10,666.38815,0.000582
batch,r8937440-n43543,0,41160,1623573431,19,40.17,401.7,36253316,92390208,10,664.918294,0.000582
batch,r8937440-n43543,0,41170,1623573441,19,41.08,410.8,36261520,92390208,10,655.25355,0.000465
batch,r8937440-n43543,0,41180,1623573451,19,40.39,403.9,36268980,92390208,10,685.51104,0.000582
batch,r8937440-n43543,0,41190,1623573461,20,40.27,402.7,36277172,92390208,10,678.01727,0.000582
batch,r8937440-n43543,0,41200,1623573471,20,40.55,405.5,36283316,92390208,10,673.903075,0.000582
batch,r8937440-n43543,0,41210,1623573481,20,40.59,405.9,36291508,92390208,10,660.613669,0.000465
batch,r8937440-n43543,0,41220,1623573491,21,40.06,400.6,36297652,92390208,10,664.055424,0.000582
batch,r8937440-n43543,0,41230,1623573501,21,40.03,400.3,36303796,92390208,10,652.141191,0.000582
batch,r8937440-n43543,0,41240,1623573511,21,40.29,402.9,36311988,92390208,10,660.033413,0.000465
batch,r8937440-n43543,0,41250,1623573521,21,40.55,405.5,36318132,92390208,10,667.926678,0.000582
batch,r8937440-n43543,0,41260,1623573531,22,40.76,407.6,36326324,92390208,10,656.976843,0.000582
batch,r8937440-n43543,0,41270,1623573541,22,40.39,403.9,36332468,92390208,10,662.891726,0.000582
batch,r8937440-n43543,0,41280,1623573551,22,39.9,399,36340788,92390208,10,651.035296,0.000465
batch,r8937440-n43543,0,41290,1623573561,23,40.31,403.1,36346932,92390208,10,677.710133,0.000582
batch,r8937440-n43543,0,41300,1623573571,23,40.14,401.4,36355124,92390208,10,630.370312,0.000582
batch,r8937440-n43543,0,41310,1623573581,23,40.08,400.8,36361268,92390208,10,677.439775,0.000465
batch,r8937440-n43543,0,41320,1623573591,24,40.15,401.5,36369620,92390208,10,663.76212,0.000582
batch,r8937440-n43543,0,41330,1623573601,24,40.76,407.6,36375764,92390208,10,660.204956,0.000582
batch,r8937440-n43543,0,41340,1623573611,24,40.47,404.7,36381908,92390208,10,675.683424,0.000582
batch,r8937440-n43543,0,41350,1623573621,24,40.21,402.1,36390100,92390208,10,649.913883,0.000465
batch,r8937440-n43543,0,41360,1623573631,25,40.16,401.6,36370140,92324672,10,700.880241,0.000582
batch,r8937440-n43543,0,41370,1623573641,25,40.35,403.5,36378384,92324672,10,676.285029,0.000582
batch,r8937440-n43543,0,41380,1623573651,25,40.73,407.3,36384528,92324672,10,649.937335,0.000582
batch,r8937440-n43543,0,41390,1623573661,0,40.04,400.4,36392720,92324672,10,671.986842,0.000465
batch,r8937440-n43543,0,41400,1623573671,0,40.26,402.6,36398924,92324672,10,669.795359,0.000582
batch,r8937440-n43543,0,41410,1623573681,0,40.13,401.3,36407260,92324672,10,670.359859,0.000582
batch,r8937440-n43543,0,41420,1623573691,0,40.03,400.3,36413404,92324672,10,654.164599,0.000465
batch,r8937440-n43543,0,41430,1623573701,1,40.29,402.9,36421596,92324672,10,667.854372,0.000582
batch,r8937440-n43543,0,41440,1623573711,1,39.98,399.8,36427772,92324672,10,650.343115,0.000582
batch,r8937440-n43543,0,41450,1623573721,1,40.23,402.3,36435964,92324672,10,669.009326,0.000582
batch,r8937440-n43543,0,41460,1623573731,2,40.15,401.5,36442164,92324672,10,644.220539,0.000465
batch,r8937440-n43543,0,41470,1623573741,2,40.8,408,36448308,92324672,10,691.024991,0.000582
batch,r8937440-n43543,0,41480,1623573751,2,40.59,405.9,36456704,92324672,10,645.941248,0.000582
batch,r8937440-n43543,0,41490,1623573761,3,40.82,408.2,36462904,92324672,10,677.591246,0.000582
batch,r8937440-n43543,0,41500,1623573771,3,40.22,402.2,36471096,92324672,10,663.850918,0.000465
batch,r8937440-n43543,0,41510,1623573781,3,40.4,404,36477292,92324672,10,673.508758,0.000582
batch,r8937440-n43543,0,41520,1623573791,3,40.28,402.8,36485484,92324672,10,641.460387,0.000582
batch,r8937440-n43543,0,41530,1623573801,4,40.36,403.6,36491664,92324672,10,661.267012,0.000465
batch,r8937440-n43543,0,41540,1623573811,4,40.35,403.5,36499944,92324672,10,658.214428,0.000582
batch,r8937440-n43543,0,41550,1623573821,4,40.17,401.7,36506116,92324672,10,682.726551,0.000582
batch,r8937440-n43543,0,41560,1623573831,5,40.18,401.8,36514348,92324672,10,671.913058,0.000582
batch,r8937440-n43543,0,41570,1623573841,5,39.85,398.5,36520492,92324672,10,651.125944,0.000465
batch,r8937440-n43543,0,41580,1623573851,5,40.12,401.2,36526692,92324672,10,665.563487,0.000582
batch,r8937440-n43543,0,41590,1623573861,5,39.85,398.5,36534900,92324672,10,662.604878,0.000582
batch,r8937440-n43543,0,41600,1623573871,6,35.79,357.9,36541056,92324672,10,537.246705,0.000465
batch,r8937440-n43543,0,41610,1623573881,6,41.71,417.1,36547200,92324672,10,713.232588,0.000582
batch,r8937440-n43543,0,41620,1623573891,6,40.04,400.4,36555392,92324672,10,676.91346,0.000465
batch,r8937440-n43543,0,41630,1623573901,7,40.49,404.9,36561536,92324672,10,656.858375,0.000582
batch,r8937440-n43543,0,41640,1623573911,7,39.82,398.2,36569728,92324672,10,669.669757,0.000582
batch,r8937440-n43543,0,41650,1623573921,7,40.03,400.3,36575872,92324672,10,647.964229,0.000582
batch,r8937440-n43543,0,41660,1623573931,8,40.26,402.6,36584064,92324672,10,693.618366,0.000465
batch,r8937440-n43543,0,41670,1623573941,8,40.04,400.4,36590208,92324672,10,659.19383,0.000582
batch,r8937440-n43543,0,41680,1623573951,8,40.1,401,36598488,92324672,10,659.973361,0.000582
batch,r8937440-n43543,0,41690,1623573961,8,40.56,405.6,36604632,92324672,10,655.5667,0.000465
batch,r8937440-n43543,0,41700,1623573971,9,40.14,401.4,36612824,92324672,10,672.660918,0.000582
batch,r8937440-n43543,0,41710,1623573981,9,40.47,404.7,36618968,92324672,10,655.229884,0.000582
batch,r8937440-n43543,0,41720,1623573991,9,40.29,402.9,36625260,92324672,10,676.9605,0.000582
batch,r8937440-n43543,0,41730,1623574001,10,40.76,407.6,36633452,92324672,10,674.238308,0.000465
batch,r8937440-n43543,0,41740,1623574011,10,40.32,403.2,36639596,92324672,10,671.119534,0.000582
batch,r8937440-n43543,0,41750,1623574021,10,40.44,404.4,36647788,92324928,10,650.447231,0.000582
batch,r8937440-n43543,0,41760,1623574031,10,40.26,402.6,36653932,92324928,10,656.094916,0.000465
batch,r8937440-n43543,0,41770,1623574041,11,40.24,402.4,36662124,92324928,10,653.876575,0.000582
batch,r8937440-n43543,0,41780,1623574051,11,40.46,404.6,36668268,92324928,10,701.265748,0.000582
batch,r8937440-n43543,0,41790,1623574061,11,40.14,401.4,36676600,92324928,10,652.489056,0.000582
batch,r8937440-n43543,0,41800,1623574071,12,40.27,402.7,36682744,92324928,10,668.885809,0.000465
batch,r8937440-n43543,0,41810,1623574081,12,40.16,401.6,36690936,92324928,10,662.577826,0.000582
batch,r8937440-n43543,0,41820,1623574091,12,40.16,401.6,36697116,92324928,10,676.491818,0.000582
batch,r8937440-n43543,0,41830,1623574101,13,40.04,400.4,36703400,92324928,10,676.998763,0.000582
batch,r8937440-n43543,0,41840,1623574111,13,40.5,405,36711604,92324928,10,658.419237,0.000465
batch,r8937440-n43543,0,41850,1623574121,13,40.47,404.7,36717748,92324928,10,658.727362,0.000582
batch,r8937440-n43543,0,41860,1623574131,13,40.17,401.7,36725940,92324928,10,652.771111,0.000582
batch,r8937440-n43543,0,41870,1623574141,14,40.37,403.7,36732084,92324928,10,664.775445,0.000465
batch,r8937440-n43543,0,41880,1623574151,14,40.08,400.8,36740276,92324928,10,680.701063,0.000582
batch,r8937440-n43543,0,41890,1623574161,14,40.32,403.2,36746468,92324928,10,665.146852,0.000582
batch,r8937440-n43543,0,41900,1623574171,15,39.9,399,36754660,92324928,10,640.48025,0.000582
batch,r8937440-n43543,0,41910,1623574181,15,40.18,401.8,36760804,92324928,10,645.108238,0.000465
batch,r8937440-n43543,0,41920,1623574191,15,39.99,399.9,36768996,92324928,10,658.331053,0.000582
batch,r8937440-n43543,0,41930,1623574201,15,40.43,404.3,36775284,92324928,10,657.959645,0.000582
batch,r8937440-n43543,0,41940,1623574211,16,40.27,402.7,36783476,92324928,10,660.032696,0.000582
batch,r8937440-n43543,0,41950,1623574221,16,40.75,407.5,36789656,92324928,10,669.598436,0.000465
batch,r8937440-n43543,0,41960,1623574231,16,40.26,402.6,36795832,92324928,10,672.113639,0.000582
batch,r8937440-n43543,0,41970,1623574241,17,40.19,401.9,36804068,92324928,10,635.03001,0.000582
batch,r8937440-n43543,0,41980,1623574251,17,40.38,403.8,36810228,92324928,10,663.225863,0.000465
batch,r8937440-n43543,0,41990,1623574261,17,40.53,405.3,36818420,92324928,10,677.228454,0.000582
batch,r8937440-n43543,0,42000,1623574271,18,40.83,408.3,36824608,92324928,10,675.699322,0.000582
batch,r8937440-n43543,0,42010,1623574281,18,40.3,403,36832800,92324928,10,670.950279,0.000582
batch,r8937440-n43543,0,42020,1623574291,18,40.38,403.8,36838996,92324928,10,674.421189,0.000465
batch,r8937440-n43543,0,42030,1623574301,18,40.32,403.2,36847188,92324928,10,658.21925,0.000582
batch,r8937440-n43543,0,42040,1623574311,19,40.44,404.4,36853368,92324928,10,655.96806,0.000582
batch,r8937440-n43543,0,42050,1623574321,19,40.35,403.5,36861560,92324928,10,663.791761,0.000465
batch,r8937440-n43543,0,42060,1623574331,19,40.06,400.6,36867704,92324928,10,654.670753,0.000582
batch,r8937440-n43543,0,42070,1623574341,20,39.84,398.4,36873848,92324928,10,662.530212,0.000582
batch,r8937440-n43543,0,42080,1623574351,20,40.05,400.5,36882040,92324928,10,659.55086,0.000582
batch,r8937440-n43543,0,42090,1623574361,20,40.24,402.4,36888184,92324928,10,659.512356,0.000465
batch,r8937440-n43543,0,42100,1623574371,20,40.23,402.3,36896376,92324928,10,680.110824,0.000582
batch,r8937440-n43543,0,42110,1623574381,21,40.3,403,36902628,92324928,10,658.486544,0.000582
batch,r8937440-n43543,0,42120,1623574391,21,40.03,400.3,36910820,92324928,10,652.931042,0.000582
batch,r8937440-n43543,0,42130,1623574401,21,40.34,403.4,36916964,92324928,10,656.184681,0.000465
batch,r8937440-n43543,0,42140,1623574411,22,40.12,401.2,36925156,92324928,10,651.468588,0.000582
batch,r8937440-n43543,0,42150,1623574421,22,39.69,396.9,36931300,92324928,10,654.779469,0.000582
batch,r8937440-n43543,0,42160,1623574431,22,39.93,399.3,36939492,92324928,10,660.3029,0.000465
batch,r8937440-n43543,0,42170,1623574441,22,40.2,402,36945636,92324928,10,677.894143,0.000582
batch,r8937440-n43543,0,42180,1623574451,23,40.24,402.4,36953848,92324928,10,672.782528,0.000582
batch,r8937440-n43543,0,42190,1623574461,23,40.47,404.7,36960140,92324928,10,675.379221,0.000582
batch,r8937440-n43543,0,42200,1623574471,23,39.75,397.5,36966284,92324928,10,646.515409,0.000465
batch,r8937440-n43543,0,42210,1623574481,24,38.4,384,36974520,92324928,10,608.352024,0.000582
batch,r8937440-n43543,0,42220,1623574491,24,40.24,402.4,36980816,92324928,10,668.054659,0.000465
batch,r8937440-n43543,0,42230,1623574501,24,40.22,402.2,36989032,92324928,10,673.775451,0.000582
batch,r8937440-n43543,0,42240,1623574511,24,40.34,403.4,36995176,92324928,10,660.474467,0.000582
batch,r8937440-n43543,0,42250,1623574521,25,40.13,401.3,37001320,92324928,10,654.41786,0.000582
batch,r8937440-n43543,0,42260,1623574531,25,40.51,405.1,37009512,92324928,10,658.934624,0.000465
batch,r8937440-n43543,0,42270,1623574541,0,39.94,399.4,37015680,92324928,10,641.589589,0.000582
batch,r8937440-n43543,0,42280,1623574551,0,40.19,401.9,37023872,92324928,10,657.82089,0.000582
batch,r8937440-n43543,0,42290,1623574561,0,40.19,401.9,37030080,92324928,10,678.103599,0.000582
batch,r8937440-n43543,0,42300,1623574571,1,40.25,402.5,37038272,92324928,10,646.369571,0.000465
batch,r8937440-n43543,0,42310,1623574581,1,39.93,399.3,37044416,92324928,10,672.99621,0.000582
batch,r8937440-n43543,0,42320,1623574591,1,39.71,397.1,37052676,92324928,10,662.322776,0.000582
batch,r8937440-n43543,0,42330,1623574601,2,38.15,381.5,37058888,92324928,10,623.741619,0.000465
batch,r8937440-n43543,0,42340,1623574611,2,40.16,401.6,37065032,92324928,10,668.547427,0.000582
batch,r8937440-n43543,0,42350,1623574621,2,39.99,399.9,37073288,92324928,10,660.733655,0.000465
batch,r8937440-n43543,0,42360,1623574631,2,40.32,403.2,37079452,92324928,10,666.344202,0.000582
batch,r8937440-n43543,0,42370,1623574641,3,40.25,402.5,37087648,92324928,10,674.996096,0.000582
batch,r8937440-n43543,0,42380,1623574651,3,40.54,405.4,37093820,92324928,10,645.569426,0.000582
batch,r8937440-n43543,0,42390,1623574661,3,40.29,402.9,37102024,92324928,10,654.965326,0.000465
batch,r8937440-n43543,0,42400,1623574671,4,40.5,405,37108168,92324928,10,663.340341,0.000582
batch,r8937440-n43543,0,42410,1623574681,4,40.18,401.8,37116360,92324928,10,662.326241,0.000582
batch,r8937440-n43543,0,42420,1623574691,4,39.97,399.7,37122568,92324928,10,648.635324,0.000582
batch,r8937440-n43543,0,42430,1623574701,4,39.99,399.9,37128712,92324928,10,685.470726,0.000465
batch,r8937440-n43543,0,42440,1623574711,5,40,400,37136904,92324928,10,655.011809,0.000582
batch,r8937440-n43543,0,42450,1623574721,5,40.18,401.8,37143048,92324928,10,645.839576,0.000582
batch,r8937440-n43543,0,42460,1623574731,5,40.62,406.2,37151240,92324928,10,675.520555,0.000465
batch,r8937440-n43543,0,42470,1623574741,6,40.3,403,37157384,92324928,10,665.566378,0.000582
batch,r8937440-n43543,0,42480,1623574751,6,40.3,403,37165576,92324928,10,669.764823,0.000582
batch,r8937440-n43543,0,42490,1623574761,6,40.76,407.6,37171720,92324928,10,652.251223,0.000465
batch,r8937440-n43543,0,42500,1623574771,6,40.22,402.2,37180044,92324928,10,640.971928,0.000582
batch,r8937440-n43543,0,42510,1623574781,7,40.45,404.5,37186188,92324928,10,690.793771,0.000582
batch,r8937440-n43543,0,42520,1623574791,7,40.24,402.4,37192332,92324928,10,658.574036,0.000582
batch,r8937440-n43543,0,42530,1623574801,7,40,400,37200524,92324928,10,666.343767,0.000465
batch,r8937440-n43543,0,42540,1623574811,8,40.44,404.4,37206796,92324928,10,696.183275,0.000582
batch,r8937440-n43543,0,42550,1623574821,8,40.42,404.2,37214988,92324928,10,644.565537,0.000582
batch,r8937440-n43543,0,42560,1623574831,8,40.03,400.3,37221132,92324928,10,666.108597,0.000582
batch,r8937440-n43543,0,42570,1623574841,8,37.4,374,37227276,92324928,10,619.787225,0.000465
batch,r8937440-n43543,0,42580,1623574851,9,42.72,427.2,37235516,92324928,10,709.448086,0.000582
batch,r8937440-n43543,0,42590,1623574861,9,40.38,403.8,37243708,92324928,10,678.660792,0.000582
batch,r8937440-n43543,0,42600,1623574871,9,40.6,406,37249852,92324928,10,663.176392,0.000465
batch,r8937440-n43543,0,42610,1623574881,10,40.27,402.7,37258044,92324928,10,668.154312,0.000582
batch,r8937440-n43543,0,42620,1623574891,10,40.37,403.7,37264336,92324928,10,666.371558,0.000582
batch,r8937440-n43543,0,42630,1623574901,10,39.9,399,37272528,92324928,10,660.415236,0.000582
batch,r8937440-n43543,0,42640,1623574911,11,40.17,401.7,37278672,92324928,10,682.00935,0.000465
batch,r8937440-n43543,0,42650,1623574921,11,40.43,404.3,37284816,92324928,10,640.77902,0.000582
batch,r8937440-n43543,0,42660,1623574931,11,40.2,402,37293068,92324928,10,675.907896,0.000582
batch,r8937440-n43543,0,42670,1623574941,11,40.23,402.3,37299212,92324928,10,658.160092,0.000465
batch,r8937440-n43543,0,42680,1623574951,12,40.2,402,37307476,92324928,10,671.078968,0.000582
batch,r8937440-n43543,0,42690,1623574961,12,40.11,401.1,37313620,92324928,10,665.351936,0.000582
batch,r8937440-n43543,0,42700,1623574971,12,40.56,405.6,37321856,92324928,10,640.162102,0.000582
batch,r8937440-n43543,0,42710,1623574981,13,40.23,402.3,37328020,92324928,10,654.177511,0.000465
batch,r8937440-n43543,0,42720,1623574991,13,40.22,402.2,37336212,92324928,10,656.874486,0.000582
batch,r8937440-n43543,0,42730,1623575001,13,40.15,401.5,37342408,92324928,10,667.241097,0.000582
batch,r8937440-n43543,0,42740,1623575011,13,40.42,404.2,37348652,92324928,10,682.075728,0.000465
batch,r8937440-n43543,0,42750,1623575021,14,40.3,403,37356872,92324928,10,654.1644,0.000582
batch,r8937440-n43543,0,42760,1623575031,14,40.1,401,37363028,92324928,10,664.060357,0.000582
batch,r8937440-n43543,0,42770,1623575041,14,39.72,397.2,37371220,92324928,10,650.661089,0.000582
batch,r8937440-n43543,0,42780,1623575051,15,40.26,402.6,37408196,92456000,10,674.767547,0.000465
batch,r8937440-n43543,0,42790,1623575061,15,40.35,403.5,37435948,92456000,10,653.492323,0.000582
batch,r8937440-n43543,0,42795,1623575066,15,0,0,37435948,92456000,10,0,0
